trade_id,pair,setup_id,timestamp_entry,timestamp_exit,starting_balance,risk_amount,lot_size,entry_price,sl_price,tp_price,exit_price,outcome,commission,gross_pnl,net_pnl,ending_balance,reconciled
TR-GBPUSD-2024-01-02T093000-0001,GBPUSD,5,2024-01-02 09:30:00,2024-01-02 11:40:00,200.0,2.0,0.02,1.2737,1.27256,1.27565,1.27367,BREAKEVEN,0.07,-0.06,-0.13,199.87,True
TR-GBPUSD-2024-01-03T032000-0002,GBPUSD,5,2024-01-03 03:20:00,2024-01-03 05:40:00,199.87,2.0,0.04,1.26284,1.26346,1.26175,1.26351,LOSS,0.14,-2.68,-2.82,197.05,True
TR-GBPUSD-2024-01-03T092000-0003,GBPUSD,2,2024-01-03 09:20:00,2024-01-03 10:20:00,197.05,1.97,0.01,1.26331,1.26486,1.26037,1.26491,LOSS,0.04,-1.6,-1.63,195.42,True
TR-GBPUSD-2024-01-04T105000-0004,GBPUSD,5,2024-01-04 10:50:00,2024-01-04 11:50:00,195.42,1.95,0.02,1.26942,1.26815,1.27157,1.27157,WIN,0.07,4.3,4.23,199.65,True
TR-GBPUSD-2024-01-05T101000-0005,GBPUSD,2,2024-01-05 10:10:00,2024-01-05 11:00:00,199.65,2.0,0.02,1.26806,1.26712,1.26961,1.26707,LOSS,0.07,-1.98,-2.05,197.6,True
TR-GBPUSD-2024-01-05T153000-0006,GBPUSD,5,2024-01-05 15:30:00,2024-01-05 16:20:00,197.6,1.98,0.01,1.26396,1.26733,1.25737,1.26738,LOSS,0.04,-3.42,-3.46,194.14,True
TR-GBPUSD-2024-01-08T023000-0007,GBPUSD,2,2024-01-08 02:30:00,2024-01-08 03:20:00,194.14,1.94,0.03,1.27172,1.27095,1.27278,1.27278,WIN,0.1,3.18,3.07,197.22,True
TR-GBPUSD-2024-01-08T090000-0008,GBPUSD,5,2024-01-08 09:00:00,2024-01-08 09:20:00,197.22,1.97,0.03,1.27117,1.27042,1.27222,1.27114,BREAKEVEN,0.1,-0.09,-0.2,197.02,True
TR-GBPUSD-2024-01-08T153000-0009,GBPUSD,5,2024-01-08 15:30:00,2024-01-08 16:40:00,197.02,1.97,0.03,1.27094,1.27002,1.27232,1.27232,WIN,0.1,4.14,4.04,201.06,True
TR-GBPUSD-2024-01-09T154000-0010,GBPUSD,5,2024-01-09 15:40:00,2024-01-09 17:50:00,201.06,2.01,0.02,1.27258,1.2736,1.27068,1.27068,WIN,0.07,3.8,3.73,204.79,True
TR-GBPUSD-2024-01-10T043000-0011,GBPUSD,5,2024-01-10 04:30:00,2024-01-10 08:50:00,204.79,2.05,0.03,1.27072,1.2715,1.26931,1.26931,WIN,0.1,4.23,4.13,208.91,True
TR-GBPUSD-2024-01-10T100000-0012,GBPUSD,1,2024-01-10 10:00:00,2024-01-10 10:10:00,208.91,2.09,0.03,1.26997,1.27068,1.2687,1.27073,LOSS,0.1,-2.28,-2.39,206.53,True
TR-GBPUSD-2024-01-10T153000-0013,GBPUSD,2,2024-01-10 15:30:00,2024-01-10 16:40:00,206.53,2.07,0.02,1.27284,1.27167,1.27473,1.27162,LOSS,0.07,-2.44,-2.51,204.02,True
TR-GBPUSD-2024-01-11T022000-0014,GBPUSD,5,2024-01-11 02:20:00,2024-01-11 03:20:00,204.02,2.04,0.04,1.27473,1.27405,1.27561,1.27561,WIN,0.14,3.52,3.38,207.4,True
TR-GBPUSD-2024-01-12T034000-0015,GBPUSD,5,2024-01-12 03:40:00,2024-01-12 09:10:00,207.4,2.07,0.02,1.2776,1.27642,1.27955,1.27637,LOSS,0.07,-2.47,-2.54,204.86,True
TR-GBPUSD-2024-01-12T102000-0016,GBPUSD,2,2024-01-12 10:20:00,2024-01-12 12:20:00,204.86,2.05,0.02,1.27638,1.27495,1.27882,1.2749,LOSS,0.07,-2.96,-3.03,201.83,True
TR-GBPUSD-2024-01-15T021000-0017,GBPUSD,2,2024-01-15 02:10:00,2024-01-15 04:00:00,201.83,2.02,0.02,1.27331,1.27417,1.27174,1.27422,LOSS,0.07,-1.82,-1.89,199.94,True
TR-GBPUSD-2024-01-15T101000-0018,GBPUSD,2,2024-01-15 10:10:00,2024-01-15 11:00:00,199.94,2.0,0.02,1.27514,1.27389,1.27722,1.27384,LOSS,0.07,-2.6,-2.67,197.27,True
TR-GBPUSD-2024-01-15T150000-0019,GBPUSD,5,2024-01-15 15:00:00,2024-01-15 15:50:00,197.27,1.97,0.02,1.27244,1.27337,1.27075,1.27248,BREAKEVEN,0.07,-0.06,-0.13,197.14,True
TR-GBPUSD-2024-01-16T090000-0020,GBPUSD,5,2024-01-16 09:00:00,2024-01-16 11:50:00,197.14,1.97,0.01,1.26715,1.26871,1.26418,1.26418,WIN,0.04,2.97,2.94,200.07,False
TR-GBPUSD-2024-01-17T022000-0021,GBPUSD,2,2024-01-17 02:20:00,2024-01-17 03:20:00,200.07,2.0,0.03,1.26357,1.26428,1.2623,1.26433,LOSS,0.1,-2.28,-2.39,197.69,True
TR-GBPUSD-2024-01-18T030000-0022,GBPUSD,2,2024-01-18 03:00:00,2024-01-18 12:00:00,197.69,1.98,0.02,1.26799,1.26674,1.27008,1.26796,BREAKEVEN,0.07,-0.06,-0.13,197.56,True
TR-GBPUSD-2024-01-19T020000-0023,GBPUSD,2,2024-01-19 02:00:00,2024-01-19 07:50:00,197.56,1.98,0.03,1.27087,1.27009,1.27197,1.27004,LOSS,0.1,-2.48,-2.58,194.98,True
TR-GBPUSD-2024-01-19T155000-0024,GBPUSD,2,2024-01-19 15:50:00,2024-01-19 17:00:00,194.98,1.95,0.02,1.26777,1.26893,1.2656,1.2678,BREAKEVEN,0.07,-0.06,-0.13,194.85,True
TR-GBPUSD-2024-01-22T030000-0025,GBPUSD,2,2024-01-22 03:00:00,2024-01-22 09:30:00,194.85,1.95,0.02,1.27074,1.26938,1.27294,1.2707,BREAKEVEN,0.07,-0.06,-0.13,194.72,True
TR-GBPUSD-2024-01-23T030000-0026,GBPUSD,2,2024-01-23 03:00:00,2024-01-23 04:20:00,194.72,1.95,0.03,1.27121,1.27044,1.27242,1.27242,WIN,0.1,3.63,3.53,198.24,True
TR-GBPUSD-2024-01-24T101000-0027,GBPUSD,5,2024-01-24 10:10:00,2024-01-24 11:30:00,198.24,1.98,0.02,1.27103,1.26999,1.27272,1.27272,WIN,0.07,3.38,3.31,201.55,True
TR-GBPUSD-2024-01-24T155000-0028,GBPUSD,2,2024-01-24 15:50:00,2024-01-24 16:00:00,201.55,2.02,0.04,1.27544,1.2748,1.27627,1.27627,WIN,0.14,3.32,3.18,204.73,True
TR-GBPUSD-2024-01-25T155000-0029,GBPUSD,6,2024-01-25 15:50:00,2024-01-25 16:50:00,204.73,2.05,0.01,1.27108,1.26938,1.27402,1.27104,BREAKEVEN,0.04,-0.03,-0.07,204.67,True
TR-GBPUSD-2024-01-26T030000-0030,GBPUSD,5,2024-01-26 03:00:00,2024-01-26 03:40:00,204.67,2.05,0.03,1.27034,1.27103,1.2691,1.27108,LOSS,0.1,-2.24,-2.34,202.33,True
TR-GBPUSD-2024-01-26T095000-0031,GBPUSD,5,2024-01-26 09:50:00,2024-01-26 10:20:00,202.33,2.02,0.02,1.26809,1.26905,1.26632,1.2691,LOSS,0.07,-2.02,-2.09,200.24,True
TR-GBPUSD-2024-01-26T151000-0032,GBPUSD,2,2024-01-26 15:10:00,2024-01-26 15:20:00,200.24,2.0,0.05,1.27298,1.27244,1.27366,1.27366,WIN,0.18,3.4,3.22,203.46,True
TR-GBPUSD-2024-01-26T154000-0033,GBPUSD,2,2024-01-26 15:40:00,2024-01-26 15:50:00,203.46,2.03,0.04,1.27381,1.27311,1.27474,1.27474,WIN,0.14,3.76,3.62,207.08,True
TR-GBPUSD-2024-01-29T035000-0034,GBPUSD,2,2024-01-29 03:50:00,2024-01-29 08:20:00,207.08,2.07,0.03,1.27008,1.27077,1.26885,1.27082,LOSS,0.1,-2.22,-2.33,204.76,True
TR-GBPUSD-2024-01-29T150000-0035,GBPUSD,2,2024-01-29 15:00:00,2024-01-29 16:50:00,204.76,2.05,0.02,1.27021,1.2714,1.26798,1.26798,WIN,0.07,4.46,4.39,209.15,True
TR-GBPUSD-2024-01-30T025000-0036,GBPUSD,2,2024-01-30 02:50:00,2024-01-30 03:20:00,209.15,2.09,0.03,1.27184,1.27093,1.27317,1.27088,LOSS,0.1,-2.87,-2.97,206.18,True
TR-GBPUSD-2024-01-31T025000-0037,GBPUSD,2,2024-01-31 02:50:00,2024-01-31 08:50:00,206.18,2.06,0.02,1.26928,1.27032,1.26735,1.26735,WIN,0.07,3.86,3.79,209.97,True
TR-GBPUSD-2024-02-01T030000-0038,GBPUSD,5,2024-02-01 03:00:00,2024-02-01 04:10:00,209.97,2.1,0.03,1.26808,1.26885,1.26669,1.2689,LOSS,0.1,-2.46,-2.57,207.4,True
TR-GBPUSD-2024-02-01T090000-0039,GBPUSD,5,2024-02-01 09:00:00,2024-02-01 09:30:00,207.4,2.07,0.02,1.26655,1.26756,1.26468,1.26468,WIN,0.07,3.74,3.67,211.07,True
TR-GBPUSD-2024-02-02T100000-0040,GBPUSD,2,2024-02-02 10:00:00,2024-02-02 10:10:00,211.07,2.11,0.04,1.27454,1.27394,1.27541,1.27541,WIN,0.14,3.48,3.34,214.41,True
TR-GBPUSD-2024-02-02T102000-0041,GBPUSD,2,2024-02-02 10:20:00,2024-02-02 11:00:00,214.41,2.14,0.02,1.27597,1.27465,1.27821,1.2746,LOSS,0.07,-2.73,-2.8,211.61,True
TR-GBPUSD-2024-02-02T151000-0042,GBPUSD,2,2024-02-02 15:10:00,2024-02-02 15:30:00,211.61,2.12,0.02,1.27602,1.27486,1.27791,1.27481,LOSS,0.07,-2.41,-2.48,209.13,True
TR-GBPUSD-2024-02-05T045000-0043,GBPUSD,5,2024-02-05 04:50:00,2024-02-05 07:20:00,209.13,2.09,0.03,1.26038,1.26123,1.25882,1.26128,LOSS,0.1,-2.72,-2.82,206.31,True
TR-GBPUSD-2024-02-05T085000-0044,GBPUSD,5,2024-02-05 08:50:00,2024-02-05 09:40:00,206.31,2.06,0.04,1.26127,1.26191,1.26015,1.26196,LOSS,0.14,-2.74,-2.88,203.43,True
TR-GBPUSD-2024-02-05T102000-0045,GBPUSD,5,2024-02-05 10:20:00,2024-02-05 12:20:00,203.43,2.03,0.01,1.26166,1.26315,1.25885,1.25885,WIN,0.04,2.82,2.78,206.22,True
TR-GBPUSD-2024-02-07T031000-0046,GBPUSD,2,2024-02-07 03:10:00,2024-02-07 09:20:00,206.22,2.06,0.03,1.26039,1.25942,1.26186,1.26186,WIN,0.1,4.44,4.33,210.55,True
TR-GBPUSD-2024-02-07T150000-0047,GBPUSD,2,2024-02-07 15:00:00,2024-02-07 17:00:00,210.55,2.11,0.02,1.263,1.26204,1.2646,1.26296,BREAKEVEN,0.07,-0.06,-0.13,210.42,True
TR-GBPUSD-2024-02-08T030000-0048,GBPUSD,2,2024-02-08 03:00:00,2024-02-08 09:50:00,210.42,2.1,0.05,1.26325,1.26267,1.26392,1.26262,LOSS,0.18,-3.13,-3.3,207.12,True
TR-GBPUSD-2024-02-08T153000-0049,GBPUSD,5,2024-02-08 15:30:00,2024-02-08 15:50:00,207.12,2.07,0.02,1.25953,1.26042,1.2579,1.2579,WIN,0.07,3.26,3.19,210.31,True
TR-GBPUSD-2024-02-09T100000-0050,GBPUSD,2,2024-02-09 10:00:00,2024-02-09 10:50:00,210.31,2.1,0.02,1.26316,1.26201,1.26505,1.26196,LOSS,0.07,-2.41,-2.48,207.83,True
TR-GBPUSD-2024-02-12T094000-0051,GBPUSD,2,2024-02-12 09:40:00,2024-02-12 10:00:00,207.83,2.08,0.04,1.26358,1.26285,1.26458,1.26458,WIN,0.14,4.0,3.86,211.69,True
TR-GBPUSD-2024-02-12T152000-0052,GBPUSD,2,2024-02-12 15:20:00,2024-02-12 16:40:00,211.69,2.12,0.03,1.26122,1.26203,1.25974,1.26208,LOSS,0.1,-2.6,-2.7,208.99,True
TR-GBPUSD-2024-02-13T040000-0053,GBPUSD,5,2024-02-13 04:00:00,2024-02-13 08:40:00,208.99,2.09,0.03,1.26211,1.26278,1.26093,1.26214,BREAKEVEN,0.1,-0.09,-0.2,208.8,False
TR-GBPUSD-2024-02-13T150000-0054,GBPUSD,5,2024-02-13 15:00:00,2024-02-13 15:30:00,208.8,2.09,0.03,1.26734,1.26645,1.26879,1.26731,BREAKEVEN,0.1,-0.09,-0.2,208.6,True
TR-GBPUSD-2024-02-14T030000-0055,GBPUSD,5,2024-02-14 03:00:00,2024-02-14 04:20:00,208.6,2.09,0.02,1.25888,1.25995,1.25689,1.26,LOSS,0.07,-2.24,-2.31,206.29,True
TR-GBPUSD-2024-02-14T090000-0056,GBPUSD,5,2024-02-14 09:00:00,2024-02-15 16:40:00,206.29,2.06,0.01,1.25852,1.26124,1.25323,1.25855,BREAKEVEN,0.04,-0.03,-0.07,206.23,True
TR-GBPUSD-2024-02-19T030000-0057,GBPUSD,2,2024-02-19 03:00:00,2024-02-19 03:40:00,206.23,2.06,0.05,1.26207,1.26157,1.26273,1.26152,LOSS,0.18,-2.73,-2.9,203.33,True
TR-GBPUSD-2024-02-19T084000-0058,GBPUSD,2,2024-02-19 08:40:00,2024-02-19 11:50:00,203.33,2.03,0.03,1.26204,1.26121,1.26325,1.26116,LOSS,0.1,-2.64,-2.75,200.58,True
TR-GBPUSD-2024-02-20T101000-0059,GBPUSD,2,2024-02-20 10:10:00,2024-02-20 11:20:00,200.58,2.01,0.03,1.25889,1.25966,1.25752,1.25971,LOSS,0.1,-2.45,-2.55,198.03,True
TR-GBPUSD-2024-02-20T151000-0060,GBPUSD,2,2024-02-20 15:10:00,2024-02-20 15:40:00,198.03,1.98,0.02,1.26054,1.25943,1.2624,1.2624,WIN,0.07,3.72,3.65,201.68,True
TR-GBPUSD-2024-02-20T155000-0061,GBPUSD,2,2024-02-20 15:50:00,2024-02-20 19:30:00,201.68,2.02,0.01,1.26307,1.26102,1.26678,1.26304,BREAKEVEN,0.04,-0.03,-0.07,201.62,True
TR-GBPUSD-2024-02-21T040000-0062,GBPUSD,5,2024-02-21 04:00:00,2024-02-21 08:40:00,201.62,2.02,0.03,1.26263,1.26177,1.26396,1.2626,BREAKEVEN,0.1,-0.09,-0.2,201.42,True
TR-GBPUSD-2024-02-21T151000-0063,GBPUSD,2,2024-02-21 15:10:00,2024-02-21 16:40:00,201.42,2.01,0.02,1.26203,1.26107,1.26359,1.262,BREAKEVEN,0.07,-0.06,-0.13,201.29,True
TR-GBPUSD-2024-02-22T091000-0064,GBPUSD,5,2024-02-22 09:10:00,2024-02-22 09:50:00,201.29,2.01,0.02,1.26535,1.26424,1.2671,1.2671,WIN,0.07,3.5,3.43,204.72,True
TR-GBPUSD-2024-02-22T101000-0065,GBPUSD,5,2024-02-22 10:10:00,2024-02-22 11:40:00,204.72,2.05,0.01,1.26789,1.26616,1.27098,1.26786,BREAKEVEN,0.04,-0.03,-0.07,204.66,True
TR-GBPUSD-2024-02-23T100000-0066,GBPUSD,5,2024-02-23 10:00:00,2024-02-23 11:30:00,204.66,2.05,0.03,1.26655,1.26578,1.26776,1.26573,LOSS,0.1,-2.46,-2.57,202.09,True
TR-GBPUSD-2024-02-26T154000-0067,GBPUSD,2,2024-02-26 15:40:00,2024-02-26 16:20:00,202.09,2.02,0.02,1.26944,1.26847,1.27102,1.26842,LOSS,0.07,-2.04,-2.11,199.98,True
TR-GBPUSD-2024-02-27T070000-0068,GBPUSD,2,2024-02-27 07:00:00,2024-02-27 07:50:00,199.98,2.0,0.05,1.26832,1.26781,1.26901,1.26776,LOSS,0.18,-2.8,-2.98,197.01,True
TR-GBPUSD-2024-02-27T105000-0069,GBPUSD,2,2024-02-27 10:50:00,2024-02-27 11:30:00,197.01,1.97,0.03,1.26925,1.26849,1.27042,1.26844,LOSS,0.1,-2.42,-2.52,194.49,True
TR-GBPUSD-2024-02-28T073000-0070,GBPUSD,5,2024-02-28 07:30:00,2024-02-28 09:40:00,194.49,1.94,0.03,1.26623,1.26695,1.26495,1.26495,WIN,0.1,3.84,3.74,198.22,True
TR-GBPUSD-2024-02-28T102000-0071,GBPUSD,5,2024-02-28 10:20:00,2024-02-28 11:40:00,198.22,1.98,0.02,1.26519,1.26645,1.26282,1.26282,WIN,0.07,4.74,4.67,202.89,True
TR-GBPUSD-2024-02-28T150000-0072,GBPUSD,2,2024-02-28 15:00:00,2024-02-28 15:50:00,202.89,2.03,0.01,1.2637,1.26538,1.26049,1.26543,LOSS,0.04,-1.73,-1.77,201.13,True
TR-GBPUSD-2024-02-29T104000-0073,GBPUSD,2,2024-02-29 10:40:00,2024-02-29 13:40:00,201.13,2.01,0.01,1.26696,1.26518,1.27016,1.26513,LOSS,0.04,-1.83,-1.87,199.26,True
TR-GBPUSD-2024-02-29T150000-0074,GBPUSD,5,2024-02-29 15:00:00,2024-02-29 15:30:00,199.26,1.99,0.03,1.26401,1.2648,1.26259,1.26485,LOSS,0.1,-2.51,-2.61,196.65,True
TR-GBPUSD-2024-03-01T073000-0075,GBPUSD,2,2024-03-01 07:30:00,2024-03-01 09:10:00,196.65,1.97,0.03,1.26254,1.26329,1.26118,1.26334,LOSS,0.1,-2.42,-2.52,194.13,True
TR-GBPUSD-2024-03-01T150000-0076,GBPUSD,2,2024-03-01 15:00:00,2024-03-01 16:50:00,194.13,1.94,0.02,1.2634,1.26447,1.26142,1.26142,WIN,0.07,3.96,3.89,198.02,True
TR-GBPUSD-2024-03-05T152000-0077,GBPUSD,5,2024-03-05 15:20:00,2024-03-05 16:20:00,198.02,1.98,0.03,1.26839,1.26755,1.26971,1.26971,WIN,0.1,3.96,3.85,201.88,True
TR-GBPUSD-2024-03-06T091000-0078,GBPUSD,5,2024-03-06 09:10:00,2024-03-06 10:20:00,201.88,2.02,0.03,1.27073,1.26997,1.27192,1.27192,WIN,0.1,3.57,3.47,205.34,True
TR-GBPUSD-2024-03-06T105000-0079,GBPUSD,5,2024-03-06 10:50:00,2024-03-06 12:40:00,205.34,2.05,0.03,1.27206,1.27127,1.27333,1.27202,BREAKEVEN,0.1,-0.09,-0.2,205.15,False
TR-GBPUSD-2024-03-06T154000-0080,GBPUSD,2,2024-03-06 15:40:00,2024-03-06 18:20:00,205.15,2.05,0.02,1.2723,1.27108,1.27441,1.27441,WIN,0.07,4.22,4.15,209.3,True
TR-GBPUSD-2024-03-07T103000-0081,GBPUSD,2,2024-03-07 10:30:00,2024-03-07 12:50:00,209.3,2.09,0.03,1.27388,1.27297,1.27539,1.27539,WIN,0.1,4.53,4.43,213.72,True
TR-GBPUSD-2024-03-07T153000-0082,GBPUSD,2,2024-03-07 15:30:00,2024-03-07 16:40:00,213.72,2.14,0.04,1.27526,1.27458,1.27623,1.27523,BREAKEVEN,0.14,-0.12,-0.26,213.46,True
TR-GBPUSD-2024-03-08T035000-0083,GBPUSD,2,2024-03-08 03:50:00,2024-03-08 09:30:00,213.46,2.13,0.05,1.2808,1.28029,1.28158,1.28024,LOSS,0.18,-2.8,-2.98,210.49,False
TR-GBPUSD-2024-03-08T103000-0084,GBPUSD,5,2024-03-08 10:30:00,2024-03-08 13:00:00,210.49,2.1,0.02,1.28127,1.2799,1.2837,1.2837,WIN,0.07,4.86,4.79,215.28,True
TR-GBPUSD-2024-03-08T152000-0085,GBPUSD,5,2024-03-08 15:20:00,2024-03-08 15:30:00,215.28,2.15,0.02,1.28438,1.28302,1.28673,1.28434,BREAKEVEN,0.07,-0.06,-0.13,215.15,True
TR-GBPUSD-2024-03-08T154000-0086,GBPUSD,2,2024-03-08 15:40:00,2024-03-11 16:10:00,215.15,2.15,0.01,1.28621,1.28212,1.29406,1.28207,LOSS,0.04,-4.14,-4.18,210.97,True
TR-GBPUSD-2024-03-12T092000-0087,GBPUSD,5,2024-03-12 09:20:00,2024-03-12 10:00:00,210.97,2.11,0.02,1.2811,1.28222,1.27902,1.27902,WIN,0.07,4.16,4.09,215.06,True
TR-GBPUSD-2024-03-12T101000-0088,GBPUSD,5,2024-03-12 10:10:00,2024-03-12 10:50:00,215.06,2.15,0.02,1.27984,1.28088,1.27792,1.27792,WIN,0.07,3.84,3.77,218.83,True
TR-GBPUSD-2024-03-13T092000-0089,GBPUSD,5,2024-03-13 09:20:00,2024-03-13 09:40:00,218.83,2.19,0.04,1.27925,1.27989,1.27813,1.27813,WIN,0.14,4.48,4.34,223.17,True
TR-GBPUSD-2024-03-15T040000-0090,GBPUSD,5,2024-03-15 04:00:00,2024-03-15 09:40:00,223.17,2.23,0.03,1.27366,1.27441,1.27233,1.27446,LOSS,0.1,-2.39,-2.49,220.68,True
TR-GBPUSD-2024-03-15T101000-0091,GBPUSD,5,2024-03-15 10:10:00,2024-03-15 11:50:00,220.68,2.21,0.03,1.27389,1.27471,1.2724,1.27476,LOSS,0.1,-2.61,-2.72,217.97,True
TR-GBPUSD-2024-03-18T032000-0092,GBPUSD,2,2024-03-18 03:20:00,2024-03-18 04:00:00,217.97,2.18,0.04,1.27279,1.27345,1.27164,1.2735,LOSS,0.14,-2.82,-2.96,215.01,True
TR-GBPUSD-2024-03-18T154000-0093,GBPUSD,2,2024-03-18 15:40:00,2024-03-18 18:00:00,215.01,2.15,0.03,1.2732,1.27402,1.2717,1.27323,BREAKEVEN,0.1,-0.09,-0.2,214.81,True
TR-GBPUSD-2024-03-19T084000-0094,GBPUSD,5,2024-03-19 08:40:00,2024-03-19 10:20:00,214.81,2.15,0.03,1.27067,1.27148,1.2692,1.2692,WIN,0.1,4.41,4.31,219.12,True
TR-GBPUSD-2024-03-19T153000-0095,GBPUSD,5,2024-03-19 15:30:00,2024-03-19 16:20:00,219.12,2.19,0.03,1.26985,1.27067,1.26836,1.27072,LOSS,0.1,-2.61,-2.72,216.4,True
TR-GBPUSD-2024-03-20T103000-0096,GBPUSD,2,2024-03-20 10:30:00,2024-03-20 16:10:00,216.4,2.16,0.02,1.2705,1.27176,1.26814,1.27054,BREAKEVEN,0.07,-0.06,-0.13,216.27,True
TR-GBPUSD-2024-03-21T031000-0097,GBPUSD,2,2024-03-21 03:10:00,2024-03-21 10:00:00,216.27,2.16,0.02,1.27964,1.27854,1.28145,1.27849,LOSS,0.07,-2.3,-2.37,213.9,True
TR-GBPUSD-2024-03-22T034000-0098,GBPUSD,2,2024-03-22 03:40:00,2024-03-22 04:40:00,213.9,2.14,0.02,1.26653,1.26764,1.26446,1.26446,WIN,0.07,4.14,4.07,217.97,True
TR-GBPUSD-2024-03-25T093000-0099,GBPUSD,5,2024-03-25 09:30:00,2024-03-25 09:40:00,217.97,2.18,0.03,1.26021,1.26096,1.25887,1.26101,LOSS,0.1,-2.39,-2.49,215.48,True
TR-GBPUSD-2024-03-25T100000-0100,GBPUSD,5,2024-03-25 10:00:00,2024-03-25 10:20:00,215.48,2.15,0.02,1.26025,1.26132,1.25828,1.26137,LOSS,0.07,-2.23,-2.3,213.18,True
TR-GBPUSD-2024-03-26T025000-0101,GBPUSD,5,2024-03-26 02:50:00,2024-03-26 08:30:00,213.18,2.13,0.03,1.26395,1.2631,1.26519,1.26519,WIN,0.1,3.72,3.62,216.8,True
TR-GBPUSD-2024-03-26T103000-0102,GBPUSD,2,2024-03-26 10:30:00,2024-03-26 14:20:00,216.8,2.17,0.02,1.26494,1.26396,1.26657,1.26491,BREAKEVEN,0.07,-0.06,-0.13,216.67,True
TR-GBPUSD-2024-03-27T023000-0103,GBPUSD,5,2024-03-27 02:30:00,2024-03-27 09:10:00,216.67,2.17,0.03,1.26217,1.26308,1.26051,1.2622,BREAKEVEN,0.1,-0.09,-0.2,216.47,True
TR-GBPUSD-2024-03-27T150000-0104,GBPUSD,5,2024-03-27 15:00:00,2024-03-27 16:20:00,216.47,2.16,0.03,1.26155,1.26239,1.26002,1.26244,LOSS,0.1,-2.67,-2.78,213.7,True
TR-GBPUSD-2024-03-28T100000-0105,GBPUSD,5,2024-03-28 10:00:00,2024-03-28 11:10:00,213.7,2.14,0.03,1.26143,1.26211,1.26022,1.26022,WIN,0.1,3.63,3.52,217.22,True
TR-GBPUSD-2024-03-29T042000-0106,GBPUSD,2,2024-03-29 04:20:00,2024-03-29 14:30:00,217.22,2.17,0.04,1.26211,1.26277,1.26094,1.26214,BREAKEVEN,0.14,-0.12,-0.26,216.96,True
TR-GBPUSD-2024-04-01T151000-0107,GBPUSD,5,2024-04-01 15:10:00,2024-04-01 17:00:00,216.96,2.17,0.03,1.26106,1.26194,1.25945,1.25945,WIN,0.1,4.83,4.73,221.69,True
TR-GBPUSD-2024-04-02T031000-0108,GBPUSD,5,2024-04-02 03:10:00,2024-04-02 10:00:00,221.69,2.22,0.04,1.2544,1.25507,1.25322,1.25512,LOSS,0.14,-2.86,-3.0,218.69,True
TR-GBPUSD-2024-04-02T155000-0109,GBPUSD,2,2024-04-02 15:50:00,2024-04-02 16:30:00,218.69,2.19,0.03,1.25615,1.25701,1.25458,1.25618,BREAKEVEN,0.1,-0.09,-0.2,218.49,True
TR-GBPUSD-2024-04-04T102000-0110,GBPUSD,2,2024-04-04 10:20:00,2024-04-04 16:20:00,218.49,2.18,0.02,1.26589,1.26477,1.26771,1.26771,WIN,0.07,3.64,3.57,222.06,True
TR-GBPUSD-2024-04-05T091000-0111,GBPUSD,5,2024-04-05 09:10:00,2024-04-05 10:10:00,222.06,2.22,0.03,1.26226,1.26305,1.26085,1.2631,LOSS,0.1,-2.51,-2.61,219.45,True
TR-GBPUSD-2024-04-05T153000-0112,GBPUSD,5,2024-04-05 15:30:00,2024-04-05 17:50:00,219.45,2.19,0.01,1.26171,1.26469,1.25591,1.26175,BREAKEVEN,0.04,-0.03,-0.07,219.39,True
TR-GBPUSD-2024-04-08T030000-0113,GBPUSD,5,2024-04-08 03:00:00,2024-04-08 04:40:00,219.39,2.19,0.04,1.26232,1.26294,1.26123,1.26235,BREAKEVEN,0.14,-0.12,-0.26,219.13,True
TR-GBPUSD-2024-04-08T100000-0114,GBPUSD,5,2024-04-08 10:00:00,2024-04-08 13:30:00,219.13,2.19,0.03,1.26295,1.26379,1.26142,1.26298,BREAKEVEN,0.1,-0.09,-0.2,218.93,True
TR-GBPUSD-2024-04-08T150000-0115,GBPUSD,5,2024-04-08 15:00:00,2024-04-08 15:50:00,218.93,2.19,0.03,1.26199,1.2628,1.26052,1.26285,LOSS,0.1,-2.58,-2.69,216.25,True
TR-GBPUSD-2024-04-09T105000-0116,GBPUSD,2,2024-04-09 10:50:00,2024-04-09 12:30:00,216.25,2.16,0.03,1.26537,1.26454,1.26673,1.26673,WIN,0.1,4.08,3.98,220.22,True
TR-GBPUSD-2024-04-09T151000-0117,GBPUSD,2,2024-04-09 15:10:00,2024-04-09 15:40:00,220.22,2.2,0.03,1.2681,1.26721,1.26944,1.26944,WIN,0.1,4.05,3.94,224.17,True
TR-GBPUSD-2024-04-09T155000-0118,GBPUSD,2,2024-04-09 15:50:00,2024-04-09 17:50:00,224.17,2.24,0.02,1.26932,1.26775,1.27204,1.2677,LOSS,0.07,-3.24,-3.31,220.86,True
TR-GBPUSD-2024-04-11T090000-0119,GBPUSD,5,2024-04-11 09:00:00,2024-04-11 10:20:00,220.86,2.21,0.03,1.25426,1.25515,1.25263,1.2552,LOSS,0.1,-2.82,-2.93,217.93,True
TR-GBPUSD-2024-04-12T030000-0120,GBPUSD,5,2024-04-12 03:00:00,2024-04-12 07:50:00,217.93,2.18,0.04,1.2552,1.25581,1.25413,1.25413,WIN,0.14,4.28,4.14,222.07,True
TR-GBPUSD-2024-04-12T090000-0121,GBPUSD,5,2024-04-12 09:00:00,2024-04-12 09:50:00,222.07,2.22,0.03,1.25382,1.25466,1.25229,1.25229,WIN,0.1,4.59,4.49,226.56,True
TR-GBPUSD-2024-04-12T102000-0122,GBPUSD,2,2024-04-12 10:20:00,2024-04-12 12:30:00,226.56,2.27,0.02,1.25119,1.25223,1.24927,1.24927,WIN,0.07,3.84,3.77,230.33,True
TR-GBPUSD-2024-04-15T021000-0123,GBPUSD,2,2024-04-15 02:10:00,2024-04-15 08:50:00,230.33,2.3,0.03,1.24566,1.2466,1.24391,1.24665,LOSS,0.1,-2.99,-3.09,227.24,True
TR-GBPUSD-2024-04-15T153000-0124,GBPUSD,5,2024-04-15 15:30:00,2024-04-15 16:00:00,227.24,2.27,0.01,1.24643,1.24817,1.24311,1.24822,LOSS,0.04,-1.79,-1.82,225.42,True
TR-GBPUSD-2024-04-16T030000-0125,GBPUSD,5,2024-04-16 03:00:00,2024-04-16 04:10:00,225.42,2.25,0.03,1.24448,1.2452,1.2432,1.2432,WIN,0.1,3.84,3.74,229.15,True
TR-GBPUSD-2024-04-16T091000-0126,GBPUSD,2,2024-04-16 09:10:00,2024-04-16 12:20:00,229.15,2.29,0.01,1.24272,1.24505,1.23821,1.2451,LOSS,0.04,-2.38,-2.42,226.74,False
TR-GBPUSD-2024-04-17T031000-0127,GBPUSD,2,2024-04-17 03:10:00,2024-04-17 04:30:00,226.74,2.27,0.03,1.2427,1.24346,1.24135,1.24351,LOSS,0.1,-2.42,-2.52,224.22,True
TR-GBPUSD-2024-04-17T081000-0128,GBPUSD,2,2024-04-17 08:10:00,2024-04-17 09:00:00,224.22,2.24,0.04,1.24265,1.24327,1.24156,1.24268,BREAKEVEN,0.14,-0.12,-0.26,223.96,True
TR-GBPUSD-2024-04-18T070000-0129,GBPUSD,2,2024-04-18 07:00:00,2024-04-18 09:20:00,223.96,2.24,0.04,1.24681,1.24611,1.24776,1.24776,WIN,0.14,3.8,3.66,227.62,True
TR-GBPUSD-2024-04-18T103000-0130,GBPUSD,1,2024-04-18 10:30:00,2024-04-18 11:00:00,227.62,2.28,0.04,1.24706,1.24635,1.2481,1.24702,BREAKEVEN,0.14,-0.12,-0.26,227.36,True
TR-GBPUSD-2024-04-19T031000-0131,GBPUSD,5,2024-04-19 03:10:00,2024-04-19 04:20:00,227.36,2.27,0.04,1.24336,1.244,1.24224,1.24224,WIN,0.14,4.48,4.34,231.7,True
TR-GBPUSD-2024-04-19T043000-0132,GBPUSD,5,2024-04-19 04:30:00,2024-04-19 05:10:00,231.7,2.32,0.02,1.242,1.24311,1.23993,1.23993,WIN,0.07,4.14,4.07,235.77,True
TR-GBPUSD-2024-04-19T083000-0133,GBPUSD,2,2024-04-19 08:30:00,2024-04-19 09:00:00,235.77,2.36,0.04,1.24188,1.24253,1.24072,1.24072,WIN,0.14,4.64,4.5,240.27,True
TR-GBPUSD-2024-04-22T034000-0134,GBPUSD,5,2024-04-22 03:40:00,2024-04-22 05:00:00,240.27,2.4,0.03,1.23793,1.23882,1.2363,1.23887,LOSS,0.1,-2.82,-2.93,237.34,True
TR-GBPUSD-2024-04-22T102000-0135,GBPUSD,2,2024-04-22 10:20:00,2024-04-22 12:40:00,237.34,2.37,0.02,1.23738,1.23862,1.23505,1.23505,WIN,0.07,4.66,4.59,241.93,True
TR-GBPUSD-2024-04-23T151000-0136,GBPUSD,2,2024-04-23 15:10:00,2024-04-23 17:00:00,241.93,2.42,0.02,1.2397,1.23805,1.24266,1.24266,WIN,0.07,5.92,5.85,247.78,True
TR-GBPUSD-2024-04-24T033000-0137,GBPUSD,2,2024-04-24 03:30:00,2024-04-24 06:50:00,247.78,2.48,0.03,1.24541,1.24456,1.24682,1.24537,BREAKEVEN,0.1,-0.09,-0.2,247.59,True
TR-GBPUSD-2024-04-24T154000-0138,GBPUSD,2,2024-04-24 15:40:00,2024-04-24 17:00:00,247.59,2.48,0.02,1.24407,1.24282,1.24627,1.24404,BREAKEVEN,0.07,-0.06,-0.13,247.46,True
TR-GBPUSD-2024-04-25T032000-0139,GBPUSD,2,2024-04-25 03:20:00,2024-04-25 09:20:00,247.46,2.47,0.03,1.2465,1.24553,1.24796,1.24796,WIN,0.1,4.38,4.27,251.73,True
TR-GBPUSD-2024-04-26T153000-0140,GBPUSD,2,2024-04-26 15:30:00,2024-04-26 15:40:00,251.73,2.52,0.06,1.25092,1.25035,1.25163,1.25163,WIN,0.21,4.2,3.99,255.72,True
TR-GBPUSD-2024-04-29T030000-0141,GBPUSD,5,2024-04-29 03:00:00,2024-04-29 04:40:00,255.72,2.56,0.04,1.25082,1.25009,1.25198,1.25198,WIN,0.14,4.64,4.5,260.22,True
TR-GBPUSD-2024-04-29T071000-0142,GBPUSD,5,2024-04-29 07:10:00,2024-04-29 07:40:00,260.22,2.6,0.03,1.25268,1.25178,1.25419,1.25419,WIN,0.1,4.56,4.45,264.68,True
TR-GBPUSD-2024-04-29T102000-0143,GBPUSD,2,2024-04-29 10:20:00,2024-04-29 10:40:00,264.68,2.65,0.04,1.25205,1.25122,1.25332,1.25332,WIN,0.14,5.08,4.94,269.62,True
TR-GBPUSD-2024-04-29T151000-0144,GBPUSD,5,2024-04-29 15:10:00,2024-04-29 16:00:00,269.62,2.7,0.03,1.25365,1.25266,1.25526,1.25261,LOSS,0.1,-3.11,-3.21,266.41,True
TR-GBPUSD-2024-05-01T033000-0145,GBPUSD,2,2024-05-01 03:30:00,2024-05-01 09:10:00,266.41,2.66,0.04,1.24863,1.2494,1.24724,1.24724,WIN,0.14,5.56,5.42,271.83,True
TR-GBPUSD-2024-05-02T104000-0146,GBPUSD,5,2024-05-02 10:40:00,2024-05-02 11:10:00,271.83,2.72,0.02,1.25361,1.25225,1.25602,1.2522,LOSS,0.07,-2.81,-2.88,268.95,True
TR-GBPUSD-2024-05-02T154000-0147,GBPUSD,5,2024-05-02 15:40:00,2024-05-02 16:10:00,268.95,2.69,0.02,1.25182,1.2504,1.2543,1.25035,LOSS,0.07,-2.94,-3.01,265.94,True
TR-GBPUSD-2024-05-03T035000-0148,GBPUSD,2,2024-05-03 03:50:00,2024-05-03 05:00:00,265.94,2.66,0.03,1.25385,1.25288,1.25545,1.25545,WIN,0.1,4.8,4.7,270.63,True
TR-GBPUSD-2024-05-03T151000-0149,GBPUSD,2,2024-05-03 15:10:00,2024-05-03 15:30:00,270.63,2.71,0.06,1.25559,1.25503,1.25635,1.25635,WIN,0.21,4.56,4.35,274.98,True
TR-GBPUSD-2024-05-03T154000-0150,GBPUSD,2,2024-05-03 15:40:00,2024-05-03 17:10:00,274.98,2.75,0.01,1.25926,1.25515,1.26711,1.2551,LOSS,0.04,-4.16,-4.19,270.79,True
TR-GBPUSD-2024-05-06T151000-0151,GBPUSD,2,2024-05-06 15:10:00,2024-05-06 15:40:00,270.79,2.71,0.04,1.25785,1.25712,1.25895,1.25895,WIN,0.14,4.4,4.26,275.05,True
TR-GBPUSD-2024-05-06T155000-0152,GBPUSD,5,2024-05-06 15:50:00,2024-05-06 18:00:00,275.05,2.75,0.03,1.25898,1.25779,1.26104,1.25774,LOSS,0.1,-3.71,-3.81,271.24,True
TR-GBPUSD-2024-05-07T034000-0153,GBPUSD,5,2024-05-07 03:40:00,2024-05-07 05:20:00,271.24,2.71,0.03,1.25636,1.25536,1.25797,1.25531,LOSS,0.1,-3.15,-3.25,267.99,True
TR-GBPUSD-2024-05-07T090000-0154,GBPUSD,5,2024-05-07 09:00:00,2024-05-07 16:30:00,267.99,2.68,0.02,1.25448,1.25588,1.25184,1.25593,LOSS,0.07,-2.89,-2.96,265.03,True
TR-GBPUSD-2024-05-08T100000-0155,GBPUSD,5,2024-05-08 10:00:00,2024-05-08 11:00:00,265.03,2.65,0.05,1.24881,1.2494,1.24779,1.24779,WIN,0.18,5.1,4.93,269.95,True
TR-GBPUSD-2024-05-08T151000-0156,GBPUSD,5,2024-05-08 15:10:00,2024-05-08 18:40:00,269.95,2.7,0.02,1.24822,1.24952,1.24577,1.24957,LOSS,0.07,-2.7,-2.77,267.18,True
TR-GBPUSD-2024-05-09T031000-0157,GBPUSD,5,2024-05-09 03:10:00,2024-05-09 06:20:00,267.18,2.67,0.05,1.24908,1.24971,1.24795,1.24976,LOSS,0.18,-3.43,-3.6,263.58,True
TR-GBPUSD-2024-05-09T103000-0158,GBPUSD,5,2024-05-09 10:30:00,2024-05-09 12:50:00,263.58,2.64,0.04,1.24807,1.24878,1.2468,1.2481,BREAKEVEN,0.14,-0.12,-0.26,263.32,True
TR-GBPUSD-2024-05-10T090000-0159,GBPUSD,2,2024-05-10 09:00:00,2024-05-10 09:10:00,263.32,2.63,0.07,1.2519,1.25139,1.25252,1.25252,WIN,0.25,4.27,4.02,267.35,False
TR-GBPUSD-2024-05-13T093000-0160,GBPUSD,2,2024-05-13 09:30:00,2024-05-13 10:10:00,267.35,2.67,0.03,1.25324,1.25229,1.25478,1.25224,LOSS,0.1,-3.0,-3.11,264.24,True
TR-GBPUSD-2024-05-14T091000-0161,GBPUSD,5,2024-05-14 09:10:00,2024-05-14 11:10:00,264.24,2.64,0.02,1.25564,1.25427,1.25808,1.25422,LOSS,0.07,-2.84,-2.91,261.33,True
TR-GBPUSD-2024-05-14T152000-0162,GBPUSD,2,2024-05-14 15:20:00,2024-05-14 15:30:00,261.33,2.61,0.03,1.2557,1.25475,1.2573,1.2547,LOSS,0.1,-3.0,-3.11,258.23,True
TR-GBPUSD-2024-05-14T154000-0163,GBPUSD,2,2024-05-14 15:40:00,2024-05-15 15:30:00,258.23,2.58,0.01,1.25588,1.2516,1.26408,1.26408,WIN,0.04,8.2,8.17,266.39,True
TR-GBPUSD-2024-05-16T032000-0164,GBPUSD,2,2024-05-16 03:20:00,2024-05-16 08:20:00,266.39,2.66,0.03,1.26918,1.26828,1.27058,1.26823,LOSS,0.1,-2.87,-2.97,263.42,True
TR-GBPUSD-2024-05-17T100000-0165,GBPUSD,2,2024-05-17 10:00:00,2024-05-17 11:10:00,263.42,2.63,0.03,1.26649,1.26554,1.26809,1.26549,LOSS,0.1,-3.0,-3.11,260.32,True
TR-GBPUSD-2024-05-20T023000-0166,GBPUSD,5,2024-05-20 02:30:00,2024-05-20 10:20:00,260.32,2.6,0.04,1.27049,1.26969,1.27182,1.26964,LOSS,0.14,-3.4,-3.54,256.78,True
TR-GBPUSD-2024-05-21T100000-0167,GBPUSD,2,2024-05-21 10:00:00,2024-05-21 10:20:00,256.78,2.57,0.07,1.27104,1.27057,1.27168,1.27168,WIN,0.25,4.48,4.23,261.01,True
TR-GBPUSD-2024-05-21T150000-0168,GBPUSD,2,2024-05-21 15:00:00,2024-05-21 15:30:00,261.01,2.61,0.04,1.27196,1.27111,1.27334,1.27106,LOSS,0.14,-3.62,-3.76,257.25,True
TR-GBPUSD-2024-05-22T033000-0169,GBPUSD,2,2024-05-22 03:30:00,2024-05-22 09:00:00,257.25,2.57,0.03,1.27163,1.27063,1.27306,1.2716,BREAKEVEN,0.1,-0.09,-0.2,257.06,True
TR-GBPUSD-2024-05-22T091000-0170,GBPUSD,2,2024-05-22 09:10:00,2024-05-22 11:30:00,257.06,2.57,0.01,1.27306,1.27063,1.27754,1.27303,BREAKEVEN,0.04,-0.03,-0.07,256.99,True
TR-GBPUSD-2024-05-22T155000-0171,GBPUSD,2,2024-05-22 15:50:00,2024-05-22 16:30:00,256.99,2.57,0.03,1.27232,1.27123,1.2741,1.2741,WIN,0.1,5.34,5.23,262.23,True
TR-GBPUSD-2024-05-23T032000-0172,GBPUSD,5,2024-05-23 03:20:00,2024-05-23 09:00:00,262.23,2.62,0.04,1.27227,1.27145,1.27352,1.27224,BREAKEVEN,0.14,-0.12,-0.26,261.97,True
TR-GBPUSD-2024-05-23T092000-0173,GBPUSD,5,2024-05-23 09:20:00,2024-05-23 11:40:00,261.97,2.62,0.04,1.27262,1.27185,1.27383,1.27259,BREAKEVEN,0.14,-0.12,-0.26,261.71,True
TR-GBPUSD-2024-05-23T150000-0174,GBPUSD,5,2024-05-23 15:00:00,2024-05-23 16:50:00,261.71,2.62,0.03,1.27386,1.27284,1.27557,1.27279,LOSS,0.1,-3.21,-3.32,258.39,True
TR-GBPUSD-2024-05-24T041000-0175,GBPUSD,5,2024-05-24 04:10:00,2024-05-24 09:00:00,258.39,2.58,0.04,1.2692,1.26994,1.26788,1.26923,BREAKEVEN,0.14,-0.12,-0.26,258.13,True
TR-GBPUSD-2024-05-24T154000-0176,GBPUSD,2,2024-05-24 15:40:00,2024-05-24 16:30:00,258.13,2.58,0.04,1.27133,1.27063,1.27243,1.27243,WIN,0.14,4.4,4.26,262.39,True
TR-GBPUSD-2024-05-27T094000-0177,GBPUSD,2,2024-05-27 09:40:00,2024-05-27 13:00:00,262.39,2.62,0.04,1.27408,1.27333,1.27525,1.27525,WIN,0.14,4.68,4.54,266.93,True
TR-GBPUSD-2024-05-28T031000-0178,GBPUSD,2,2024-05-28 03:10:00,2024-05-28 04:50:00,266.93,2.67,0.07,1.27723,1.27673,1.27793,1.27793,WIN,0.25,4.9,4.66,271.59,True
TR-GBPUSD-2024-05-28T150000-0179,GBPUSD,2,2024-05-28 15:00:00,2024-05-28 16:20:00,271.59,2.72,0.07,1.27872,1.27822,1.27938,1.27938,WIN,0.25,4.62,4.38,275.96,False
TR-GBPUSD-2024-05-29T031000-0180,GBPUSD,2,2024-05-29 03:10:00,2024-05-29 09:30:00,275.96,2.76,0.04,1.27556,1.27622,1.27438,1.27559,BREAKEVEN,0.14,-0.12,-0.26,275.7,True
TR-GBPUSD-2024-05-29T152000-0181,GBPUSD,2,2024-05-29 15:20:00,2024-05-29 16:40:00,275.7,2.76,0.04,1.27499,1.2758,1.27353,1.27353,WIN,0.14,5.84,5.7,281.4,True
TR-GBPUSD-2024-05-30T031000-0182,GBPUSD,5,2024-05-30 03:10:00,2024-05-30 04:20:00,281.4,2.81,0.05,1.26944,1.27009,1.26829,1.27014,LOSS,0.18,-3.5,-3.68,277.73,True
TR-GBPUSD-2024-05-30T094000-0183,GBPUSD,5,2024-05-30 09:40:00,2024-05-30 10:10:00,277.73,2.78,0.05,1.26882,1.26949,1.26764,1.26954,LOSS,0.18,-3.58,-3.75,273.98,True
TR-GBPUSD-2024-05-31T091000-0184,GBPUSD,2,2024-05-31 09:10:00,2024-05-31 10:30:00,273.98,2.74,0.04,1.2719,1.27264,1.27059,1.27059,WIN,0.14,5.28,5.14,279.12,True
TR-GBPUSD-2024-05-31T104000-0185,GBPUSD,2,2024-05-31 10:40:00,2024-05-31 11:20:00,279.12,2.79,0.03,1.2703,1.27132,1.26842,1.27137,LOSS,0.1,-3.2,-3.3,275.82,True
TR-GBPUSD-2024-06-03T033000-0186,GBPUSD,2,2024-06-03 03:30:00,2024-06-03 07:00:00,275.82,2.76,0.04,1.27466,1.27388,1.27585,1.27383,LOSS,0.14,-3.3,-3.44,272.38,True
TR-GBPUSD-2024-06-04T030000-0187,GBPUSD,2,2024-06-04 03:00:00,2024-06-04 04:10:00,272.38,2.72,0.07,1.28104,1.28053,1.28169,1.281,BREAKEVEN,0.25,-0.21,-0.46,271.92,True
TR-GBPUSD-2024-06-05T101000-0188,GBPUSD,6,2024-06-05 10:10:00,2024-06-05 10:30:00,271.92,2.72,0.06,1.27708,1.27761,1.27618,1.27766,LOSS,0.21,-3.45,-3.66,268.26,True
TR-GBPUSD-2024-06-05T105000-0189,GBPUSD,2,2024-06-05 10:50:00,2024-06-05 15:10:00,268.26,2.68,0.03,1.27738,1.27831,1.27569,1.27836,LOSS,0.1,-2.93,-3.03,265.23,True
TR-GBPUSD-2024-06-05T155000-0190,GBPUSD,2,2024-06-05 15:50:00,2024-06-05 17:00:00,265.23,2.65,0.02,1.27881,1.27763,1.28084,1.27758,LOSS,0.07,-2.46,-2.53,262.7,True
TR-GBPUSD-2024-06-06T035000-0191,GBPUSD,5,2024-06-06 03:50:00,2024-06-06 06:40:00,262.7,2.63,0.04,1.27999,1.27924,1.28118,1.27996,BREAKEVEN,0.14,-0.12,-0.26,262.44,True
TR-GBPUSD-2024-06-06T100000-0192,GBPUSD,2,2024-06-06 10:00:00,2024-06-06 11:10:00,262.44,2.62,0.02,1.27965,1.27844,1.28162,1.27839,LOSS,0.07,-2.52,-2.59,259.85,True
TR-GBPUSD-2024-06-07T045000-0193,GBPUSD,5,2024-06-07 04:50:00,2024-06-07 10:10:00,259.85,2.6,0.04,1.27883,1.27807,1.27999,1.27999,WIN,0.14,4.64,4.5,264.35,True
TR-GBPUSD-2024-06-10T100000-0194,GBPUSD,5,2024-06-10 10:00:00,2024-06-10 10:40:00,264.35,2.64,0.05,1.271,1.27164,1.26988,1.27169,LOSS,0.18,-3.43,-3.6,260.75,True
TR-GBPUSD-2024-06-11T151000-0195,GBPUSD,5,2024-06-11 15:10:00,2024-06-11 16:20:00,260.75,2.61,0.03,1.27428,1.27331,1.27592,1.27326,LOSS,0.1,-3.06,-3.17,257.59,True
TR-GBPUSD-2024-06-12T103000-0196,GBPUSD,1,2024-06-12 10:30:00,2024-06-12 11:00:00,257.59,2.58,0.07,1.27417,1.27365,1.27484,1.27484,WIN,0.25,4.69,4.45,262.03,False
TR-GBPUSD-2024-06-12T152000-0197,GBPUSD,2,2024-06-12 15:20:00,2024-06-12 15:30:00,262.03,2.62,0.07,1.27598,1.27546,1.27661,1.27661,WIN,0.25,4.41,4.16,266.2,True
TR-GBPUSD-2024-06-12T154000-0198,GBPUSD,2,2024-06-12 15:40:00,2024-06-12 22:30:00,266.2,2.66,0.01,1.27966,1.27546,1.2877,1.27963,BREAKEVEN,0.04,-0.03,-0.07,266.13,True
TR-GBPUSD-2024-06-13T105000-0199,GBPUSD,2,2024-06-13 10:50:00,2024-06-13 12:30:00,266.13,2.66,0.04,1.27882,1.27797,1.28021,1.27878,BREAKEVEN,0.14,-0.12,-0.26,265.87,True
TR-GBPUSD-2024-06-13T153000-0200,GBPUSD,2,2024-06-13 15:30:00,2024-06-13 15:40:00,265.87,2.66,0.07,1.27682,1.27633,1.2775,1.2775,WIN,0.25,4.76,4.52,270.39,True
TR-GBPUSD-2024-06-14T030000-0201,GBPUSD,5,2024-06-14 03:00:00,2024-06-14 05:40:00,270.39,2.7,0.04,1.27545,1.27612,1.27426,1.27617,LOSS,0.14,-2.88,-3.02,267.37,True
TR-GBPUSD-2024-06-14T151000-0202,GBPUSD,2,2024-06-14 15:10:00,2024-06-14 16:30:00,267.37,2.67,0.01,1.27008,1.27193,1.26653,1.26653,WIN,0.04,3.55,3.51,270.88,True
TR-GBPUSD-2024-06-18T100000-0203,GBPUSD,2,2024-06-18 10:00:00,2024-06-18 10:40:00,270.88,2.71,0.03,1.2697,1.2687,1.27141,1.26865,LOSS,0.1,-3.17,-3.27,267.61,True
TR-GBPUSD-2024-06-18T150000-0204,GBPUSD,2,2024-06-18 15:00:00,2024-06-18 15:30:00,267.61,2.68,0.02,1.2676,1.26891,1.26513,1.26896,LOSS,0.07,-2.72,-2.79,264.82,True
TR-GBPUSD-2024-06-18T155000-0205,GBPUSD,1,2024-06-18 15:50:00,2024-06-18 16:10:00,264.82,2.65,0.03,1.26876,1.26958,1.26727,1.26963,LOSS,0.1,-2.61,-2.72,262.11,True
TR-GBPUSD-2024-06-19T091000-0206,GBPUSD,2,2024-06-19 09:10:00,2024-06-19 12:20:00,262.11,2.62,0.02,1.27116,1.26987,1.27333,1.27333,WIN,0.07,4.34,4.27,266.38,True
TR-GBPUSD-2024-06-19T150000-0207,GBPUSD,2,2024-06-19 15:00:00,2024-06-19 15:10:00,266.38,2.66,0.06,1.27321,1.27263,1.27395,1.27258,LOSS,0.21,-3.78,-3.99,262.39,True
TR-GBPUSD-2024-06-20T091000-0208,GBPUSD,5,2024-06-20 09:10:00,2024-06-20 10:30:00,262.39,2.62,0.03,1.2706,1.27148,1.26899,1.27153,LOSS,0.1,-2.79,-2.9,259.49,True
TR-GBPUSD-2024-06-20T104000-0209,GBPUSD,5,2024-06-20 10:40:00,2024-06-20 14:00:00,259.49,2.59,0.03,1.27087,1.27178,1.2692,1.2692,WIN,0.1,5.01,4.91,264.4,True
TR-GBPUSD-2024-06-20T154000-0210,GBPUSD,2,2024-06-20 15:40:00,2024-06-20 19:10:00,264.4,2.64,0.03,1.26832,1.26942,1.26629,1.26629,WIN,0.1,6.12,6.01,270.41,True
TR-GBPUSD-2024-06-24T042000-0211,GBPUSD,2,2024-06-24 04:20:00,2024-06-24 08:00:00,270.41,2.7,0.03,1.26368,1.26463,1.26194,1.26468,LOSS,0.1,-2.99,-3.09,267.32,True
TR-GBPUSD-2024-06-25T030000-0212,GBPUSD,1,2024-06-25 03:00:00,2024-06-25 03:50:00,267.32,2.67,0.08,1.26824,1.26774,1.26881,1.26881,WIN,0.28,4.56,4.28,271.6,True
TR-GBPUSD-2024-06-25T081000-0213,GBPUSD,5,2024-06-25 08:10:00,2024-06-25 09:30:00,271.6,2.72,0.05,1.26953,1.26881,1.27057,1.26876,LOSS,0.18,-3.83,-4.0,267.6,True
TR-GBPUSD-2024-06-26T040000-0214,GBPUSD,5,2024-06-26 04:00:00,2024-06-26 04:40:00,267.6,2.68,0.04,1.26844,1.26768,1.26963,1.26841,BREAKEVEN,0.14,-0.12,-0.26,267.34,True
TR-GBPUSD-2024-06-26T153000-0215,GBPUSD,5,2024-06-26 15:30:00,2024-06-26 18:00:00,267.34,2.67,0.02,1.26544,1.26662,1.26324,1.26324,WIN,0.07,4.4,4.33,271.67,True
TR-GBPUSD-2024-06-27T031000-0216,GBPUSD,6,2024-06-27 03:10:00,2024-06-27 05:00:00,271.67,2.72,0.05,1.26204,1.26266,1.26096,1.26271,LOSS,0.18,-3.33,-3.5,268.17,True
TR-GBPUSD-2024-06-28T034000-0217,GBPUSD,5,2024-06-28 03:40:00,2024-06-28 04:20:00,268.17,2.68,0.04,1.2642,1.26495,1.26286,1.26286,WIN,0.14,5.36,5.22,273.39,True
TR-GBPUSD-2024-06-28T153000-0218,GBPUSD,2,2024-06-28 15:30:00,2024-06-28 16:20:00,273.39,2.73,0.06,1.26441,1.26377,1.26524,1.26438,BREAKEVEN,0.21,-0.18,-0.39,273.0,True
TR-GBPUSD-2024-07-01T034000-0219,GBPUSD,2,2024-07-01 03:40:00,2024-07-01 09:00:00,273.0,2.73,0.03,1.26525,1.26432,1.26672,1.26672,WIN,0.1,4.41,4.31,277.31,True
TR-GBPUSD-2024-07-02T034000-0220,GBPUSD,2,2024-07-02 03:40:00,2024-07-02 10:10:00,277.31,2.77,0.05,1.26425,1.26489,1.26312,1.26312,WIN,0.18,5.65,5.48,282.78,False
TR-GBPUSD-2024-07-02T102000-0221,GBPUSD,2,2024-07-02 10:20:00,2024-07-02 11:40:00,282.78,2.83,0.03,1.26275,1.26387,1.26067,1.26278,BREAKEVEN,0.1,-0.09,-0.2,282.59,True
TR-GBPUSD-2024-07-03T100000-0222,GBPUSD,5,2024-07-03 10:00:00,2024-07-03 13:40:00,282.59,2.83,0.03,1.26849,1.26755,1.27007,1.27007,WIN,0.1,4.74,4.64,287.22,True
TR-GBPUSD-2024-07-03T150000-0223,GBPUSD,2,2024-07-03 15:00:00,2024-07-03 16:10:00,287.22,2.87,0.03,1.27046,1.26934,1.27227,1.27227,WIN,0.1,5.43,5.33,292.55,True
TR-GBPUSD-2024-07-04T040000-0224,GBPUSD,5,2024-07-04 04:00:00,2024-07-04 06:50:00,292.55,2.93,0.04,1.27499,1.2742,1.27621,1.27415,LOSS,0.14,-3.36,-3.5,289.05,True
TR-GBPUSD-2024-07-04T085000-0225,GBPUSD,5,2024-07-04 08:50:00,2024-07-04 10:20:00,289.05,2.89,0.05,1.27442,1.27376,1.27541,1.27439,BREAKEVEN,0.18,-0.15,-0.33,288.72,True
TR-GBPUSD-2024-07-05T031000-0226,GBPUSD,2,2024-07-05 03:10:00,2024-07-05 04:20:00,288.72,2.89,0.05,1.27574,1.27507,1.27679,1.27679,WIN,0.18,5.3,5.12,293.85,False
TR-GBPUSD-2024-07-05T105000-0227,GBPUSD,5,2024-07-05 10:50:00,2024-07-05 13:00:00,293.85,2.94,0.04,1.27728,1.27639,1.27869,1.27869,WIN,0.14,5.64,5.5,299.35,True
TR-GBPUSD-2024-07-05T151000-0228,GBPUSD,5,2024-07-05 15:10:00,2024-07-05 15:30:00,299.35,2.99,0.03,1.27898,1.27796,1.28065,1.27894,BREAKEVEN,0.1,-0.09,-0.2,299.15,True
TR-GBPUSD-2024-07-08T102000-0229,GBPUSD,5,2024-07-08 10:20:00,2024-07-08 13:20:00,299.15,2.99,0.03,1.28065,1.27961,1.2824,1.2824,WIN,0.1,5.25,5.14,304.3,True
TR-GBPUSD-2024-07-08T150000-0230,GBPUSD,5,2024-07-08 15:00:00,2024-07-08 18:00:00,304.3,3.04,0.03,1.28314,1.28206,1.28489,1.2831,BREAKEVEN,0.1,-0.09,-0.2,304.1,True
TR-GBPUSD-2024-07-09T105000-0231,GBPUSD,2,2024-07-09 10:50:00,2024-07-09 12:40:00,304.1,3.04,0.04,1.28018,1.28106,1.27858,1.28111,LOSS,0.14,-3.7,-3.84,300.26,True
TR-GBPUSD-2024-07-11T030000-0232,GBPUSD,5,2024-07-11 03:00:00,2024-07-11 09:00:00,300.26,3.0,0.06,1.28532,1.28473,1.28624,1.28624,WIN,0.21,5.52,5.31,305.57,True
TR-GBPUSD-2024-07-11T091000-0233,GBPUSD,2,2024-07-11 09:10:00,2024-07-11 15:30:00,305.57,3.06,0.03,1.2862,1.28514,1.28794,1.28794,WIN,0.1,5.25,5.14,310.72,False
TR-GBPUSD-2024-07-11T154000-0234,GBPUSD,2,2024-07-11 15:40:00,2024-07-12 13:20:00,310.72,3.11,0.01,1.28971,1.28671,1.29537,1.29537,WIN,0.04,5.66,5.62,316.34,True
TR-GBPUSD-2024-07-12T152000-0235,GBPUSD,2,2024-07-12 15:20:00,2024-07-12 15:30:00,316.34,3.16,0.08,1.29601,1.29546,1.29672,1.29541,LOSS,0.28,-4.8,-5.08,311.26,True
TR-GBPUSD-2024-07-12T155000-0236,GBPUSD,2,2024-07-12 15:50:00,2024-07-16 08:20:00,311.26,3.11,0.01,1.29589,1.29272,1.30187,1.29586,BREAKEVEN,0.04,-0.03,-0.07,311.2,True
TR-GBPUSD-2024-07-16T152000-0237,GBPUSD,5,2024-07-16 15:20:00,2024-07-16 15:30:00,311.2,3.11,0.04,1.29736,1.29643,1.29883,1.29638,LOSS,0.14,-3.92,-4.06,307.14,True
TR-GBPUSD-2024-07-16T155000-0238,GBPUSD,2,2024-07-16 15:50:00,2024-07-17 09:00:00,307.14,3.07,0.01,1.29609,1.29819,1.29204,1.29824,LOSS,0.04,-2.15,-2.19,304.95,True
TR-GBPUSD-2024-07-17T100000-0239,GBPUSD,2,2024-07-17 10:00:00,2024-07-17 11:10:00,304.95,3.05,0.02,1.2986,1.29706,1.30132,1.30132,WIN,0.07,5.44,5.37,310.32,True
TR-GBPUSD-2024-07-18T083000-0240,GBPUSD,5,2024-07-18 08:30:00,2024-07-18 09:40:00,310.32,3.1,0.05,1.30052,1.29977,1.30165,1.29972,LOSS,0.18,-3.98,-4.15,306.17,True
TR-GBPUSD-2024-07-18T155000-0241,GBPUSD,2,2024-07-18 15:50:00,2024-07-18 17:30:00,306.17,3.06,0.03,1.29814,1.29922,1.29612,1.29817,BREAKEVEN,0.1,-0.09,-0.2,305.98,True
TR-GBPUSD-2024-07-19T031000-0242,GBPUSD,2,2024-07-19 03:10:00,2024-07-19 09:10:00,305.98,3.06,0.04,1.29458,1.29539,1.29311,1.29311,WIN,0.14,5.88,5.74,311.72,True
TR-GBPUSD-2024-07-19T101000-0243,GBPUSD,5,2024-07-19 10:10:00,2024-07-19 13:00:00,311.72,3.12,0.03,1.29299,1.29412,1.29088,1.29088,WIN,0.1,6.33,6.23,317.94,True
TR-GBPUSD-2024-07-22T045000-0244,GBPUSD,5,2024-07-22 04:50:00,2024-07-22 05:50:00,317.94,3.18,0.05,1.29216,1.29282,1.29099,1.29219,BREAKEVEN,0.18,-0.15,-0.33,317.62,True
TR-GBPUSD-2024-07-22T150000-0245,GBPUSD,2,2024-07-22 15:00:00,2024-07-22 17:20:00,317.62,3.18,0.04,1.29286,1.2938,1.29113,1.29113,WIN,0.14,6.92,6.78,324.4,True
TR-GBPUSD-2024-07-23T103000-0246,GBPUSD,2,2024-07-23 10:30:00,2024-07-23 13:20:00,324.4,3.24,0.03,1.29183,1.29281,1.29002,1.29002,WIN,0.1,5.43,5.33,329.72,True
TR-GBPUSD-2024-07-24T092000-0247,GBPUSD,5,2024-07-24 09:20:00,2024-07-24 10:10:00,329.72,3.3,0.05,1.28912,1.28983,1.28785,1.28915,BREAKEVEN,0.18,-0.15,-0.33,329.4,True
TR-GBPUSD-2024-07-25T030000-0248,GBPUSD,5,2024-07-25 03:00:00,2024-07-25 09:40:00,329.4,3.29,0.05,1.28983,1.29055,1.28854,1.28854,WIN,0.18,6.45,6.27,335.67,True
TR-GBPUSD-2024-07-25T150000-0249,GBPUSD,5,2024-07-25 15:00:00,2024-07-25 15:30:00,335.67,3.36,0.06,1.28722,1.28788,1.28605,1.28725,BREAKEVEN,0.21,-0.18,-0.39,335.28,True
TR-GBPUSD-2024-07-26T040000-0250,GBPUSD,5,2024-07-26 04:00:00,2024-07-26 04:50:00,335.28,3.35,0.06,1.28566,1.28624,1.28464,1.28629,LOSS,0.21,-3.81,-4.02,331.26,True
TR-GBPUSD-2024-07-26T152000-0251,GBPUSD,2,2024-07-26 15:20:00,2024-07-26 15:30:00,331.26,3.31,0.04,1.28672,1.28763,1.28505,1.28675,BREAKEVEN,0.14,-0.12,-0.26,331.0,True
TR-GBPUSD-2024-07-26T155000-0252,GBPUSD,2,2024-07-26 15:50:00,2024-07-26 17:20:00,331.0,3.31,0.07,1.28691,1.28743,1.28602,1.28602,WIN,0.25,6.23,5.98,336.99,True
TR-GBPUSD-2024-07-29T030000-0253,GBPUSD,5,2024-07-29 03:00:00,2024-07-29 03:30:00,336.99,3.37,0.06,1.28664,1.2873,1.28548,1.28735,LOSS,0.21,-4.23,-4.44,332.55,True
TR-GBPUSD-2024-07-29T105000-0254,GBPUSD,5,2024-07-29 10:50:00,2024-07-29 11:10:00,332.55,3.33,0.03,1.28452,1.28556,1.2826,1.2826,WIN,0.1,5.76,5.65,338.2,True
TR-GBPUSD-2024-07-29T150000-0255,GBPUSD,2,2024-07-29 15:00:00,2024-07-29 16:30:00,338.2,3.38,0.02,1.28305,1.28448,1.28034,1.28453,LOSS,0.07,-2.96,-3.03,335.17,True
TR-GBPUSD-2024-07-30T030000-0256,GBPUSD,5,2024-07-30 03:00:00,2024-07-30 07:10:00,335.17,3.35,0.05,1.28585,1.28654,1.28462,1.28588,BREAKEVEN,0.18,-0.15,-0.33,334.85,False
TR-GBPUSD-2024-07-30T090000-0257,GBPUSD,5,2024-07-30 09:00:00,2024-07-30 10:10:00,334.85,3.35,0.04,1.28495,1.28575,1.2835,1.2858,LOSS,0.14,-3.4,-3.54,331.31,True
TR-GBPUSD-2024-07-30T103000-0258,GBPUSD,5,2024-07-30 10:30:00,2024-07-30 11:30:00,331.31,3.31,0.05,1.28542,1.28612,1.28417,1.28617,LOSS,0.18,-3.75,-3.93,327.38,True
TR-GBPUSD-2024-07-31T031000-0259,GBPUSD,5,2024-07-31 03:10:00,2024-07-31 04:10:00,327.38,3.27,0.03,1.28352,1.28452,1.28168,1.28457,LOSS,0.1,-3.14,-3.24,324.14,True
TR-GBPUSD-2024-07-31T043000-0260,GBPUSD,5,2024-07-31 04:30:00,2024-07-31 06:10:00,324.14,3.24,0.04,1.28397,1.2849,1.28226,1.28495,LOSS,0.14,-3.92,-4.06,320.08,True
TR-GBPUSD-2024-07-31T102000-0261,GBPUSD,2,2024-07-31 10:20:00,2024-07-31 10:50:00,320.08,3.2,0.04,1.28347,1.28443,1.2817,1.28448,LOSS,0.14,-4.04,-4.18,315.9,True
TR-GBPUSD-2024-07-31T150000-0262,GBPUSD,2,2024-07-31 15:00:00,2024-07-31 15:30:00,315.9,3.16,0.03,1.28387,1.28503,1.2817,1.28508,LOSS,0.1,-3.63,-3.74,312.17,True
TR-GBPUSD-2024-08-01T040000-0263,GBPUSD,5,2024-08-01 04:00:00,2024-08-01 09:00:00,312.17,3.12,0.05,1.28525,1.28453,1.28633,1.28448,LOSS,0.18,-3.85,-4.03,308.14,True
TR-GBPUSD-2024-08-02T030000-0264,GBPUSD,5,2024-08-02 03:00:00,2024-08-02 07:30:00,308.14,3.08,0.03,1.2729,1.27387,1.27111,1.27293,BREAKEVEN,0.1,-0.09,-0.2,307.95,True
TR-GBPUSD-2024-08-02T101000-0265,GBPUSD,5,2024-08-02 10:10:00,2024-08-02 13:00:00,307.95,3.08,0.02,1.2722,1.2741,1.26855,1.27415,LOSS,0.07,-3.9,-3.97,303.98,True
TR-GBPUSD-2024-08-05T105000-0266,GBPUSD,2,2024-08-05 10:50:00,2024-08-05 12:00:00,303.98,3.04,0.01,1.27976,1.27662,1.28558,1.27657,LOSS,0.04,-3.19,-3.22,300.76,True
TR-GBPUSD-2024-08-05T153000-0267,GBPUSD,2,2024-08-05 15:30:00,2024-08-05 16:10:00,300.76,3.01,0.02,1.27647,1.27805,1.27347,1.2781,LOSS,0.07,-3.25,-3.32,297.44,True
TR-GBPUSD-2024-08-06T100000-0268,GBPUSD,5,2024-08-06 10:00:00,2024-08-06 12:20:00,297.44,2.97,0.02,1.27502,1.27674,1.27172,1.27172,WIN,0.07,6.6,6.53,303.97,True
TR-GBPUSD-2024-08-06T151000-0269,GBPUSD,5,2024-08-06 15:10:00,2024-08-06 16:10:00,303.97,3.04,0.03,1.26903,1.27009,1.26707,1.26907,BREAKEVEN,0.1,-0.09,-0.2,303.77,True
TR-GBPUSD-2024-08-07T023000-0270,GBPUSD,5,2024-08-07 02:30:00,2024-08-07 03:50:00,303.77,3.04,0.05,1.2689,1.26956,1.26775,1.26961,LOSS,0.18,-3.53,-3.7,300.07,True
TR-GBPUSD-2024-08-07T044000-0271,GBPUSD,5,2024-08-07 04:40:00,2024-08-07 05:10:00,300.07,3.0,0.04,1.26961,1.27052,1.26795,1.27057,LOSS,0.14,-3.82,-3.96,296.11,True
TR-GBPUSD-2024-08-07T102000-0272,GBPUSD,2,2024-08-07 10:20:00,2024-08-07 13:50:00,296.11,2.96,0.02,1.27025,1.27164,1.26763,1.27169,LOSS,0.07,-2.87,-2.94,293.17,True
TR-GBPUSD-2024-08-08T084000-0273,GBPUSD,5,2024-08-08 08:40:00,2024-08-08 09:20:00,293.17,2.93,0.05,1.26927,1.26994,1.26808,1.26999,LOSS,0.18,-3.6,-3.78,289.4,True
TR-GBPUSD-2024-08-08T103000-0274,GBPUSD,2,2024-08-08 10:30:00,2024-08-08 15:30:00,289.4,2.89,0.02,1.26981,1.27167,1.26625,1.26985,BREAKEVEN,0.07,-0.06,-0.13,289.27,True
TR-GBPUSD-2024-08-09T043000-0275,GBPUSD,2,2024-08-09 04:30:00,2024-08-09 09:30:00,289.27,2.89,0.03,1.27473,1.27369,1.27634,1.27634,WIN,0.1,4.86,4.75,294.02,True
TR-GBPUSD-2024-08-12T150000-0276,GBPUSD,2,2024-08-12 15:00:00,2024-08-12 17:50:00,294.02,2.94,0.03,1.27664,1.27559,1.27835,1.27835,WIN,0.1,5.13,5.03,299.05,True
TR-GBPUSD-2024-08-13T092000-0277,GBPUSD,5,2024-08-13 09:20:00,2024-08-13 21:10:00,299.05,2.99,0.01,1.28026,1.27732,1.2857,1.2857,WIN,0.04,5.44,5.4,304.45,True
TR-GBPUSD-2024-08-14T030000-0278,GBPUSD,2,2024-08-14 03:00:00,2024-08-14 05:00:00,304.45,3.04,0.08,1.28652,1.28603,1.28711,1.28598,LOSS,0.28,-4.32,-4.6,299.85,True
TR-GBPUSD-2024-08-15T101000-0279,GBPUSD,2,2024-08-15 10:10:00,2024-08-15 11:10:00,299.85,3.0,0.04,1.28459,1.28366,1.28618,1.28456,BREAKEVEN,0.14,-0.12,-0.26,299.59,True
TR-GBPUSD-2024-08-15T150000-0280,GBPUSD,2,2024-08-15 15:00:00,2024-08-15 15:20:00,299.59,3.0,0.07,1.28612,1.28558,1.2868,1.2868,WIN,0.25,4.76,4.52,304.11,True
TR-GBPUSD-2024-08-16T043000-0281,GBPUSD,5,2024-08-16 04:30:00,2024-08-16 09:10:00,304.11,3.04,0.04,1.28664,1.28571,1.28803,1.28803,WIN,0.14,5.6,5.46,309.57,True
TR-GBPUSD-2024-08-16T151000-0282,GBPUSD,2,2024-08-16 15:10:00,2024-08-16 15:50:00,309.57,3.1,0.03,1.29107,1.28998,1.29285,1.28993,LOSS,0.1,-3.41,-3.51,306.06,True
TR-GBPUSD-2024-08-19T105000-0283,GBPUSD,2,2024-08-19 10:50:00,2024-08-19 12:20:00,306.06,3.06,0.03,1.29629,1.29529,1.29792,1.29626,BREAKEVEN,0.1,-0.09,-0.2,305.86,True
TR-GBPUSD-2024-08-19T150000-0284,GBPUSD,2,2024-08-19 15:00:00,2024-08-19 16:10:00,305.86,3.06,0.03,1.29532,1.29417,1.29725,1.29412,LOSS,0.1,-3.59,-3.69,302.17,True
TR-GBPUSD-2024-08-20T093000-0285,GBPUSD,5,2024-08-20 09:30:00,2024-08-20 11:10:00,302.17,3.02,0.03,1.29879,1.29761,1.30085,1.30085,WIN,0.1,6.18,6.08,308.25,True
TR-GBPUSD-2024-08-20T150000-0286,GBPUSD,2,2024-08-20 15:00:00,2024-08-20 17:40:00,308.25,3.08,0.02,1.30051,1.29909,1.30294,1.30294,WIN,0.07,4.86,4.79,313.04,True
TR-GBPUSD-2024-08-21T033000-0287,GBPUSD,2,2024-08-21 03:30:00,2024-08-21 04:40:00,313.04,3.13,0.05,1.30364,1.30287,1.30475,1.30282,LOSS,0.18,-4.08,-4.25,308.79,True
TR-GBPUSD-2024-08-21T101000-0288,GBPUSD,2,2024-08-21 10:10:00,2024-08-21 10:50:00,308.79,3.09,0.04,1.30238,1.30144,1.30381,1.30139,LOSS,0.14,-3.96,-4.1,304.69,True
TR-GBPUSD-2024-08-21T152000-0289,GBPUSD,2,2024-08-21 15:20:00,2024-08-21 16:20:00,304.69,3.05,0.04,1.30348,1.30266,1.30479,1.30479,WIN,0.14,5.24,5.1,309.79,True
TR-GBPUSD-2024-08-22T020000-0290,GBPUSD,5,2024-08-22 02:00:00,2024-08-22 05:00:00,309.79,3.1,0.06,1.30923,1.30858,1.3101,1.30853,LOSS,0.21,-4.17,-4.38,305.41,True
TR-GBPUSD-2024-08-22T093000-0291,GBPUSD,5,2024-08-22 09:30:00,2024-08-22 11:30:00,305.41,3.05,0.03,1.30892,1.30787,1.31068,1.31068,WIN,0.1,5.25,5.15,310.55,True
TR-GBPUSD-2024-08-22T155000-0292,GBPUSD,5,2024-08-22 15:50:00,2024-08-22 17:20:00,310.55,3.11,0.02,1.3112,1.30917,1.31488,1.30912,LOSS,0.07,-4.17,-4.24,306.31,True
TR-GBPUSD-2024-08-23T033000-0293,GBPUSD,5,2024-08-23 03:30:00,2024-08-23 08:30:00,306.31,3.06,0.04,1.30971,1.30886,1.31101,1.31101,WIN,0.14,5.2,5.06,311.37,True
TR-GBPUSD-2024-08-23T094000-0294,GBPUSD,5,2024-08-23 09:40:00,2024-08-23 10:30:00,311.37,3.11,0.04,1.31138,1.31044,1.31286,1.31135,BREAKEVEN,0.14,-0.12,-0.26,311.11,True
TR-GBPUSD-2024-08-26T042000-0295,GBPUSD,2,2024-08-26 04:20:00,2024-08-26 06:00:00,311.11,3.11,0.04,1.3218,1.32083,1.32328,1.32078,LOSS,0.14,-4.1,-4.24,306.87,True
TR-GBPUSD-2024-08-26T094000-0296,GBPUSD,2,2024-08-26 09:40:00,2024-08-26 10:30:00,306.87,3.07,0.03,1.32036,1.31927,1.32212,1.31922,LOSS,0.1,-3.42,-3.53,303.35,False
TR-GBPUSD-2024-08-26T155000-0297,GBPUSD,2,2024-08-26 15:50:00,2024-08-26 17:00:00,303.35,3.03,0.02,1.31999,1.31852,1.32254,1.31847,LOSS,0.07,-3.04,-3.11,300.24,True
TR-GBPUSD-2024-08-27T092000-0298,GBPUSD,5,2024-08-27 09:20:00,2024-08-27 10:40:00,300.24,3.0,0.03,1.3201,1.31889,1.32204,1.32007,BREAKEVEN,0.1,-0.09,-0.2,300.04,True
TR-GBPUSD-2024-08-28T033000-0299,GBPUSD,2,2024-08-28 03:30:00,2024-08-28 05:00:00,300.04,3.0,0.04,1.32574,1.32493,1.32702,1.32488,LOSS,0.14,-3.42,-3.56,296.48,True
TR-GBPUSD-2024-08-28T103000-0300,GBPUSD,5,2024-08-28 10:30:00,2024-08-28 11:50:00,296.48,2.96,0.02,1.32396,1.32255,1.32645,1.3225,LOSS,0.07,-2.92,-2.99,293.49,True
TR-GBPUSD-2024-08-28T152000-0301,GBPUSD,2,2024-08-28 15:20:00,2024-08-28 17:20:00,293.49,2.93,0.03,1.3208,1.32194,1.31868,1.32084,BREAKEVEN,0.1,-0.09,-0.2,293.3,True
TR-GBPUSD-2024-08-29T150000-0302,GBPUSD,5,2024-08-29 15:00:00,2024-08-29 15:30:00,293.3,2.93,0.03,1.31846,1.31967,1.3162,1.3185,BREAKEVEN,0.1,-0.09,-0.2,293.1,True
TR-GBPUSD-2024-08-30T154000-0303,GBPUSD,2,2024-08-30 15:40:00,2024-08-30 15:50:00,293.1,2.93,0.02,1.31756,1.31885,1.31514,1.31514,WIN,0.07,4.84,4.77,297.87,True
TR-GBPUSD-2024-09-02T043000-0304,GBPUSD,2,2024-09-02 04:30:00,2024-09-02 06:30:00,297.87,2.98,0.05,1.31322,1.31389,1.31203,1.31325,BREAKEVEN,0.18,-0.15,-0.33,297.55,True
TR-GBPUSD-2024-09-03T034000-0305,GBPUSD,2,2024-09-03 03:40:00,2024-09-03 07:30:00,297.55,2.98,0.04,1.31398,1.31482,1.31245,1.31245,WIN,0.14,6.12,5.98,303.53,True
TR-GBPUSD-2024-09-04T090000-0306,GBPUSD,5,2024-09-04 09:00:00,2024-09-04 10:40:00,303.53,3.04,0.04,1.31106,1.31194,1.30943,1.31199,LOSS,0.14,-3.74,-3.88,299.65,True
TR-GBPUSD-2024-09-04T153000-0307,GBPUSD,2,2024-09-04 15:30:00,2024-09-04 16:00:00,299.65,3.0,0.03,1.31128,1.31231,1.30939,1.31236,LOSS,0.1,-3.23,-3.33,296.32,True
TR-GBPUSD-2024-09-05T041000-0308,GBPUSD,2,2024-09-05 04:10:00,2024-09-05 10:00:00,296.32,2.96,0.05,1.31467,1.31391,1.31571,1.31386,LOSS,0.18,-4.05,-4.23,292.09,True
TR-GBPUSD-2024-09-05T102000-0309,GBPUSD,2,2024-09-05 10:20:00,2024-09-05 11:10:00,292.09,2.92,0.05,1.31414,1.31344,1.31524,1.31524,WIN,0.18,5.5,5.32,297.42,True
TR-GBPUSD-2024-09-05T152000-0310,GBPUSD,2,2024-09-05 15:20:00,2024-09-05 18:00:00,297.42,2.97,0.02,1.3169,1.31559,1.31917,1.31554,LOSS,0.07,-2.71,-2.78,294.64,True
TR-GBPUSD-2024-09-06T091000-0311,GBPUSD,2,2024-09-06 09:10:00,2024-09-06 10:20:00,294.64,2.95,0.03,1.3179,1.3168,1.31968,1.31787,BREAKEVEN,0.1,-0.09,-0.2,294.44,True
TR-GBPUSD-2024-09-06T153000-0312,GBPUSD,2,2024-09-06 15:30:00,2024-09-06 15:40:00,294.44,2.94,0.08,1.31758,1.31696,1.31813,1.31813,WIN,0.28,4.4,4.12,298.56,True
TR-GBPUSD-2024-09-06T155000-0313,GBPUSD,2,2024-09-06 15:50:00,2024-09-06 18:10:00,298.56,2.99,0.01,1.32161,1.31448,1.33539,1.31443,LOSS,0.04,-7.18,-7.22,291.35,False
TR-GBPUSD-2024-09-09T025000-0314,GBPUSD,5,2024-09-09 02:50:00,2024-09-09 03:20:00,291.35,2.91,0.05,1.31337,1.31402,1.31222,1.31407,LOSS,0.18,-3.5,-3.68,287.67,True
TR-GBPUSD-2024-09-09T035000-0315,GBPUSD,6,2024-09-09 03:50:00,2024-09-09 08:10:00,287.67,2.88,0.03,1.31352,1.31444,1.31185,1.31185,WIN,0.1,5.04,4.93,292.61,True
TR-GBPUSD-2024-09-09T090000-0316,GBPUSD,5,2024-09-09 09:00:00,2024-09-09 09:50:00,292.61,2.93,0.05,1.31148,1.31212,1.31036,1.31036,WIN,0.18,5.6,5.43,298.03,False
TR-GBPUSD-2024-09-09T100000-0317,GBPUSD,2,2024-09-09 10:00:00,2024-09-09 11:40:00,298.03,2.98,0.03,1.31076,1.31188,1.30867,1.30867,WIN,0.1,6.27,6.17,304.2,True
TR-GBPUSD-2024-09-09T155000-0318,GBPUSD,2,2024-09-09 15:50:00,2024-09-09 16:30:00,304.2,3.04,0.03,1.30862,1.30981,1.3064,1.30986,LOSS,0.1,-3.71,-3.81,300.39,True
TR-GBPUSD-2024-09-10T030000-0319,GBPUSD,5,2024-09-10 03:00:00,2024-09-10 03:30:00,300.39,3.0,0.05,1.30704,1.30768,1.30592,1.30592,WIN,0.18,5.6,5.43,305.81,True
TR-GBPUSD-2024-09-10T153000-0320,GBPUSD,5,2024-09-10 15:30:00,2024-09-10 16:40:00,305.81,3.06,0.03,1.30867,1.30978,1.30661,1.30661,WIN,0.1,6.18,6.08,311.89,True
TR-GBPUSD-2024-09-11T031000-0321,GBPUSD,6,2024-09-11 03:10:00,2024-09-11 04:40:00,311.89,3.12,0.04,1.30776,1.30868,1.30609,1.30873,LOSS,0.14,-3.86,-4.0,307.89,True
TR-GBPUSD-2024-09-11T154000-0322,GBPUSD,2,2024-09-11 15:40:00,2024-09-11 17:20:00,307.89,3.08,0.01,1.30706,1.30947,1.30239,1.30239,WIN,0.04,4.67,4.64,312.52,True
TR-GBPUSD-2024-09-12T032000-0323,GBPUSD,2,2024-09-12 03:20:00,2024-09-12 07:00:00,312.52,3.13,0.05,1.30358,1.30425,1.30237,1.3043,LOSS,0.18,-3.63,-3.8,308.72,True
TR-GBPUSD-2024-09-12T100000-0324,GBPUSD,5,2024-09-12 10:00:00,2024-09-12 11:30:00,308.72,3.09,0.03,1.30477,1.30599,1.30248,1.3048,BREAKEVEN,0.1,-0.09,-0.2,308.53,True
TR-GBPUSD-2024-09-13T031000-0325,GBPUSD,5,2024-09-13 03:10:00,2024-09-13 04:00:00,308.53,3.09,0.05,1.31336,1.31254,1.31455,1.31455,WIN,0.18,5.95,5.78,314.3,True
TR-GBPUSD-2024-09-13T104000-0326,GBPUSD,2,2024-09-13 10:40:00,2024-09-13 11:40:00,314.3,3.14,0.03,1.31343,1.31239,1.31518,1.3134,BREAKEVEN,0.1,-0.09,-0.2,314.11,True
TR-GBPUSD-2024-09-16T032000-0327,GBPUSD,2,2024-09-16 03:20:00,2024-09-16 06:30:00,314.11,3.14,0.05,1.31388,1.31313,1.31496,1.31496,WIN,0.18,5.4,5.23,319.33,True
TR-GBPUSD-2024-09-16T104000-0328,GBPUSD,2,2024-09-16 10:40:00,2024-09-16 11:30:00,319.33,3.19,0.04,1.31662,1.3156,1.31826,1.31826,WIN,0.14,6.56,6.42,325.75,True
TR-GBPUSD-2024-09-16T153000-0329,GBPUSD,2,2024-09-16 15:30:00,2024-09-16 15:40:00,325.75,3.26,0.07,1.32017,1.31958,1.32092,1.31953,LOSS,0.25,-4.45,-4.69,321.06,True
TR-GBPUSD-2024-09-17T091000-0330,GBPUSD,2,2024-09-17 09:10:00,2024-09-17 12:00:00,321.06,3.21,0.04,1.32094,1.3201,1.32231,1.32231,WIN,0.14,5.44,5.3,326.36,True
TR-GBPUSD-2024-09-17T150000-0331,GBPUSD,5,2024-09-17 15:00:00,2024-09-17 15:30:00,326.36,3.26,0.03,1.32193,1.32074,1.32395,1.32069,LOSS,0.1,-3.72,-3.83,322.54,False
TR-GBPUSD-2024-09-18T154000-0332,GBPUSD,2,2024-09-18 15:40:00,2024-09-18 16:10:00,322.54,3.23,0.04,1.32122,1.32025,1.32271,1.32271,WIN,0.14,5.96,5.82,328.36,True
TR-GBPUSD-2024-09-19T101000-0333,GBPUSD,2,2024-09-19 10:10:00,2024-09-19 14:00:00,328.36,3.28,0.02,1.3253,1.32345,1.32858,1.32858,WIN,0.07,6.56,6.49,334.85,True
TR-GBPUSD-2024-09-20T150000-0334,GBPUSD,5,2024-09-20 15:00:00,2024-09-20 15:30:00,334.85,3.35,0.03,1.32966,1.32857,1.33146,1.33146,WIN,0.1,5.4,5.29,340.14,True
TR-GBPUSD-2024-09-24T030000-0335,GBPUSD,5,2024-09-24 03:00:00,2024-09-24 08:00:00,340.14,3.4,0.06,1.3347,1.334,1.33565,1.33565,WIN,0.21,5.7,5.49,345.63,True
TR-GBPUSD-2024-09-24T100000-0336,GBPUSD,5,2024-09-24 10:00:00,2024-09-24 12:40:00,345.63,3.46,0.02,1.3346,1.33281,1.33776,1.33776,WIN,0.07,6.32,6.25,351.88,True
TR-GBPUSD-2024-09-24T151000-0337,GBPUSD,2,2024-09-24 15:10:00,2024-09-24 17:10:00,351.88,3.52,0.03,1.33739,1.33612,1.3395,1.3395,WIN,0.1,6.33,6.22,358.11,True
TR-GBPUSD-2024-09-25T024000-0338,GBPUSD,5,2024-09-25 02:40:00,2024-09-25 04:50:00,358.11,3.58,0.06,1.34208,1.34137,1.34306,1.34132,LOSS,0.21,-4.53,-4.74,353.37,True
TR-GBPUSD-2024-09-25T153000-0339,GBPUSD,2,2024-09-25 15:30:00,2024-09-25 15:40:00,353.37,3.53,0.09,1.338,1.33746,1.33866,1.33866,WIN,0.32,5.94,5.63,358.99,True
TR-GBPUSD-2024-09-26T043000-0340,GBPUSD,5,2024-09-26 04:30:00,2024-09-26 05:00:00,358.99,3.59,0.05,1.33237,1.33315,1.33096,1.3332,LOSS,0.18,-4.15,-4.33,354.67,True
TR-GBPUSD-2024-09-27T154000-0341,GBPUSD,2,2024-09-27 15:40:00,2024-09-27 18:20:00,354.67,3.55,0.02,1.33982,1.33766,1.34383,1.33979,BREAKEVEN,0.07,-0.06,-0.13,354.54,True
TR-GBPUSD-2024-09-30T105000-0342,GBPUSD,2,2024-09-30 10:50:00,2024-09-30 11:50:00,354.54,3.55,0.02,1.33882,1.33717,1.34166,1.34166,WIN,0.07,5.68,5.61,360.15,True
TR-GBPUSD-2024-10-01T034000-0343,GBPUSD,5,2024-10-01 03:40:00,2024-10-01 04:30:00,360.15,3.6,0.04,1.33714,1.33802,1.33554,1.33807,LOSS,0.14,-3.7,-3.84,356.31,True
TR-GBPUSD-2024-10-01T090000-0344,GBPUSD,5,2024-10-01 09:00:00,2024-10-01 10:10:00,356.31,3.56,0.03,1.33761,1.33878,1.33543,1.33543,WIN,0.1,6.54,6.44,362.74,True
TR-GBPUSD-2024-10-01T102000-0345,GBPUSD,2,2024-10-01 10:20:00,2024-10-01 16:40:00,362.74,3.63,0.01,1.336,1.33861,1.33093,1.33093,WIN,0.04,5.07,5.04,367.78,True
TR-GBPUSD-2024-10-02T074000-0346,GBPUSD,5,2024-10-02 07:40:00,2024-10-02 08:40:00,367.78,3.68,0.04,1.32839,1.32943,1.32646,1.32646,WIN,0.14,7.72,7.58,375.36,True
TR-GBPUSD-2024-10-02T152000-0347,GBPUSD,5,2024-10-02 15:20:00,2024-10-02 16:00:00,375.36,3.75,0.05,1.32892,1.3298,1.32732,1.32732,WIN,0.18,8.0,7.83,383.18,True
TR-GBPUSD-2024-10-03T031000-0348,GBPUSD,5,2024-10-03 03:10:00,2024-10-03 04:40:00,383.18,3.83,0.07,1.32638,1.32702,1.32526,1.32526,WIN,0.25,7.84,7.6,390.78,True
TR-GBPUSD-2024-10-03T092000-0349,GBPUSD,5,2024-10-03 09:20:00,2024-10-03 11:00:00,390.78,3.91,0.03,1.31802,1.31946,1.31529,1.31529,WIN,0.1,8.19,8.08,398.86,True
TR-GBPUSD-2024-10-03T151000-0350,GBPUSD,2,2024-10-03 15:10:00,2024-10-03 15:30:00,398.86,3.99,0.03,1.31073,1.31203,1.30828,1.31208,LOSS,0.1,-4.05,-4.16,394.71,True
TR-GBPUSD-2024-10-04T153000-0351,GBPUSD,5,2024-10-04 15:30:00,2024-10-04 23:10:00,394.71,3.95,0.01,1.31292,1.31765,1.30361,1.31295,BREAKEVEN,0.04,-0.03,-0.07,394.64,True
TR-GBPUSD-2024-10-07T102000-0352,GBPUSD,2,2024-10-07 10:20:00,2024-10-07 12:00:00,394.64,3.95,0.04,1.31116,1.31232,1.30898,1.30898,WIN,0.14,8.72,8.58,403.22,True
TR-GBPUSD-2024-10-07T153000-0353,GBPUSD,2,2024-10-07 15:30:00,2024-10-07 20:20:00,403.22,4.03,0.03,1.30773,1.30922,1.30491,1.30927,LOSS,0.1,-4.61,-4.71,398.51,True
TR-GBPUSD-2024-10-08T085000-0354,GBPUSD,2,2024-10-08 08:50:00,2024-10-08 10:00:00,398.51,3.99,0.05,1.30914,1.30993,1.30771,1.30771,WIN,0.18,7.15,6.97,405.49,True
TR-GBPUSD-2024-10-08T101000-0355,GBPUSD,2,2024-10-08 10:10:00,2024-10-08 10:50:00,405.49,4.05,0.02,1.30736,1.30932,1.30359,1.30937,LOSS,0.07,-4.02,-4.09,401.4,True
TR-GBPUSD-2024-10-09T100000-0356,GBPUSD,2,2024-10-09 10:00:00,2024-10-09 10:40:00,401.4,4.01,0.04,1.3079,1.30895,1.30595,1.30793,BREAKEVEN,0.14,-0.12,-0.26,401.14,True
TR-GBPUSD-2024-10-09T150000-0357,GBPUSD,1,2024-10-09 15:00:00,2024-10-09 16:30:00,401.14,4.01,0.07,1.30849,1.30912,1.30738,1.30738,WIN,0.25,7.77,7.53,408.66,True
TR-GBPUSD-2024-10-10T150000-0358,GBPUSD,2,2024-10-10 15:00:00,2024-10-10 15:30:00,408.66,4.09,0.03,1.30686,1.3085,1.30375,1.3069,BREAKEVEN,0.1,-0.09,-0.2,408.47,False
TR-GBPUSD-2024-10-11T044000-0359,GBPUSD,2,2024-10-11 04:40:00,2024-10-11 09:40:00,408.47,4.08,0.05,1.30605,1.30696,1.30438,1.30438,WIN,0.18,8.35,8.18,416.64,True
TR-GBPUSD-2024-10-11T154000-0360,GBPUSD,5,2024-10-11 15:40:00,2024-10-15 00:00:00,416.64,4.17,0.02,1.30618,1.3085,1.30169,1.30621,BREAKEVEN,0.07,-0.06,-0.13,416.51,True
TR-GBPUSD-2024-10-15T030000-0361,GBPUSD,2,2024-10-15 03:00:00,2024-10-15 06:40:00,416.51,4.17,0.08,1.30652,1.30588,1.30747,1.30583,LOSS,0.28,-5.52,-5.8,410.71,True
TR-GBPUSD-2024-10-15T091000-0362,GBPUSD,5,2024-10-15 09:10:00,2024-10-15 10:30:00,410.71,4.11,0.03,1.30409,1.30563,1.30116,1.30568,LOSS,0.1,-4.77,-4.88,405.84,True
TR-GBPUSD-2024-10-16T091000-0363,GBPUSD,2,2024-10-16 09:10:00,2024-10-18 09:10:00,405.84,4.06,0.01,1.30432,1.3079,1.29732,1.30436,BREAKEVEN,0.04,-0.03,-0.07,405.77,True
TR-GBPUSD-2024-10-22T153000-0364,GBPUSD,5,2024-10-22 15:30:00,2024-10-22 16:00:00,405.77,4.06,0.04,1.29767,1.2988,1.29556,1.29556,WIN,0.14,8.44,8.3,414.07,True
TR-GBPUSD-2024-10-23T031000-0365,GBPUSD,2,2024-10-23 03:10:00,2024-10-23 05:50:00,414.07,4.14,0.07,1.29783,1.29848,1.29669,1.29853,LOSS,0.25,-4.87,-5.11,408.96,True
TR-GBPUSD-2024-10-23T100000-0366,GBPUSD,2,2024-10-23 10:00:00,2024-10-23 19:20:00,408.96,4.09,0.02,1.29706,1.29898,1.29338,1.29338,WIN,0.07,7.36,7.29,416.25,True
TR-GBPUSD-2024-10-24T151000-0367,GBPUSD,2,2024-10-24 15:10:00,2024-10-24 17:30:00,416.25,4.16,0.05,1.2977,1.29668,1.29938,1.29767,BREAKEVEN,0.18,-0.15,-0.33,415.93,True
TR-GBPUSD-2024-10-25T102000-0368,GBPUSD,5,2024-10-25 10:20:00,2024-10-25 12:40:00,415.93,4.16,0.05,1.29659,1.29562,1.29817,1.29817,WIN,0.18,7.9,7.72,423.65,True
TR-GBPUSD-2024-10-25T154000-0369,GBPUSD,2,2024-10-25 15:40:00,2024-10-25 19:10:00,423.65,4.24,0.03,1.29892,1.29743,1.30157,1.29738,LOSS,0.1,-4.62,-4.73,418.93,True
TR-GBPUSD-2024-10-28T030000-0370,GBPUSD,5,2024-10-28 03:00:00,2024-10-28 08:20:00,418.93,4.19,0.04,1.29541,1.29644,1.2935,1.29544,BREAKEVEN,0.14,-0.12,-0.26,418.67,True
TR-GBPUSD-2024-10-29T105000-0371,GBPUSD,2,2024-10-29 10:50:00,2024-10-30 12:30:00,418.67,4.19,0.02,1.29891,1.29691,1.30261,1.29888,BREAKEVEN,0.07,-0.06,-0.13,418.54,True
TR-GBPUSD-2024-10-31T035000-0372,GBPUSD,5,2024-10-31 03:50:00,2024-10-31 05:40:00,418.54,4.19,0.06,1.29519,1.29593,1.29386,1.29522,BREAKEVEN,0.21,-0.18,-0.39,418.15,True
TR-GBPUSD-2024-10-31T155000-0373,GBPUSD,2,2024-10-31 15:50:00,2024-10-31 16:00:00,418.15,4.18,0.02,1.2973,1.29908,1.29389,1.29389,WIN,0.07,6.82,6.75,424.9,True
TR-GBPUSD-2024-11-01T020000-0374,GBPUSD,5,2024-11-01 02:00:00,2024-11-01 08:10:00,424.9,4.25,0.05,1.2896,1.29045,1.28804,1.28963,BREAKEVEN,0.18,-0.15,-0.33,424.57,True
TR-GBPUSD-2024-11-01T100000-0375,GBPUSD,5,2024-11-01 10:00:00,2024-11-01 10:20:00,424.57,4.25,0.04,1.28938,1.29056,1.28717,1.29061,LOSS,0.14,-4.92,-5.06,419.51,True
TR-GBPUSD-2024-11-04T032000-0376,GBPUSD,2,2024-11-04 03:20:00,2024-11-04 04:50:00,419.51,4.2,0.05,1.29652,1.29561,1.298,1.298,WIN,0.18,7.4,7.23,426.74,True
TR-GBPUSD-2024-11-04T152000-0377,GBPUSD,2,2024-11-04 15:20:00,2024-11-04 18:10:00,426.74,4.27,0.03,1.29734,1.29583,1.29994,1.29731,BREAKEVEN,0.1,-0.09,-0.2,426.54,True
TR-GBPUSD-2024-11-05T154000-0378,GBPUSD,2,2024-11-05 15:40:00,2024-11-05 16:20:00,426.54,4.27,0.05,1.29851,1.29759,1.29993,1.29993,WIN,0.18,7.1,6.92,433.47,False
TR-GBPUSD-2024-11-06T083000-0379,GBPUSD,5,2024-11-06 08:30:00,2024-11-06 10:40:00,433.47,4.33,0.01,1.28634,1.2895,1.28018,1.28955,LOSS,0.04,-3.21,-3.24,430.23,True
TR-GBPUSD-2024-11-06T150000-0380,GBPUSD,5,2024-11-06 15:00:00,2024-11-06 15:10:00,430.23,4.3,0.05,1.28499,1.28583,1.28347,1.28588,LOSS,0.18,-4.43,-4.6,425.63,True
TR-GBPUSD-2024-11-07T032000-0381,GBPUSD,5,2024-11-07 03:20:00,2024-11-07 04:10:00,425.63,4.26,0.03,1.28786,1.28938,1.28498,1.28943,LOSS,0.1,-4.7,-4.8,420.83,True
TR-GBPUSD-2024-11-07T102000-0382,GBPUSD,2,2024-11-07 10:20:00,2024-11-07 11:10:00,420.83,4.21,0.04,1.29335,1.29225,1.29519,1.2922,LOSS,0.14,-4.6,-4.74,416.09,True
TR-GBPUSD-2024-11-11T151000-0383,GBPUSD,5,2024-11-11 15:10:00,2024-11-11 15:30:00,416.09,4.16,0.05,1.28827,1.28913,1.2867,1.2867,WIN,0.18,7.85,7.68,423.76,True
TR-GBPUSD-2024-11-12T022000-0384,GBPUSD,5,2024-11-12 02:20:00,2024-11-12 04:10:00,423.76,4.24,0.06,1.28692,1.28769,1.28553,1.28553,WIN,0.21,8.34,8.13,431.89,True
TR-GBPUSD-2024-11-12T103000-0385,GBPUSD,5,2024-11-12 10:30:00,2024-11-12 11:00:00,431.89,4.32,0.03,1.28009,1.28183,1.27676,1.28188,LOSS,0.1,-5.37,-5.48,426.42,True
TR-GBPUSD-2024-11-12T155000-0386,GBPUSD,2,2024-11-12 15:50:00,2024-11-12 16:30:00,426.42,4.26,0.04,1.28134,1.28246,1.27926,1.27926,WIN,0.14,8.32,8.18,434.6,True
TR-GBPUSD-2024-11-13T081000-0387,GBPUSD,5,2024-11-13 08:10:00,2024-11-13 09:40:00,434.6,4.35,0.06,1.27408,1.27488,1.27264,1.27412,BREAKEVEN,0.21,-0.18,-0.39,434.21,True
TR-GBPUSD-2024-11-14T030000-0388,GBPUSD,5,2024-11-14 03:00:00,2024-11-14 03:40:00,434.21,4.34,0.07,1.27062,1.27131,1.26938,1.26938,WIN,0.25,8.68,8.43,442.64,True
TR-GBPUSD-2024-11-14T100000-0389,GBPUSD,6,2024-11-14 10:00:00,2024-11-14 11:00:00,442.64,4.43,0.05,1.26876,1.26967,1.26709,1.26709,WIN,0.18,8.35,8.18,450.82,True
TR-GBPUSD-2024-11-14T153000-0390,GBPUSD,5,2024-11-14 15:30:00,2024-11-14 16:20:00,450.82,4.51,0.03,1.26631,1.26802,1.26304,1.26807,LOSS,0.1,-5.28,-5.39,445.43,True
TR-GBPUSD-2024-11-15T024000-0391,GBPUSD,5,2024-11-15 02:40:00,2024-11-15 03:30:00,445.43,4.45,0.06,1.2662,1.26704,1.26465,1.26709,LOSS,0.21,-5.37,-5.58,439.85,True
TR-GBPUSD-2024-11-15T100000-0392,GBPUSD,2,2024-11-15 10:00:00,2024-11-15 11:10:00,439.85,4.4,0.04,1.2671,1.26816,1.26513,1.26713,BREAKEVEN,0.14,-0.12,-0.26,439.59,True
TR-GBPUSD-2024-11-15T154000-0393,GBPUSD,5,2024-11-15 15:40:00,2024-11-15 22:00:00,439.59,4.4,0.02,1.26622,1.26881,1.26119,1.26119,WIN,0.07,10.06,9.99,449.58,True
TR-GBPUSD-2024-11-18T105000-0394,GBPUSD,5,2024-11-18 10:50:00,2024-11-18 16:40:00,449.58,4.5,0.05,1.26221,1.26324,1.2603,1.26329,LOSS,0.18,-5.4,-5.58,444.01,True
TR-GBPUSD-2024-11-19T032000-0395,GBPUSD,2,2024-11-19 03:20:00,2024-11-19 05:20:00,444.01,4.44,0.06,1.26716,1.26631,1.26852,1.26852,WIN,0.21,8.16,7.95,451.96,True
TR-GBPUSD-2024-11-19T100000-0396,GBPUSD,2,2024-11-19 10:00:00,2024-11-19 10:10:00,451.96,4.52,0.12,1.26734,1.26685,1.26799,1.2668,LOSS,0.42,-6.48,-6.9,445.06,True
TR-GBPUSD-2024-11-20T090000-0397,GBPUSD,2,2024-11-20 09:00:00,2024-11-20 09:10:00,445.06,4.45,0.11,1.26906,1.26849,1.26969,1.26969,WIN,0.39,6.93,6.54,451.6,True
TR-GBPUSD-2024-11-20T101000-0398,GBPUSD,2,2024-11-20 10:10:00,2024-11-20 10:40:00,451.6,4.52,0.12,1.26904,1.26852,1.26969,1.26847,LOSS,0.42,-6.84,-7.26,444.34,True
TR-GBPUSD-2024-11-21T093000-0399,GBPUSD,5,2024-11-21 09:30:00,2024-11-21 17:10:00,444.34,4.44,0.03,1.26402,1.26564,1.26093,1.26405,BREAKEVEN,0.1,-0.09,-0.2,444.15,True
TR-GBPUSD-2024-11-22T020000-0400,GBPUSD,2,2024-11-22 02:00:00,2024-11-22 03:00:00,444.15,4.44,0.07,1.2586,1.25925,1.25745,1.2593,LOSS,0.25,-4.9,-5.15,439.0,True
TR-GBPUSD-2024-11-22T090000-0401,GBPUSD,5,2024-11-22 09:00:00,2024-11-22 10:00:00,439.0,4.39,0.03,1.25608,1.25756,1.25327,1.25761,LOSS,0.1,-4.59,-4.7,434.31,True
TR-GBPUSD-2024-11-22T105000-0402,GBPUSD,5,2024-11-22 10:50:00,2024-11-22 11:10:00,434.31,4.34,0.03,1.25686,1.25816,1.25442,1.25442,WIN,0.1,7.32,7.22,441.52,True
TR-GBPUSD-2024-11-25T150000-0403,GBPUSD,5,2024-11-25 15:00:00,2024-11-25 15:30:00,441.52,4.42,0.03,1.25702,1.25531,1.26007,1.26007,WIN,0.1,9.15,9.05,450.57,True
TR-GBPUSD-2024-11-26T020000-0404,GBPUSD,5,2024-11-26 02:00:00,2024-11-26 11:10:00,450.57,4.51,0.01,1.25425,1.25734,1.24822,1.25739,LOSS,0.04,-3.14,-3.18,447.39,True
TR-GBPUSD-2024-11-27T083000-0405,GBPUSD,5,2024-11-27 08:30:00,2024-11-27 09:50:00,447.39,4.47,0.05,1.25743,1.25639,1.25909,1.25909,WIN,0.18,8.3,8.13,455.52,True
TR-GBPUSD-2024-11-27T102000-0406,GBPUSD,5,2024-11-27 10:20:00,2024-11-27 13:30:00,455.52,4.56,0.03,1.25998,1.25853,1.26247,1.25995,BREAKEVEN,0.1,-0.09,-0.2,455.32,True
TR-GBPUSD-2024-11-27T154000-0407,GBPUSD,2,2024-11-27 15:40:00,2024-11-27 17:50:00,455.32,4.55,0.03,1.26379,1.26214,1.26676,1.26676,WIN,0.1,8.91,8.81,464.13,True
TR-GBPUSD-2024-11-28T035000-0408,GBPUSD,2,2024-11-28 03:50:00,2024-11-28 04:40:00,464.13,4.64,0.06,1.26743,1.2665,1.26875,1.26645,LOSS,0.21,-5.88,-6.09,458.04,True
TR-GBPUSD-2024-11-28T092000-0409,GBPUSD,5,2024-11-28 09:20:00,2024-11-28 09:40:00,458.04,4.58,0.06,1.26638,1.26548,1.26778,1.26543,LOSS,0.21,-5.67,-5.88,452.16,True
TR-GBPUSD-2024-11-28T152000-0410,GBPUSD,2,2024-11-28 15:20:00,2024-11-28 16:30:00,452.16,4.52,0.09,1.26656,1.26592,1.26745,1.26653,BREAKEVEN,0.32,-0.27,-0.59,451.57,True
TR-GBPUSD-2024-11-29T031000-0411,GBPUSD,5,2024-11-29 03:10:00,2024-11-29 08:50:00,451.57,4.52,0.06,1.27031,1.26942,1.27161,1.27161,WIN,0.21,7.8,7.59,459.16,True
TR-GBPUSD-2024-12-02T100000-0412,GBPUSD,2,2024-12-02 10:00:00,2024-12-02 11:10:00,459.16,4.59,0.03,1.26833,1.27007,1.26501,1.27012,LOSS,0.1,-5.36,-5.46,453.7,True
TR-GBPUSD-2024-12-02T154000-0413,GBPUSD,2,2024-12-02 15:40:00,2024-12-02 16:00:00,453.7,4.54,0.08,1.26748,1.26808,1.26644,1.26813,LOSS,0.28,-5.16,-5.44,448.26,True
TR-GBPUSD-2024-12-03T033000-0414,GBPUSD,2,2024-12-03 03:30:00,2024-12-03 09:20:00,448.26,4.48,0.05,1.26486,1.26582,1.2631,1.26587,LOSS,0.18,-5.03,-5.2,443.06,True
TR-GBPUSD-2024-12-03T150000-0415,GBPUSD,2,2024-12-03 15:00:00,2024-12-03 15:40:00,443.06,4.43,0.03,1.2647,1.26616,1.26193,1.26621,LOSS,0.1,-4.53,-4.64,438.43,True
TR-GBPUSD-2024-12-04T085000-0416,GBPUSD,5,2024-12-04 08:50:00,2024-12-04 09:40:00,438.43,4.38,0.03,1.2694,1.2678,1.27213,1.26775,LOSS,0.1,-4.94,-5.04,433.39,True
TR-GBPUSD-2024-12-04T101000-0417,GBPUSD,2,2024-12-04 10:10:00,2024-12-04 10:50:00,433.39,4.33,0.04,1.26849,1.26719,1.27064,1.26714,LOSS,0.14,-5.4,-5.54,427.85,True
TR-GBPUSD-2024-12-04T153000-0418,GBPUSD,5,2024-12-04 15:30:00,2024-12-04 17:00:00,427.85,4.28,0.04,1.26716,1.26595,1.26924,1.26924,WIN,0.14,8.32,8.18,436.03,True
TR-GBPUSD-2024-12-05T075000-0419,GBPUSD,2,2024-12-05 07:50:00,2024-12-05 09:10:00,436.03,4.36,0.06,1.27131,1.27047,1.27256,1.27256,WIN,0.21,7.5,7.29,443.32,True
TR-GBPUSD-2024-12-05T100000-0420,GBPUSD,5,2024-12-05 10:00:00,2024-12-05 11:10:00,443.32,4.43,0.05,1.27253,1.27144,1.27426,1.2725,BREAKEVEN,0.18,-0.15,-0.33,442.99,True
TR-GBPUSD-2024-12-05T152000-0421,GBPUSD,2,2024-12-05 15:20:00,2024-12-05 16:00:00,442.99,4.43,0.04,1.27328,1.27205,1.27537,1.27537,WIN,0.14,8.36,8.22,451.21,True
TR-GBPUSD-2024-12-06T100000-0422,GBPUSD,2,2024-12-06 10:00:00,2024-12-06 15:30:00,451.21,4.51,0.03,1.2759,1.27439,1.27859,1.27859,WIN,0.1,8.07,7.97,459.18,True
TR-GBPUSD-2024-12-06T154000-0423,GBPUSD,2,2024-12-06 15:40:00,2024-12-06 16:20:00,459.18,4.59,0.02,1.27878,1.27644,1.28295,1.27639,LOSS,0.07,-4.78,-4.85,454.33,True
TR-GBPUSD-2024-12-09T024000-0424,GBPUSD,5,2024-12-09 02:40:00,2024-12-09 05:40:00,454.33,4.54,0.08,1.27417,1.2748,1.27306,1.27306,WIN,0.28,8.88,8.6,462.93,True
TR-GBPUSD-2024-12-09T151000-0425,GBPUSD,6,2024-12-09 15:10:00,2024-12-09 15:40:00,462.93,4.63,0.06,1.27592,1.27505,1.27733,1.27733,WIN,0.21,8.46,8.25,471.18,True
TR-GBPUSD-2024-12-09T155000-0426,GBPUSD,2,2024-12-09 15:50:00,2024-12-09 19:10:00,471.18,4.71,0.03,1.27779,1.276,1.28102,1.27776,BREAKEVEN,0.1,-0.09,-0.2,470.98,True
TR-GBPUSD-2024-12-10T032000-0427,GBPUSD,2,2024-12-10 03:20:00,2024-12-10 04:10:00,470.98,4.71,0.08,1.27456,1.27522,1.2734,1.27527,LOSS,0.28,-5.64,-5.92,465.06,True
TR-GBPUSD-2024-12-10T101000-0428,GBPUSD,2,2024-12-10 10:10:00,2024-12-10 12:10:00,465.06,4.65,0.04,1.2746,1.27572,1.27251,1.27577,LOSS,0.14,-4.68,-4.82,460.24,True
TR-GBPUSD-2024-12-10T154000-0429,GBPUSD,5,2024-12-10 15:40:00,2024-12-10 17:10:00,460.24,4.6,0.04,1.27534,1.27415,1.27727,1.2741,LOSS,0.14,-4.96,-5.1,455.14,True
TR-GBPUSD-2024-12-12T091000-0430,GBPUSD,5,2024-12-12 09:10:00,2024-12-12 10:00:00,455.14,4.55,0.05,1.27742,1.27636,1.27915,1.27631,LOSS,0.18,-5.55,-5.73,449.42,True
TR-GBPUSD-2024-12-12T150000-0431,GBPUSD,5,2024-12-12 15:00:00,2024-12-12 15:40:00,449.42,4.49,0.04,1.27266,1.27374,1.27064,1.27379,LOSS,0.14,-4.54,-4.68,444.74,True
TR-GBPUSD-2024-12-13T033000-0432,GBPUSD,5,2024-12-13 03:30:00,2024-12-13 09:00:00,444.74,4.45,0.04,1.26697,1.26814,1.26478,1.26478,WIN,0.14,8.76,8.62,453.36,True
TR-GBPUSD-2024-12-16T100000-0433,GBPUSD,5,2024-12-16 10:00:00,2024-12-16 10:40:00,453.36,4.53,0.05,1.26334,1.26438,1.26141,1.26443,LOSS,0.18,-5.45,-5.63,447.73,True
TR-GBPUSD-2024-12-17T153000-0434,GBPUSD,2,2024-12-17 15:30:00,2024-12-17 16:30:00,447.73,4.48,0.09,1.27017,1.26953,1.271,1.26948,LOSS,0.32,-6.21,-6.53,441.21,True
TR-GBPUSD-2024-12-18T151000-0435,GBPUSD,2,2024-12-18 15:10:00,2024-12-18 15:50:00,441.21,4.41,0.03,1.27171,1.27024,1.27426,1.27019,LOSS,0.1,-4.56,-4.67,436.54,True
TR-GBPUSD-2024-12-19T153000-0436,GBPUSD,5,2024-12-19 15:30:00,2024-12-19 17:40:00,436.54,4.37,0.02,1.26019,1.26221,1.2563,1.2563,WIN,0.07,7.78,7.71,444.25,True
TR-GBPUSD-2024-12-23T033000-0437,GBPUSD,2,2024-12-23 03:30:00,2024-12-23 05:00:00,444.25,4.44,0.07,1.25758,1.25681,1.25859,1.25859,WIN,0.25,7.07,6.82,451.08,True
TR-GBPUSD-2024-12-23T105000-0438,GBPUSD,5,2024-12-23 10:50:00,2024-12-23 12:00:00,451.08,4.51,0.05,1.25688,1.25585,1.25854,1.25685,BREAKEVEN,0.18,-0.15,-0.33,450.75,True
TR-GBPUSD-2024-12-25T084000-0439,GBPUSD,2,2024-12-25 08:40:00,2024-12-25 09:00:00,450.75,4.51,0.02,1.25315,1.25585,1.2479,1.2559,LOSS,0.07,-5.5,-5.57,445.18,True
TR-GBPUSD-2024-12-27T104000-0440,GBPUSD,2,2024-12-27 10:40:00,2024-12-27 12:50:00,445.18,4.45,0.03,1.25227,1.25368,1.24961,1.2523,BREAKEVEN,0.1,-0.09,-0.2,444.99,True
TR-GBPUSD-2024-12-27T154000-0441,GBPUSD,2,2024-12-27 15:40:00,2024-12-27 17:20:00,444.99,4.45,0.04,1.2562,1.25488,1.25851,1.25617,BREAKEVEN,0.14,-0.12,-0.26,444.73,True
TR-GBPUSD-2024-12-31T102000-0442,GBPUSD,5,2024-12-31 10:20:00,2024-12-31 15:00:00,444.73,4.45,0.04,1.25538,1.25662,1.25305,1.25305,WIN,0.14,9.32,9.18,453.91,True
TR-GBPUSD-2024-12-31T155000-0443,GBPUSD,2,2024-12-31 15:50:00,2024-12-31 17:10:00,453.91,4.54,0.04,1.25268,1.25389,1.25039,1.25394,LOSS,0.14,-5.06,-5.2,448.71,True
TR-GBPUSD-2025-01-02T101000-0444,GBPUSD,2,2025-01-02 10:10:00,2025-01-02 12:00:00,448.71,4.49,0.03,1.25178,1.2535,1.24849,1.24849,WIN,0.1,9.87,9.77,458.47,True
TR-GBPUSD-2025-01-03T092000-0445,GBPUSD,5,2025-01-03 09:20:00,2025-01-03 11:10:00,458.47,4.58,0.04,1.23966,1.24076,1.23762,1.24081,LOSS,0.14,-4.58,-4.72,453.75,True
TR-GBPUSD-2025-01-06T031000-0446,GBPUSD,2,2025-01-06 03:10:00,2025-01-06 08:40:00,453.75,4.54,0.04,1.24261,1.24145,1.24451,1.24451,WIN,0.14,7.6,7.46,461.21,True
TR-GBPUSD-2025-01-06T103000-0447,GBPUSD,5,2025-01-06 10:30:00,2025-01-06 12:10:00,461.21,4.61,0.03,1.24682,1.24486,1.25036,1.24679,BREAKEVEN,0.1,-0.09,-0.2,461.02,True
TR-GBPUSD-2025-01-06T155000-0448,GBPUSD,2,2025-01-06 15:50:00,2025-01-06 16:00:00,461.02,4.61,0.11,1.25284,1.25227,1.25358,1.25358,WIN,0.39,8.14,7.76,468.77,True
TR-GBPUSD-2025-01-07T030000-0449,GBPUSD,5,2025-01-07 03:00:00,2025-01-07 05:40:00,468.77,4.69,0.05,1.25115,1.25005,1.25287,1.25287,WIN,0.18,8.6,8.42,477.2,True
TR-GBPUSD-2025-01-07T073000-0450,GBPUSD,5,2025-01-07 07:30:00,2025-01-07 08:10:00,477.2,4.77,0.09,1.25328,1.2526,1.25424,1.25424,WIN,0.32,8.55,8.24,485.43,True
TR-GBPUSD-2025-01-07T092000-0451,GBPUSD,5,2025-01-07 09:20:00,2025-01-07 10:10:00,485.43,4.85,0.04,1.2547,1.25328,1.25711,1.25466,BREAKEVEN,0.14,-0.12,-0.26,485.17,True
TR-GBPUSD-2025-01-07T105000-0452,GBPUSD,2,2025-01-07 10:50:00,2025-01-07 11:10:00,485.17,4.85,0.04,1.25437,1.25295,1.25682,1.25682,WIN,0.14,9.8,9.66,494.83,True
TR-GBPUSD-2025-01-08T090000-0453,GBPUSD,5,2025-01-08 09:00:00,2025-01-08 09:40:00,494.83,4.95,0.07,1.24879,1.24954,1.24745,1.24745,WIN,0.25,9.38,9.14,503.97,True
TR-GBPUSD-2025-01-08T101000-0454,GBPUSD,2,2025-01-08 10:10:00,2025-01-08 13:20:00,503.97,5.04,0.03,1.2459,1.24782,1.24221,1.24221,WIN,0.1,11.07,10.96,514.93,True
TR-GBPUSD-2025-01-08T154000-0455,GBPUSD,2,2025-01-08 15:40:00,2025-01-08 16:00:00,514.93,5.15,0.02,1.23323,1.23607,1.2277,1.23612,LOSS,0.07,-5.78,-5.85,509.08,True
TR-GBPUSD-2025-01-09T021000-0456,GBPUSD,5,2025-01-09 02:10:00,2025-01-09 03:00:00,509.08,5.09,0.08,1.23576,1.23646,1.23449,1.23579,BREAKEVEN,0.28,-0.24,-0.52,508.56,True
TR-GBPUSD-2025-01-09T034000-0457,GBPUSD,1,2025-01-09 03:40:00,2025-01-09 05:50:00,508.56,5.09,0.09,1.23601,1.23664,1.2349,1.2349,WIN,0.32,9.99,9.67,518.24,True
TR-GBPUSD-2025-01-09T081000-0458,GBPUSD,5,2025-01-09 08:10:00,2025-01-09 09:30:00,518.24,5.18,0.03,1.23187,1.23392,1.22793,1.22793,WIN,0.1,11.82,11.72,529.95,True
TR-GBPUSD-2025-01-10T022000-0459,GBPUSD,2,2025-01-10 02:20:00,2025-01-10 03:40:00,529.95,5.3,0.07,1.22998,1.23084,1.22842,1.23089,LOSS,0.25,-6.34,-6.58,523.37,True
TR-GBPUSD-2025-01-10T153000-0460,GBPUSD,5,2025-01-10 15:30:00,2025-01-13 06:30:00,523.37,5.23,0.01,1.22622,1.23227,1.21428,1.21428,WIN,0.04,11.94,11.9,535.28,True
TR-GBPUSD-2025-01-13T104000-0461,GBPUSD,5,2025-01-13 10:40:00,2025-01-13 11:30:00,535.28,5.35,0.03,1.21556,1.21725,1.21231,1.21231,WIN,0.1,9.72,9.62,544.89,True
TR-GBPUSD-2025-01-14T090000-0462,GBPUSD,5,2025-01-14 09:00:00,2025-01-14 09:40:00,544.89,5.45,0.06,1.22128,1.22016,1.22306,1.22124,BREAKEVEN,0.21,-0.18,-0.39,544.5,True
TR-GBPUSD-2025-01-14T101000-0463,GBPUSD,2,2025-01-14 10:10:00,2025-01-14 10:40:00,544.5,5.45,0.04,1.2217,1.22032,1.22403,1.22167,BREAKEVEN,0.14,-0.12,-0.26,544.24,True
TR-GBPUSD-2025-01-14T151000-0464,GBPUSD,2,2025-01-14 15:10:00,2025-01-14 15:30:00,544.24,5.44,0.04,1.21609,1.2174,1.21364,1.21613,BREAKEVEN,0.14,-0.12,-0.26,543.98,True
TR-GBPUSD-2025-01-14T154000-0465,GBPUSD,2,2025-01-14 15:40:00,2025-01-14 17:40:00,543.98,5.44,0.02,1.21549,1.21852,1.20958,1.21857,LOSS,0.07,-6.16,-6.23,537.75,True
TR-GBPUSD-2025-01-15T073000-0466,GBPUSD,5,2025-01-15 07:30:00,2025-01-15 09:00:00,537.75,5.38,0.09,1.22044,1.21969,1.22154,1.22041,BREAKEVEN,0.32,-0.27,-0.59,537.17,True
TR-GBPUSD-2025-01-15T094000-0467,GBPUSD,5,2025-01-15 09:40:00,2025-01-15 10:00:00,537.17,5.37,0.03,1.21978,1.21794,1.22305,1.22305,WIN,0.1,9.81,9.7,546.87,True
TR-GBPUSD-2025-01-15T152000-0468,GBPUSD,2,2025-01-15 15:20:00,2025-01-15 15:30:00,546.87,5.47,0.03,1.22217,1.21987,1.22632,1.22632,WIN,0.1,12.45,12.35,559.22,True
TR-GBPUSD-2025-01-15T154000-0469,GBPUSD,2,2025-01-15 15:40:00,2025-01-15 18:40:00,559.22,5.59,0.01,1.22593,1.22131,1.23471,1.22126,LOSS,0.04,-4.67,-4.7,554.52,True
TR-GBPUSD-2025-01-16T024000-0470,GBPUSD,2,2025-01-16 02:40:00,2025-01-16 03:30:00,554.52,5.55,0.07,1.22418,1.22321,1.22563,1.22316,LOSS,0.25,-7.11,-7.35,547.17,True
TR-GBPUSD-2025-01-16T103000-0471,GBPUSD,2,2025-01-16 10:30:00,2025-01-16 17:10:00,547.17,5.47,0.03,1.22086,1.22252,1.21768,1.22089,BREAKEVEN,0.1,-0.09,-0.2,546.97,True
TR-GBPUSD-2025-01-17T092000-0472,GBPUSD,5,2025-01-17 09:20:00,2025-01-17 10:30:00,546.97,5.47,0.02,1.21916,1.22185,1.21392,1.21919,BREAKEVEN,0.07,-0.06,-0.13,546.84,True
TR-GBPUSD-2025-01-17T153000-0473,GBPUSD,2,2025-01-17 15:30:00,2025-01-17 16:20:00,546.84,5.47,0.05,1.21859,1.21973,1.21646,1.21646,WIN,0.18,10.65,10.47,557.32,False
TR-GBPUSD-2025-01-20T154000-0474,GBPUSD,2,2025-01-20 15:40:00,2025-01-20 16:50:00,557.32,5.57,0.01,1.22232,1.21794,1.23042,1.23042,WIN,0.04,8.1,8.06,565.38,True
TR-GBPUSD-2025-01-21T021000-0475,GBPUSD,5,2025-01-21 02:10:00,2025-01-21 02:50:00,565.38,5.65,0.03,1.23376,1.23196,1.23688,1.23191,LOSS,0.1,-5.55,-5.66,559.73,True
TR-GBPUSD-2025-01-22T022000-0476,GBPUSD,5,2025-01-22 02:20:00,2025-01-22 04:00:00,559.73,5.6,0.05,1.23445,1.23314,1.23662,1.23309,LOSS,0.18,-6.8,-6.98,552.75,True
TR-GBPUSD-2025-01-22T151000-0477,GBPUSD,2,2025-01-22 15:10:00,2025-01-22 15:40:00,552.75,5.53,0.05,1.23582,1.23451,1.23802,1.23446,LOSS,0.18,-6.8,-6.98,545.78,True
TR-GBPUSD-2025-01-23T090000-0478,GBPUSD,5,2025-01-23 09:00:00,2025-01-23 11:40:00,545.78,5.46,0.04,1.23092,1.23226,1.22839,1.23095,BREAKEVEN,0.14,-0.12,-0.26,545.52,True
TR-GBPUSD-2025-01-24T021000-0479,GBPUSD,2,2025-01-24 02:10:00,2025-01-24 04:20:00,545.52,5.46,0.08,1.23533,1.2345,1.23651,1.23651,WIN,0.28,9.44,9.16,554.68,True
TR-GBPUSD-2025-01-24T081000-0480,GBPUSD,2,2025-01-24 08:10:00,2025-01-24 09:30:00,554.68,5.55,0.04,1.24013,1.23851,1.24298,1.23846,LOSS,0.14,-6.68,-6.82,547.86,True
TR-GBPUSD-2025-01-24T100000-0481,GBPUSD,1,2025-01-24 10:00:00,2025-01-24 10:20:00,547.86,5.48,0.06,1.23829,1.23727,1.23991,1.23991,WIN,0.21,9.72,9.51,557.37,True
TR-GBPUSD-2025-01-24T103000-0482,GBPUSD,5,2025-01-24 10:30:00,2025-01-24 11:30:00,557.37,5.57,0.03,1.24012,1.23806,1.24379,1.24379,WIN,0.1,11.01,10.91,568.27,True
TR-GBPUSD-2025-01-24T155000-0483,GBPUSD,2,2025-01-24 15:50:00,2025-01-24 17:00:00,568.27,5.68,0.05,1.24133,1.23992,1.24369,1.24369,WIN,0.18,11.8,11.63,579.9,True
TR-GBPUSD-2025-01-27T082000-0484,GBPUSD,2,2025-01-27 08:20:00,2025-01-27 09:40:00,579.9,5.8,0.05,1.24556,1.24428,1.2476,1.24423,LOSS,0.18,-6.63,-6.8,573.1,True
TR-GBPUSD-2025-01-27T104000-0485,GBPUSD,2,2025-01-27 10:40:00,2025-01-27 10:50:00,573.1,5.73,0.13,1.24459,1.24401,1.24533,1.24533,WIN,0.46,9.62,9.17,582.26,True
TR-GBPUSD-2025-01-27T155000-0486,GBPUSD,2,2025-01-27 15:50:00,2025-01-27 17:00:00,582.26,5.82,0.07,1.25081,1.24985,1.25236,1.2498,LOSS,0.25,-7.04,-7.28,574.98,True
TR-GBPUSD-2025-01-28T094000-0487,GBPUSD,5,2025-01-28 09:40:00,2025-01-28 11:20:00,574.98,5.75,0.04,1.24354,1.24513,1.24051,1.24518,LOSS,0.14,-6.56,-6.7,568.28,True
TR-GBPUSD-2025-01-28T154000-0488,GBPUSD,2,2025-01-28 15:40:00,2025-01-28 16:20:00,568.28,5.68,0.06,1.24244,1.24341,1.24066,1.24346,LOSS,0.21,-6.09,-6.3,561.98,True
TR-GBPUSD-2025-01-29T101000-0489,GBPUSD,2,2025-01-29 10:10:00,2025-01-29 10:40:00,561.98,5.62,0.06,1.2455,1.24439,1.24736,1.24434,LOSS,0.21,-6.96,-7.17,554.81,True
TR-GBPUSD-2025-01-29T151000-0490,GBPUSD,5,2025-01-29 15:10:00,2025-01-29 17:20:00,554.81,5.55,0.04,1.24179,1.24315,1.23922,1.24182,BREAKEVEN,0.14,-0.12,-0.26,554.55,True
TR-GBPUSD-2025-01-30T101000-0491,GBPUSD,2,2025-01-30 10:10:00,2025-01-30 12:50:00,554.55,5.55,0.03,1.24531,1.24329,1.2489,1.24324,LOSS,0.1,-6.21,-6.32,548.24,True
TR-GBPUSD-2025-01-31T030000-0492,GBPUSD,5,2025-01-31 03:00:00,2025-01-31 04:40:00,548.24,5.48,0.06,1.24176,1.2427,1.24003,1.24275,LOSS,0.21,-5.94,-6.15,542.09,True
TR-GBPUSD-2025-01-31T103000-0493,GBPUSD,2,2025-01-31 10:30:00,2025-01-31 15:10:00,542.09,5.42,0.05,1.24266,1.2439,1.24033,1.24269,BREAKEVEN,0.18,-0.15,-0.33,541.76,True
TR-GBPUSD-2025-01-31T153000-0494,GBPUSD,2,2025-01-31 15:30:00,2025-01-31 16:20:00,541.76,5.42,0.04,1.24214,1.24342,1.23972,1.23972,WIN,0.14,9.68,9.54,551.3,True
TR-GBPUSD-2025-02-03T094000-0495,GBPUSD,2,2025-02-03 09:40:00,2025-02-03 09:50:00,551.3,5.51,0.05,1.22841,1.22965,1.22609,1.2297,LOSS,0.18,-6.43,-6.6,544.7,True
TR-GBPUSD-2025-02-03T100000-0496,GBPUSD,5,2025-02-03 10:00:00,2025-02-03 10:20:00,544.7,5.45,0.02,1.22787,1.23018,1.22341,1.23023,LOSS,0.07,-4.71,-4.78,539.92,True
TR-GBPUSD-2025-02-04T103000-0497,GBPUSD,2,2025-02-04 10:30:00,2025-02-04 12:40:00,539.92,5.4,0.04,1.24176,1.24029,1.24428,1.24173,BREAKEVEN,0.14,-0.12,-0.26,539.66,True
TR-GBPUSD-2025-02-04T151000-0498,GBPUSD,2,2025-02-04 15:10:00,2025-02-04 16:20:00,539.66,5.4,0.04,1.24168,1.24018,1.24431,1.24431,WIN,0.14,10.52,10.38,550.04,True
TR-GBPUSD-2025-02-05T150000-0499,GBPUSD,2,2025-02-05 15:00:00,2025-02-05 15:40:00,550.04,5.5,0.06,1.25354,1.25241,1.25534,1.25236,LOSS,0.21,-7.05,-7.26,542.78,True
TR-GBPUSD-2025-02-06T102000-0500,GBPUSD,5,2025-02-06 10:20:00,2025-02-06 11:30:00,542.78,5.43,0.04,1.24658,1.24796,1.24395,1.24395,WIN,0.14,10.48,10.34,553.12,True
TR-GBPUSD-2025-02-06T155000-0501,GBPUSD,5,2025-02-06 15:50:00,2025-02-06 16:40:00,553.12,5.53,0.04,1.23842,1.23988,1.23566,1.23993,LOSS,0.14,-6.02,-6.16,546.96,True
TR-GBPUSD-2025-02-07T075000-0502,GBPUSD,5,2025-02-07 07:50:00,2025-02-07 09:20:00,546.96,5.47,0.09,1.2424,1.24309,1.24119,1.24314,LOSS,0.32,-6.62,-6.93,540.03,True
TR-GBPUSD-2025-02-07T151000-0503,GBPUSD,5,2025-02-07 15:10:00,2025-02-07 15:30:00,540.03,5.4,0.07,1.24466,1.24373,1.24609,1.24463,BREAKEVEN,0.25,-0.21,-0.46,539.58,True
TR-GBPUSD-2025-02-07T155000-0504,GBPUSD,2,2025-02-07 15:50:00,2025-02-10 00:10:00,539.58,5.4,0.01,1.24591,1.24967,1.23854,1.23854,WIN,0.04,7.37,7.34,546.91,True
TR-GBPUSD-2025-02-10T030000-0505,GBPUSD,2,2025-02-10 03:00:00,2025-02-10 05:30:00,546.91,5.47,0.07,1.23934,1.24015,1.23787,1.23937,BREAKEVEN,0.25,-0.21,-0.46,546.46,True
TR-GBPUSD-2025-02-10T102000-0506,GBPUSD,2,2025-02-10 10:20:00,2025-02-10 11:20:00,546.46,5.46,0.06,1.23996,1.24098,1.23809,1.24103,LOSS,0.21,-6.39,-6.6,539.86,True
TR-GBPUSD-2025-02-10T155000-0507,GBPUSD,2,2025-02-10 15:50:00,2025-02-10 17:40:00,539.86,5.4,0.05,1.2391,1.24028,1.2369,1.23914,BREAKEVEN,0.18,-0.15,-0.33,539.53,True
TR-GBPUSD-2025-02-11T043000-0508,GBPUSD,2,2025-02-11 04:30:00,2025-02-11 05:50:00,539.53,5.4,0.08,1.23557,1.23629,1.23428,1.2356,BREAKEVEN,0.28,-0.24,-0.52,539.01,True
TR-GBPUSD-2025-02-12T034000-0509,GBPUSD,2,2025-02-12 03:40:00,2025-02-12 10:40:00,539.01,5.39,0.06,1.24476,1.24367,1.24651,1.24473,BREAKEVEN,0.21,-0.18,-0.39,538.62,True
TR-GBPUSD-2025-02-13T035000-0510,GBPUSD,5,2025-02-13 03:50:00,2025-02-13 05:10:00,538.62,5.39,0.07,1.24516,1.24423,1.24646,1.24646,WIN,0.25,9.17,8.92,547.55,True
TR-GBPUSD-2025-02-14T032000-0511,GBPUSD,2,2025-02-14 03:20:00,2025-02-14 07:10:00,547.55,5.48,0.06,1.2565,1.25537,1.25834,1.25532,LOSS,0.21,-7.08,-7.29,540.26,True
TR-GBPUSD-2025-02-14T151000-0512,GBPUSD,2,2025-02-14 15:10:00,2025-02-14 15:30:00,540.26,5.4,0.05,1.25866,1.25755,1.26052,1.26052,WIN,0.18,9.3,9.12,549.38,True
TR-GBPUSD-2025-02-17T032000-0513,GBPUSD,2,2025-02-17 03:20:00,2025-02-17 03:40:00,549.38,5.49,0.11,1.25854,1.2579,1.25946,1.25946,WIN,0.39,10.12,9.74,559.12,True
TR-GBPUSD-2025-02-17T153000-0514,GBPUSD,2,2025-02-17 15:30:00,2025-02-17 16:00:00,559.12,5.59,0.14,1.25987,1.25938,1.26055,1.25933,LOSS,0.49,-7.56,-8.05,551.07,True
TR-GBPUSD-2025-02-18T090000-0515,GBPUSD,2,2025-02-18 09:00:00,2025-02-18 09:10:00,551.07,5.51,0.15,1.25963,1.2591,1.26021,1.26021,WIN,0.53,8.7,8.17,559.24,True
TR-GBPUSD-2025-02-18T092000-0516,GBPUSD,2,2025-02-18 09:20:00,2025-02-18 14:30:00,559.24,5.59,0.03,1.26146,1.25928,1.26547,1.25923,LOSS,0.1,-6.71,-6.81,552.43,True
TR-GBPUSD-2025-02-20T035000-0517,GBPUSD,2,2025-02-20 03:50:00,2025-02-20 05:00:00,552.43,5.52,0.05,1.25846,1.25954,1.25645,1.25959,LOSS,0.18,-5.65,-5.83,546.61,True
TR-GBPUSD-2025-02-20T090000-0518,GBPUSD,5,2025-02-20 09:00:00,2025-02-20 10:10:00,546.61,5.47,0.05,1.25927,1.26039,1.25718,1.26044,LOSS,0.18,-5.85,-6.03,540.58,True
TR-GBPUSD-2025-02-20T152000-0519,GBPUSD,2,2025-02-20 15:20:00,2025-02-20 17:30:00,540.58,5.41,0.04,1.26083,1.25946,1.26317,1.26317,WIN,0.14,9.36,9.22,549.8,True
TR-GBPUSD-2025-02-21T041000-0520,GBPUSD,5,2025-02-21 04:10:00,2025-02-21 04:30:00,549.8,5.5,0.07,1.26602,1.26503,1.26749,1.26599,BREAKEVEN,0.25,-0.21,-0.46,549.35,True
TR-GBPUSD-2025-02-21T104000-0521,GBPUSD,2,2025-02-21 10:40:00,2025-02-21 11:30:00,549.35,5.49,0.05,1.26623,1.26491,1.26842,1.26486,LOSS,0.18,-6.85,-7.03,542.32,True
TR-GBPUSD-2025-02-24T023000-0522,GBPUSD,5,2025-02-24 02:30:00,2025-02-24 08:50:00,542.32,5.42,0.03,1.26597,1.26408,1.26933,1.26594,BREAKEVEN,0.1,-0.09,-0.2,542.13,True
TR-GBPUSD-2025-02-25T100000-0523,GBPUSD,5,2025-02-25 10:00:00,2025-02-25 13:20:00,542.13,5.42,0.03,1.26149,1.26326,1.2581,1.26331,LOSS,0.1,-5.46,-5.57,536.56,True
TR-GBPUSD-2025-02-25T154000-0524,GBPUSD,2,2025-02-25 15:40:00,2025-02-25 18:10:00,536.56,5.37,0.04,1.26666,1.26528,1.26908,1.26523,LOSS,0.14,-5.7,-5.84,530.72,True
TR-GBPUSD-2025-02-26T101000-0525,GBPUSD,2,2025-02-26 10:10:00,2025-02-26 13:20:00,530.72,5.31,0.04,1.26545,1.26411,1.2677,1.26406,LOSS,0.14,-5.54,-5.68,525.04,True
TR-GBPUSD-2025-02-26T153000-0526,GBPUSD,2,2025-02-26 15:30:00,2025-02-26 18:00:00,525.04,5.25,0.03,1.26584,1.26395,1.26929,1.26929,WIN,0.1,10.35,10.25,535.29,True
TR-GBPUSD-2025-02-27T102000-0527,GBPUSD,2,2025-02-27 10:20:00,2025-02-27 13:40:00,535.29,5.35,0.06,1.2672,1.26619,1.26888,1.26717,BREAKEVEN,0.21,-0.18,-0.39,534.9,True
TR-GBPUSD-2025-02-27T150000-0528,GBPUSD,1,2025-02-27 15:00:00,2025-02-27 15:30:00,534.9,5.35,0.1,1.2676,1.26694,1.26856,1.26757,BREAKEVEN,0.35,-0.3,-0.65,534.25,True
TR-GBPUSD-2025-02-28T033000-0529,GBPUSD,5,2025-02-28 03:30:00,2025-02-28 04:50:00,534.25,5.34,0.06,1.26034,1.26131,1.25855,1.25855,WIN,0.21,10.74,10.53,544.78,True
TR-GBPUSD-2025-03-03T084000-0530,GBPUSD,2,2025-03-03 08:40:00,2025-03-03 11:10:00,544.78,5.45,0.06,1.25996,1.26086,1.25833,1.26,BREAKEVEN,0.21,-0.18,-0.39,544.39,True
TR-GBPUSD-2025-03-03T150000-0531,GBPUSD,2,2025-03-03 15:00:00,2025-03-03 17:00:00,544.39,5.44,0.05,1.26825,1.26706,1.27027,1.26822,BREAKEVEN,0.18,-0.15,-0.33,544.06,True
TR-GBPUSD-2025-03-04T030000-0532,GBPUSD,2,2025-03-04 03:00:00,2025-03-04 05:10:00,544.06,5.44,0.05,1.2698,1.26866,1.27165,1.26861,LOSS,0.18,-5.93,-6.1,537.96,True
TR-GBPUSD-2025-03-04T095000-0533,GBPUSD,5,2025-03-04 09:50:00,2025-03-04 10:40:00,537.96,5.38,0.05,1.27027,1.26911,1.27214,1.27214,WIN,0.18,9.35,9.17,547.14,True
TR-GBPUSD-2025-03-04T105000-0534,GBPUSD,2,2025-03-04 10:50:00,2025-03-04 15:40:00,547.14,5.47,0.03,1.27234,1.27016,1.27631,1.27231,BREAKEVEN,0.1,-0.09,-0.2,546.94,True
TR-GBPUSD-2025-03-05T030000-0535,GBPUSD,2,2025-03-05 03:00:00,2025-03-05 03:30:00,546.94,5.47,0.14,1.27888,1.27832,1.27948,1.27827,LOSS,0.49,-8.61,-9.1,537.84,True
TR-GBPUSD-2025-03-05T071000-0536,GBPUSD,2,2025-03-05 07:10:00,2025-03-05 09:00:00,537.84,5.38,0.09,1.2791,1.27831,1.28019,1.28019,WIN,0.32,9.81,9.5,547.34,True
TR-GBPUSD-2025-03-05T101000-0537,GBPUSD,5,2025-03-05 10:10:00,2025-03-05 10:20:00,547.34,5.47,0.03,1.28211,1.28036,1.28522,1.28522,WIN,0.1,9.33,9.22,556.56,True
TR-GBPUSD-2025-03-06T023000-0538,GBPUSD,5,2025-03-06 02:30:00,2025-03-06 04:40:00,556.56,5.57,0.07,1.28928,1.28831,1.29077,1.28925,BREAKEVEN,0.25,-0.21,-0.46,556.11,True
TR-GBPUSD-2025-03-06T090000-0539,GBPUSD,5,2025-03-06 09:00:00,2025-03-06 09:10:00,556.11,5.56,0.09,1.28984,1.28912,1.29097,1.29097,WIN,0.32,10.17,9.86,565.96,True
TR-GBPUSD-2025-03-07T082000-0540,GBPUSD,2,2025-03-07 08:20:00,2025-03-07 09:50:00,565.96,5.66,0.06,1.28888,1.28781,1.29055,1.29055,WIN,0.21,10.08,9.87,575.83,True
TR-GBPUSD-2025-03-07T100000-0541,GBPUSD,2,2025-03-07 10:00:00,2025-03-07 10:30:00,575.83,5.76,0.09,1.2902,1.28943,1.29143,1.29143,WIN,0.32,10.98,10.67,586.5,True
TR-GBPUSD-2025-03-07T104000-0542,GBPUSD,2,2025-03-07 10:40:00,2025-03-07 13:00:00,586.5,5.86,0.03,1.29198,1.29001,1.29547,1.29195,BREAKEVEN,0.1,-0.09,-0.2,586.3,True
TR-GBPUSD-2025-03-07T153000-0543,GBPUSD,2,2025-03-07 15:30:00,2025-03-07 15:40:00,586.3,5.86,0.12,1.29106,1.2904,1.29187,1.29187,WIN,0.42,9.72,9.3,595.6,True
TR-GBPUSD-2025-03-10T082000-0544,GBPUSD,2,2025-03-10 08:20:00,2025-03-10 09:50:00,595.6,5.96,0.05,1.29173,1.29035,1.29401,1.2903,LOSS,0.18,-7.15,-7.33,588.28,True
TR-GBPUSD-2025-03-10T151000-0545,GBPUSD,2,2025-03-10 15:10:00,2025-03-10 15:40:00,588.28,5.88,0.1,1.29332,1.29256,1.29432,1.29432,WIN,0.35,9.9,9.55,597.83,True
TR-GBPUSD-2025-03-11T031000-0546,GBPUSD,6,2025-03-11 03:10:00,2025-03-11 04:10:00,597.83,5.98,0.07,1.28813,1.28909,1.28636,1.28914,LOSS,0.25,-7.07,-7.32,590.51,True
TR-GBPUSD-2025-03-11T071000-0547,GBPUSD,5,2025-03-11 07:10:00,2025-03-11 08:20:00,590.51,5.91,0.06,1.28892,1.29003,1.28685,1.28895,BREAKEVEN,0.21,-0.18,-0.39,590.12,True
TR-GBPUSD-2025-03-11T154000-0548,GBPUSD,5,2025-03-11 15:40:00,2025-03-11 16:00:00,590.12,5.9,0.09,1.29354,1.29275,1.29472,1.2927,LOSS,0.32,-7.52,-7.83,582.29,True
TR-GBPUSD-2025-03-12T150000-0549,GBPUSD,2,2025-03-12 15:00:00,2025-03-12 15:30:00,582.29,5.82,0.12,1.29452,1.29394,1.29535,1.29535,WIN,0.42,9.96,9.54,591.83,True
TR-GBPUSD-2025-03-13T030000-0550,GBPUSD,5,2025-03-13 03:00:00,2025-03-13 06:00:00,591.83,5.92,0.09,1.29658,1.29571,1.2978,1.29566,LOSS,0.32,-8.24,-8.55,583.28,True
TR-GBPUSD-2025-03-13T151000-0551,GBPUSD,2,2025-03-13 15:10:00,2025-03-13 16:20:00,583.28,5.83,0.02,1.29268,1.29524,1.28771,1.29529,LOSS,0.07,-5.22,-5.29,577.99,True
TR-GBPUSD-2025-03-14T083000-0552,GBPUSD,5,2025-03-14 08:30:00,2025-03-14 09:50:00,577.99,5.78,0.06,1.2942,1.29522,1.2923,1.2923,WIN,0.21,11.4,11.19,589.18,True
TR-GBPUSD-2025-03-17T150000-0553,GBPUSD,2,2025-03-17 15:00:00,2025-03-17 17:30:00,589.18,5.89,0.06,1.29684,1.2957,1.29874,1.29874,WIN,0.21,11.4,11.19,600.37,True
TR-GBPUSD-2025-03-18T100000-0554,GBPUSD,2,2025-03-18 10:00:00,2025-03-18 10:10:00,600.37,6.0,0.15,1.29858,1.29803,1.2992,1.2992,WIN,0.53,9.3,8.78,609.15,True
TR-GBPUSD-2025-03-18T102000-0555,GBPUSD,2,2025-03-18 10:20:00,2025-03-18 13:50:00,609.15,6.09,0.04,1.2995,1.29803,1.30211,1.29798,LOSS,0.14,-6.08,-6.22,602.93,True
TR-GBPUSD-2025-03-19T150000-0556,GBPUSD,5,2025-03-19 15:00:00,2025-03-19 20:00:00,602.93,6.03,0.05,1.29715,1.29837,1.29487,1.29718,BREAKEVEN,0.18,-0.15,-0.33,602.6,True
TR-GBPUSD-2025-03-20T153000-0557,GBPUSD,2,2025-03-20 15:30:00,2025-03-20 16:00:00,602.6,6.03,0.05,1.29422,1.29553,1.29176,1.29558,LOSS,0.18,-6.78,-6.95,595.65,True
TR-GBPUSD-2025-03-21T042000-0558,GBPUSD,5,2025-03-21 04:20:00,2025-03-21 05:40:00,595.65,5.96,0.1,1.29618,1.29683,1.29503,1.29503,WIN,0.35,11.5,11.15,606.8,True
TR-GBPUSD-2025-03-21T101000-0559,GBPUSD,5,2025-03-21 10:10:00,2025-03-21 12:10:00,606.8,6.07,0.06,1.29322,1.29425,1.29132,1.2943,LOSS,0.21,-6.45,-6.66,600.14,True
TR-GBPUSD-2025-03-21T150000-0560,GBPUSD,5,2025-03-21 15:00:00,2025-03-21 16:00:00,600.14,6.0,0.06,1.2936,1.29458,1.29179,1.29363,BREAKEVEN,0.21,-0.18,-0.39,599.75,True
TR-GBPUSD-2025-03-25T154000-0561,GBPUSD,5,2025-03-25 15:40:00,2025-03-25 16:00:00,599.75,6.0,0.08,1.29538,1.2945,1.2967,1.29445,LOSS,0.28,-7.4,-7.68,592.07,True
TR-GBPUSD-2025-03-26T090000-0562,GBPUSD,5,2025-03-26 09:00:00,2025-03-26 10:40:00,592.07,5.92,0.03,1.29258,1.29443,1.28903,1.28903,WIN,0.1,10.65,10.54,602.62,True
TR-GBPUSD-2025-03-26T152000-0563,GBPUSD,5,2025-03-26 15:20:00,2025-03-27 04:20:00,602.62,6.03,0.03,1.28868,1.29085,1.28449,1.2909,LOSS,0.1,-6.66,-6.77,595.85,True
TR-GBPUSD-2025-03-27T105000-0564,GBPUSD,2,2025-03-27 10:50:00,2025-03-27 11:40:00,595.85,5.96,0.06,1.29132,1.29018,1.29321,1.29129,BREAKEVEN,0.21,-0.18,-0.39,595.46,True
TR-GBPUSD-2025-03-28T092000-0565,GBPUSD,2,2025-03-28 09:20:00,2025-03-28 13:00:00,595.46,5.95,0.03,1.2956,1.29366,1.29914,1.29361,LOSS,0.1,-5.96,-6.06,589.4,True
TR-GBPUSD-2025-03-28T151000-0566,GBPUSD,2,2025-03-28 15:10:00,2025-03-28 16:50:00,589.4,5.89,0.04,1.29482,1.29309,1.29788,1.29479,BREAKEVEN,0.14,-0.12,-0.26,589.14,True
TR-GBPUSD-2025-03-31T035000-0567,GBPUSD,5,2025-03-31 03:50:00,2025-03-31 11:10:00,589.14,5.89,0.06,1.29531,1.29424,1.29715,1.29528,BREAKEVEN,0.21,-0.18,-0.39,588.75,True
TR-GBPUSD-2025-03-31T155000-0568,GBPUSD,5,2025-03-31 15:50:00,2025-03-31 19:00:00,588.75,5.89,0.03,1.29363,1.29546,1.29012,1.29012,WIN,0.1,10.53,10.42,599.18,True
TR-GBPUSD-2025-04-01T090000-0569,GBPUSD,5,2025-04-01 09:00:00,2025-04-01 10:50:00,599.18,5.99,0.08,1.29204,1.29286,1.29055,1.29055,WIN,0.28,11.92,11.64,610.82,True
TR-GBPUSD-2025-04-01T150000-0570,GBPUSD,2,2025-04-01 15:00:00,2025-04-01 17:40:00,610.82,6.11,0.04,1.28942,1.29093,1.28655,1.29098,LOSS,0.14,-6.24,-6.38,604.44,True
TR-GBPUSD-2025-04-02T030000-0571,GBPUSD,5,2025-04-02 03:00:00,2025-04-02 05:20:00,604.44,6.04,0.07,1.29216,1.29307,1.29047,1.29219,BREAKEVEN,0.25,-0.21,-0.46,603.98,True
TR-GBPUSD-2025-04-02T073000-0572,GBPUSD,5,2025-04-02 07:30:00,2025-04-02 10:20:00,603.98,6.04,0.12,1.2919,1.29248,1.2909,1.2909,WIN,0.42,12.0,11.58,615.56,True
TR-GBPUSD-2025-04-02T103000-0573,GBPUSD,2,2025-04-02 10:30:00,2025-04-02 11:40:00,615.56,6.16,0.09,1.29103,1.29173,1.28978,1.29178,LOSS,0.32,-6.75,-7.07,608.5,True
TR-GBPUSD-2025-04-02T150000-0574,GBPUSD,5,2025-04-02 15:00:00,2025-04-02 17:50:00,608.5,6.08,0.06,1.29442,1.29339,1.29621,1.29621,WIN,0.21,10.74,10.53,619.03,True
TR-GBPUSD-2025-04-03T020000-0575,GBPUSD,5,2025-04-03 02:00:00,2025-04-03 02:30:00,619.03,6.19,0.03,1.29995,1.29785,1.3037,1.3037,WIN,0.1,11.25,11.15,630.17,True
TR-GBPUSD-2025-04-03T034000-0576,GBPUSD,5,2025-04-03 03:40:00,2025-04-03 04:00:00,630.17,6.3,0.05,1.30372,1.3022,1.30631,1.30369,BREAKEVEN,0.18,-0.15,-0.33,629.85,True
TR-GBPUSD-2025-04-03T084000-0577,GBPUSD,5,2025-04-03 08:40:00,2025-04-03 10:00:00,629.85,6.3,0.03,1.30812,1.30602,1.31194,1.31194,WIN,0.1,11.49,11.38,641.23,True
TR-GBPUSD-2025-04-07T151000-0578,GBPUSD,2,2025-04-07 15:10:00,2025-04-07 15:50:00,641.23,6.41,0.04,1.2813,1.28287,1.27832,1.28292,LOSS,0.14,-6.46,-6.6,634.63,True
TR-GBPUSD-2025-04-08T102000-0579,GBPUSD,2,2025-04-08 10:20:00,2025-04-08 12:10:00,634.63,6.35,0.03,1.27754,1.27942,1.27395,1.27395,WIN,0.1,10.8,10.69,645.33,True
TR-GBPUSD-2025-04-09T072000-0580,GBPUSD,5,2025-04-09 07:20:00,2025-04-09 08:30:00,645.33,6.45,0.03,1.28314,1.28107,1.28685,1.28311,BREAKEVEN,0.1,-0.09,-0.2,645.13,True
TR-GBPUSD-2025-04-10T032000-0581,GBPUSD,2,2025-04-10 03:20:00,2025-04-10 08:30:00,645.13,6.45,0.04,1.28312,1.28115,1.28654,1.28654,WIN,0.14,13.68,13.54,658.67,True
TR-GBPUSD-2025-04-10T093000-0582,GBPUSD,5,2025-04-10 09:30:00,2025-04-10 10:10:00,658.67,6.59,0.06,1.28571,1.28441,1.28785,1.28567,BREAKEVEN,0.21,-0.18,-0.39,658.28,True
TR-GBPUSD-2025-04-10T105000-0583,GBPUSD,5,2025-04-10 10:50:00,2025-04-10 13:30:00,658.28,6.58,0.03,1.2862,1.28412,1.2899,1.2899,WIN,0.1,11.1,11.0,669.28,True
TR-GBPUSD-2025-04-10T153000-0584,GBPUSD,2,2025-04-10 15:30:00,2025-04-10 15:40:00,669.28,6.69,0.12,1.29272,1.29199,1.29362,1.29362,WIN,0.42,10.92,10.5,679.78,True
TR-GBPUSD-2025-04-11T030000-0585,GBPUSD,2,2025-04-11 03:00:00,2025-04-11 03:40:00,679.78,6.8,0.04,1.29864,1.29679,1.30189,1.30189,WIN,0.14,13.0,12.86,692.64,True
TR-GBPUSD-2025-04-11T095000-0586,GBPUSD,2,2025-04-11 09:50:00,2025-04-11 10:00:00,692.64,6.93,0.15,1.29878,1.29819,1.29956,1.29956,WIN,0.53,11.7,11.18,703.81,False
TR-GBPUSD-2025-04-11T103000-0587,GBPUSD,2,2025-04-11 10:30:00,2025-04-11 11:50:00,703.81,7.04,0.02,1.30467,1.30122,1.31117,1.31117,WIN,0.07,13.0,12.93,716.74,True
TR-GBPUSD-2025-04-11T153000-0588,GBPUSD,2,2025-04-11 15:30:00,2025-04-11 15:40:00,716.74,7.17,0.1,1.3112,1.31031,1.31238,1.31026,LOSS,0.35,-9.4,-9.75,706.99,True
TR-GBPUSD-2025-04-14T030000-0589,GBPUSD,5,2025-04-14 03:00:00,2025-04-14 03:10:00,706.99,7.07,0.09,1.30832,1.30735,1.30964,1.30964,WIN,0.32,11.97,11.65,718.65,True
TR-GBPUSD-2025-04-14T095000-0590,GBPUSD,5,2025-04-14 09:50:00,2025-04-14 15:30:00,718.65,7.19,0.03,1.31615,1.31345,1.32119,1.31612,BREAKEVEN,0.1,-0.09,-0.2,718.45,True
TR-GBPUSD-2025-04-15T041000-0591,GBPUSD,5,2025-04-15 04:10:00,2025-04-15 07:20:00,718.45,7.18,0.06,1.31756,1.3161,1.3199,1.3199,WIN,0.21,14.04,13.83,732.28,True
TR-GBPUSD-2025-04-15T101000-0592,GBPUSD,5,2025-04-15 10:10:00,2025-04-15 11:00:00,732.28,7.32,0.07,1.31999,1.31881,1.32201,1.32201,WIN,0.25,14.14,13.9,746.18,True
TR-GBPUSD-2025-04-16T031000-0593,GBPUSD,2,2025-04-16 03:10:00,2025-04-16 06:40:00,746.18,7.46,0.07,1.32375,1.32257,1.32566,1.32566,WIN,0.25,13.37,13.12,759.3,True
TR-GBPUSD-2025-04-17T034000-0594,GBPUSD,5,2025-04-17 03:40:00,2025-04-17 05:10:00,759.3,7.59,0.09,1.32179,1.32266,1.3202,1.32182,BREAKEVEN,0.32,-0.27,-0.59,758.72,True
TR-GBPUSD-2025-04-17T151000-0595,GBPUSD,5,2025-04-17 15:10:00,2025-04-17 15:40:00,758.72,7.59,0.09,1.32288,1.32377,1.32125,1.32382,LOSS,0.32,-8.46,-8.78,749.94,True
TR-GBPUSD-2025-04-18T031000-0596,GBPUSD,5,2025-04-18 03:10:00,2025-04-18 05:00:00,749.94,7.5,0.11,1.32719,1.32625,1.32838,1.32716,BREAKEVEN,0.39,-0.33,-0.72,749.23,True
TR-GBPUSD-2025-04-18T100000-0597,GBPUSD,2,2025-04-18 10:00:00,2025-04-18 10:20:00,749.23,7.49,0.16,1.32732,1.32636,1.32775,1.32775,WIN,0.56,6.88,6.32,755.55,True
TR-GBPUSD-2025-04-18T153000-0598,GBPUSD,2,2025-04-18 15:30:00,2025-04-18 22:40:00,755.55,7.56,0.11,1.32769,1.32682,1.32883,1.32883,WIN,0.39,12.54,12.16,767.7,True
TR-GBPUSD-2025-04-22T082000-0599,GBPUSD,5,2025-04-22 08:20:00,2025-04-22 10:00:00,767.7,7.68,0.05,1.34075,1.33904,1.34381,1.33899,LOSS,0.18,-8.8,-8.98,758.73,True
TR-GBPUSD-2025-04-23T151000-0600,GBPUSD,5,2025-04-23 15:10:00,2025-04-23 16:20:00,758.73,7.59,0.07,1.33032,1.33138,1.32834,1.33143,LOSS,0.25,-7.81,-8.05,750.68,True
TR-GBPUSD-2025-04-24T090000-0601,GBPUSD,5,2025-04-24 09:00:00,2025-04-24 09:10:00,750.68,7.51,0.11,1.32678,1.3275,1.3255,1.32755,LOSS,0.39,-8.42,-8.8,741.88,True
TR-GBPUSD-2025-04-28T030000-0602,GBPUSD,2,2025-04-28 03:00:00,2025-04-28 06:40:00,741.88,7.42,0.07,1.32958,1.33072,1.32746,1.32962,BREAKEVEN,0.25,-0.21,-0.46,741.42,True
TR-GBPUSD-2025-04-28T100000-0603,GBPUSD,5,2025-04-28 10:00:00,2025-04-28 11:10:00,741.42,7.41,0.04,1.3298,1.33167,1.32622,1.33172,LOSS,0.14,-7.66,-7.8,733.62,True
TR-GBPUSD-2025-04-28T152000-0604,GBPUSD,2,2025-04-28 15:20:00,2025-04-28 16:40:00,733.62,7.34,0.08,1.33444,1.33342,1.3361,1.3361,WIN,0.28,13.36,13.08,746.7,True
TR-GBPUSD-2025-04-29T031000-0605,GBPUSD,1,2025-04-29 03:10:00,2025-04-29 03:30:00,746.7,7.47,0.18,1.34353,1.34299,1.34422,1.34294,LOSS,0.63,-10.62,-11.25,735.45,True
TR-GBPUSD-2025-04-30T093000-0606,GBPUSD,2,2025-04-30 09:30:00,2025-04-30 11:20:00,735.45,7.35,0.05,1.33942,1.33775,1.34238,1.3377,LOSS,0.18,-8.58,-8.75,726.7,True
TR-GBPUSD-2025-04-30T153000-0607,GBPUSD,5,2025-04-30 15:30:00,2025-04-30 17:10:00,726.7,7.27,0.04,1.33506,1.33679,1.33175,1.33175,WIN,0.14,13.24,13.1,739.8,True
TR-GBPUSD-2025-05-01T031000-0608,GBPUSD,6,2025-05-01 03:10:00,2025-05-01 04:30:00,739.8,7.4,0.14,1.33216,1.33275,1.33115,1.33115,WIN,0.49,14.28,13.79,753.59,True
TR-GBPUSD-2025-05-01T100000-0609,GBPUSD,5,2025-05-01 10:00:00,2025-05-01 10:40:00,753.59,7.54,0.08,1.32916,1.33015,1.32734,1.3292,BREAKEVEN,0.28,-0.24,-0.52,753.07,True
TR-GBPUSD-2025-05-01T155000-0610,GBPUSD,2,2025-05-01 15:50:00,2025-05-01 17:00:00,753.07,7.53,0.05,1.33254,1.33403,1.32971,1.33257,BREAKEVEN,0.18,-0.15,-0.33,752.75,True
TR-GBPUSD-2025-05-02T032000-0611,GBPUSD,2,2025-05-02 03:20:00,2025-05-02 05:10:00,752.75,7.53,0.09,1.3284,1.32933,1.3267,1.32938,LOSS,0.32,-8.78,-9.09,743.66,True
TR-GBPUSD-2025-05-02T104000-0612,GBPUSD,2,2025-05-02 10:40:00,2025-05-02 12:40:00,743.66,7.44,0.05,1.33057,1.33214,1.32759,1.3306,BREAKEVEN,0.18,-0.15,-0.33,743.33,True
TR-GBPUSD-2025-05-02T152000-0613,GBPUSD,2,2025-05-02 15:20:00,2025-05-02 15:30:00,743.33,7.43,0.07,1.3291,1.33018,1.3271,1.3271,WIN,0.25,14.0,13.76,757.09,True
TR-GBPUSD-2025-05-05T095000-0614,GBPUSD,5,2025-05-05 09:50:00,2025-05-05 12:30:00,757.09,7.57,0.06,1.32819,1.3295,1.32572,1.32955,LOSS,0.21,-8.16,-8.37,748.72,True
TR-GBPUSD-2025-05-06T031000-0615,GBPUSD,5,2025-05-06 03:10:00,2025-05-06 03:30:00,748.72,7.49,0.1,1.32891,1.32974,1.3274,1.3274,WIN,0.35,15.1,14.75,763.47,True
TR-GBPUSD-2025-05-06T034000-0616,GBPUSD,5,2025-05-06 03:40:00,2025-05-06 05:20:00,763.47,7.63,0.04,1.32734,1.32914,1.32389,1.32919,LOSS,0.14,-7.4,-7.54,755.93,True
TR-GBPUSD-2025-05-06T101000-0617,GBPUSD,2,2025-05-06 10:10:00,2025-05-06 10:30:00,755.93,7.56,0.09,1.33042,1.32944,1.33205,1.33205,WIN,0.32,14.67,14.35,770.28,True
TR-GBPUSD-2025-05-06T153000-0618,GBPUSD,5,2025-05-06 15:30:00,2025-05-06 15:40:00,770.28,7.7,0.09,1.33764,1.33658,1.3392,1.3392,WIN,0.32,14.13,13.81,784.1,True
TR-GBPUSD-2025-05-07T082000-0619,GBPUSD,5,2025-05-07 08:20:00,2025-05-07 10:30:00,784.1,7.84,0.09,1.33478,1.33376,1.3365,1.33475,BREAKEVEN,0.32,-0.27,-0.59,783.51,True
TR-GBPUSD-2025-05-07T152000-0620,GBPUSD,2,2025-05-07 15:20:00,2025-05-07 17:50:00,783.51,7.84,0.08,1.33522,1.3341,1.33707,1.33707,WIN,0.28,14.8,14.52,798.03,True
TR-GBPUSD-2025-05-08T100000-0621,GBPUSD,5,2025-05-08 10:00:00,2025-05-08 14:10:00,798.03,7.98,0.05,1.32786,1.32957,1.32459,1.32962,LOSS,0.18,-8.8,-8.98,789.06,True
TR-GBPUSD-2025-05-09T083000-0622,GBPUSD,5,2025-05-09 08:30:00,2025-05-09 09:00:00,789.06,7.89,0.07,1.32284,1.32404,1.32059,1.32409,LOSS,0.25,-8.75,-9.0,780.06,True
TR-GBPUSD-2025-05-12T102000-0623,GBPUSD,5,2025-05-12 10:20:00,2025-05-12 10:30:00,780.06,7.8,0.02,1.3258,1.32925,1.31905,1.31905,WIN,0.07,13.5,13.43,793.49,True
TR-GBPUSD-2025-05-12T104000-0624,GBPUSD,2,2025-05-12 10:40:00,2025-05-12 16:40:00,793.49,7.93,0.01,1.3211,1.32673,1.31001,1.32114,BREAKEVEN,0.04,-0.03,-0.07,793.43,True
TR-GBPUSD-2025-05-13T035000-0625,GBPUSD,2,2025-05-13 03:50:00,2025-05-13 04:20:00,793.43,7.93,0.08,1.31754,1.31853,1.3157,1.31858,LOSS,0.28,-8.36,-8.64,784.79,True
TR-GBPUSD-2025-05-14T033000-0626,GBPUSD,2,2025-05-14 03:30:00,2025-05-14 04:40:00,784.79,7.85,0.08,1.33076,1.32961,1.33266,1.33072,BREAKEVEN,0.28,-0.24,-0.52,784.27,True
TR-GBPUSD-2025-05-14T154000-0627,GBPUSD,5,2025-05-14 15:40:00,2025-05-14 16:10:00,784.27,7.84,0.11,1.33257,1.3317,1.33392,1.33165,LOSS,0.39,-10.12,-10.51,773.76,True
TR-GBPUSD-2025-05-15T105000-0628,GBPUSD,2,2025-05-15 10:50:00,2025-05-15 13:20:00,773.76,7.74,0.05,1.32799,1.32976,1.32461,1.32981,LOSS,0.18,-9.08,-9.25,764.51,True
TR-GBPUSD-2025-05-15T153000-0629,GBPUSD,5,2025-05-15 15:30:00,2025-05-15 15:50:00,764.51,7.65,0.05,1.32838,1.32668,1.33141,1.32834,BREAKEVEN,0.18,-0.15,-0.33,764.19,False
TR-GBPUSD-2025-05-16T032000-0630,GBPUSD,2,2025-05-16 03:20:00,2025-05-16 08:10:00,764.19,7.64,0.08,1.33088,1.32978,1.33262,1.33262,WIN,0.28,13.92,13.64,777.83,True
TR-GBPUSD-2025-05-19T091000-0631,GBPUSD,5,2025-05-19 09:10:00,2025-05-19 09:40:00,777.83,7.78,0.08,1.33024,1.3291,1.33209,1.33209,WIN,0.28,14.8,14.52,792.35,True
TR-GBPUSD-2025-05-19T101000-0632,GBPUSD,2,2025-05-19 10:10:00,2025-05-19 10:30:00,792.35,7.92,0.06,1.33262,1.33121,1.3351,1.3351,WIN,0.21,14.82,14.61,806.96,True
TR-GBPUSD-2025-05-19T104000-0633,GBPUSD,5,2025-05-19 10:40:00,2025-05-19 19:00:00,806.96,8.07,0.03,1.33541,1.33293,1.33996,1.33538,BREAKEVEN,0.1,-0.09,-0.2,806.76,True
TR-GBPUSD-2025-05-20T040000-0634,GBPUSD,5,2025-05-20 04:00:00,2025-05-20 04:20:00,806.76,8.07,0.1,1.33532,1.33433,1.33685,1.33685,WIN,0.35,15.3,14.95,821.71,True
TR-GBPUSD-2025-05-20T104000-0635,GBPUSD,2,2025-05-20 10:40:00,2025-05-20 12:00:00,821.71,8.22,0.08,1.33844,1.33732,1.34034,1.33727,LOSS,0.28,-9.32,-9.6,812.11,True
TR-GBPUSD-2025-05-21T030000-0636,GBPUSD,2,2025-05-21 03:00:00,2025-05-21 03:30:00,812.11,8.12,0.15,1.33966,1.33898,1.34059,1.34059,WIN,0.53,13.95,13.43,825.54,True
TR-GBPUSD-2025-05-21T034000-0637,GBPUSD,2,2025-05-21 03:40:00,2025-05-21 06:30:00,825.54,8.26,0.07,1.34058,1.33927,1.34277,1.34277,WIN,0.25,15.33,15.09,840.62,True
TR-GBPUSD-2025-05-23T032000-0638,GBPUSD,2,2025-05-23 03:20:00,2025-05-23 04:40:00,840.62,8.41,0.11,1.34248,1.34153,1.34384,1.34384,WIN,0.39,14.96,14.57,855.2,True
TR-GBPUSD-2025-05-23T090000-0639,GBPUSD,5,2025-05-23 09:00:00,2025-05-23 10:20:00,855.2,8.55,0.1,1.34528,1.34427,1.34687,1.34687,WIN,0.35,15.9,15.55,870.75,True
TR-GBPUSD-2025-05-23T104000-0640,GBPUSD,5,2025-05-23 10:40:00,2025-05-23 14:40:00,870.75,8.71,0.04,1.34736,1.34517,1.35133,1.35133,WIN,0.14,15.92,15.78,886.53,True
TR-GBPUSD-2025-05-23T154000-0641,GBPUSD,5,2025-05-23 15:40:00,2025-05-26 03:20:00,886.53,8.87,0.04,1.34988,1.3473,1.3547,1.3547,WIN,0.14,19.28,19.14,905.67,True
TR-GBPUSD-2025-05-26T100000-0642,GBPUSD,1,2025-05-26 10:00:00,2025-05-26 10:30:00,905.67,9.06,0.19,1.3578,1.3572,1.35862,1.35715,LOSS,0.67,-12.26,-12.92,892.75,True
TR-GBPUSD-2025-05-27T031000-0643,GBPUSD,2,2025-05-27 03:10:00,2025-05-27 04:50:00,892.75,8.93,0.09,1.35716,1.35601,1.359,1.35712,BREAKEVEN,0.32,-0.27,-0.59,892.16,True
TR-GBPUSD-2025-05-28T040000-0644,GBPUSD,2,2025-05-28 04:00:00,2025-05-28 04:10:00,892.16,8.92,0.12,1.35164,1.35245,1.35015,1.35015,WIN,0.42,17.76,17.34,909.5,True
TR-GBPUSD-2025-05-28T042000-0645,GBPUSD,2,2025-05-28 04:20:00,2025-05-28 05:50:00,909.5,9.1,0.08,1.35121,1.35242,1.34894,1.34894,WIN,0.28,18.16,17.88,927.38,True
TR-GBPUSD-2025-05-28T151000-0646,GBPUSD,5,2025-05-28 15:10:00,2025-05-28 17:10:00,927.38,9.27,0.07,1.34764,1.349,1.34508,1.34768,BREAKEVEN,0.25,-0.21,-0.46,926.93,True
TR-GBPUSD-2025-05-29T020000-0647,GBPUSD,5,2025-05-29 02:00:00,2025-05-29 02:20:00,926.93,9.27,0.14,1.34666,1.34738,1.34539,1.34539,WIN,0.49,17.92,17.43,944.36,True
TR-GBPUSD-2025-05-29T030000-0648,GBPUSD,5,2025-05-29 03:00:00,2025-05-29 09:30:00,944.36,9.44,0.03,1.34223,1.34565,1.33555,1.3457,LOSS,0.1,-10.4,-10.5,933.86,True
TR-GBPUSD-2025-05-30T023000-0649,GBPUSD,2,2025-05-30 02:30:00,2025-05-30 04:30:00,933.86,9.34,0.13,1.34993,1.34904,1.35117,1.3499,BREAKEVEN,0.46,-0.39,-0.85,933.01,True
TR-GBPUSD-2025-05-30T100000-0650,GBPUSD,5,2025-05-30 10:00:00,2025-05-30 10:50:00,933.01,9.33,0.08,1.34737,1.34855,1.34517,1.3474,BREAKEVEN,0.28,-0.24,-0.52,932.49,True
TR-GBPUSD-2025-06-02T093000-0651,GBPUSD,5,2025-06-02 09:30:00,2025-06-02 10:10:00,932.49,9.32,0.07,1.35107,1.34964,1.35354,1.35354,WIN,0.25,17.29,17.04,949.54,True
TR-GBPUSD-2025-06-02T102000-0652,GBPUSD,5,2025-06-02 10:20:00,2025-06-02 16:30:00,949.54,9.5,0.06,1.35402,1.35239,1.35695,1.35234,LOSS,0.21,-10.08,-10.29,939.25,True
TR-GBPUSD-2025-06-03T021000-0653,GBPUSD,5,2025-06-03 02:10:00,2025-06-03 03:10:00,939.25,9.39,0.17,1.35492,1.35424,1.35586,1.35489,BREAKEVEN,0.6,-0.51,-1.11,938.14,True
TR-GBPUSD-2025-06-03T033000-0654,GBPUSD,2,2025-06-03 03:30:00,2025-06-03 04:10:00,938.14,9.38,0.23,1.3548,1.35426,1.35546,1.35421,LOSS,0.81,-13.57,-14.38,923.77,True
TR-GBPUSD-2025-06-03T092000-0655,GBPUSD,2,2025-06-03 09:20:00,2025-06-03 11:10:00,923.77,9.24,0.05,1.353,1.35115,1.3563,1.3511,LOSS,0.18,-9.48,-9.65,914.12,True
TR-GBPUSD-2025-06-04T030000-0656,GBPUSD,5,2025-06-04 03:00:00,2025-06-04 04:00:00,914.12,9.14,0.12,1.35297,1.35206,1.35428,1.35201,LOSS,0.42,-11.52,-11.94,902.18,True
TR-GBPUSD-2025-06-04T043000-0657,GBPUSD,2,2025-06-04 04:30:00,2025-06-04 08:00:00,902.18,9.02,0.06,1.35293,1.35114,1.35603,1.35109,LOSS,0.21,-11.04,-11.25,890.93,True
TR-GBPUSD-2025-06-04T103000-0658,GBPUSD,2,2025-06-04 10:30:00,2025-06-04 13:40:00,890.93,8.91,0.08,1.3535,1.35228,1.35551,1.35223,LOSS,0.28,-10.12,-10.4,880.53,True
TR-GBPUSD-2025-06-04T152000-0659,GBPUSD,5,2025-06-04 15:20:00,2025-06-04 17:00:00,880.53,8.81,0.07,1.3524,1.35096,1.35492,1.35492,WIN,0.25,17.64,17.39,897.92,True
TR-GBPUSD-2025-06-05T022000-0660,GBPUSD,5,2025-06-05 02:20:00,2025-06-05 04:20:00,897.92,8.98,0.15,1.35548,1.35471,1.35656,1.35544,BREAKEVEN,0.53,-0.45,-0.98,896.95,True
TR-GBPUSD-2025-06-05T092000-0661,GBPUSD,5,2025-06-05 09:20:00,2025-06-05 10:30:00,896.95,8.97,0.09,1.35511,1.35403,1.35688,1.35688,WIN,0.32,15.93,15.61,912.56,True
TR-GBPUSD-2025-06-05T153000-0662,GBPUSD,5,2025-06-05 15:30:00,2025-06-05 15:50:00,912.56,9.13,0.08,1.35769,1.35648,1.35971,1.35766,BREAKEVEN,0.28,-0.24,-0.52,912.04,True
TR-GBPUSD-2025-06-06T030000-0663,GBPUSD,2,2025-06-06 03:00:00,2025-06-06 05:00:00,912.04,9.12,0.23,1.35797,1.35742,1.35859,1.35737,LOSS,0.81,-13.8,-14.61,897.44,False
TR-GBPUSD-2025-06-06T103000-0664,GBPUSD,2,2025-06-06 10:30:00,2025-06-06 13:30:00,897.44,8.97,0.1,1.35448,1.35539,1.35282,1.35452,BREAKEVEN,0.35,-0.3,-0.65,896.79,True
TR-GBPUSD-2025-06-06T151000-0665,GBPUSD,5,2025-06-06 15:10:00,2025-06-06 15:30:00,896.79,8.97,0.07,1.35453,1.35583,1.35208,1.35208,WIN,0.25,17.15,16.91,913.69,True
TR-GBPUSD-2025-06-06T154000-0666,GBPUSD,2,2025-06-06 15:40:00,2025-06-06 17:30:00,913.69,9.14,0.06,1.35349,1.35499,1.35064,1.35352,BREAKEVEN,0.21,-0.18,-0.39,913.3,True
TR-GBPUSD-2025-06-09T032000-0667,GBPUSD,5,2025-06-09 03:20:00,2025-06-09 04:10:00,913.3,9.13,0.11,1.3532,1.35408,1.35159,1.35413,LOSS,0.39,-10.23,-10.62,902.69,False
TR-GBPUSD-2025-06-09T095000-0668,GBPUSD,2,2025-06-09 09:50:00,2025-06-09 13:50:00,902.69,9.03,0.09,1.35651,1.3554,1.35831,1.35648,BREAKEVEN,0.32,-0.27,-0.59,902.1,True
TR-GBPUSD-2025-06-10T031000-0669,GBPUSD,2,2025-06-10 03:10:00,2025-06-10 04:30:00,902.1,9.02,0.12,1.35571,1.3548,1.35714,1.35475,LOSS,0.42,-11.52,-11.94,890.16,True
TR-GBPUSD-2025-06-10T151000-0670,GBPUSD,2,2025-06-10 15:10:00,2025-06-10 15:50:00,890.16,8.9,0.17,1.35066,1.35123,1.34965,1.35068,BREAKEVEN,0.6,-0.51,-1.11,889.06,True
TR-GBPUSD-2025-06-11T033000-0671,GBPUSD,2,2025-06-11 03:30:00,2025-06-11 05:00:00,889.06,8.89,0.09,1.35014,1.35116,1.34825,1.34825,WIN,0.32,17.01,16.7,905.75,True
TR-GBPUSD-2025-06-11T092000-0672,GBPUSD,5,2025-06-11 09:20:00,2025-06-11 10:00:00,905.75,9.06,0.1,1.3485,1.34944,1.34677,1.34677,WIN,0.35,17.3,16.95,922.7,True
TR-GBPUSD-2025-06-11T101000-0673,GBPUSD,2,2025-06-11 10:10:00,2025-06-11 10:50:00,922.7,9.23,0.07,1.34709,1.34841,1.3446,1.34846,LOSS,0.25,-9.59,-9.84,912.87,True
TR-GBPUSD-2025-06-12T034000-0674,GBPUSD,2,2025-06-12 03:40:00,2025-06-12 04:20:00,912.87,9.13,0.09,1.35702,1.35589,1.35886,1.35886,WIN,0.32,16.56,16.25,929.11,True
TR-GBPUSD-2025-06-12T152000-0675,GBPUSD,2,2025-06-12 15:20:00,2025-06-12 15:30:00,929.11,9.29,0.07,1.3591,1.35759,1.36179,1.35907,BREAKEVEN,0.25,-0.21,-0.46,928.66,True
TR-GBPUSD-2025-06-16T030000-0676,GBPUSD,5,2025-06-16 03:00:00,2025-06-16 04:20:00,928.66,9.29,0.11,1.35477,1.35565,1.35317,1.3557,LOSS,0.39,-10.18,-10.56,918.1,True
TR-GBPUSD-2025-06-16T151000-0677,GBPUSD,2,2025-06-16 15:10:00,2025-06-16 16:20:00,918.1,9.18,0.11,1.35826,1.35726,1.35984,1.35984,WIN,0.39,17.38,17.0,935.09,True
TR-GBPUSD-2025-06-17T090000-0678,GBPUSD,5,2025-06-17 09:00:00,2025-06-17 10:50:00,935.09,9.35,0.08,1.35682,1.358,1.35462,1.35686,BREAKEVEN,0.28,-0.24,-0.52,934.57,True
TR-GBPUSD-2025-06-17T154000-0679,GBPUSD,5,2025-06-17 15:40:00,2025-06-17 16:20:00,934.57,9.35,0.08,1.35634,1.35755,1.35407,1.35637,BREAKEVEN,0.28,-0.24,-0.52,934.05,True
TR-GBPUSD-2025-06-18T070000-0680,GBPUSD,5,2025-06-18 07:00:00,2025-06-18 09:00:00,934.05,9.34,0.12,1.34394,1.34474,1.34248,1.34479,LOSS,0.42,-10.26,-10.68,923.37,True
TR-GBPUSD-2025-06-19T042000-0681,GBPUSD,5,2025-06-19 04:20:00,2025-06-19 05:00:00,923.37,9.23,0.13,1.34114,1.34192,1.33974,1.33974,WIN,0.46,18.2,17.75,941.12,True
TR-GBPUSD-2025-06-20T023000-0682,GBPUSD,5,2025-06-20 02:30:00,2025-06-20 06:10:00,941.12,9.41,0.09,1.34743,1.3463,1.3493,1.3493,WIN,0.32,16.83,16.52,957.63,True
TR-GBPUSD-2025-06-20T150000-0683,GBPUSD,2,2025-06-20 15:00:00,2025-06-20 15:50:00,957.63,9.58,0.1,1.34938,1.34832,1.35116,1.34934,BREAKEVEN,0.35,-0.3,-0.65,956.98,True
TR-GBPUSD-2025-06-23T031000-0684,GBPUSD,2,2025-06-23 03:10:00,2025-06-23 05:10:00,956.98,9.57,0.07,1.34296,1.34437,1.34029,1.34299,BREAKEVEN,0.25,-0.21,-0.46,956.53,True
TR-GBPUSD-2025-06-25T104000-0685,GBPUSD,2,2025-06-25 10:40:00,2025-06-25 11:30:00,956.53,9.57,0.07,1.36267,1.36117,1.36531,1.36112,LOSS,0.25,-10.85,-11.1,945.43,True
TR-GBPUSD-2025-06-26T100000-0686,GBPUSD,5,2025-06-26 10:00:00,2025-06-26 11:10:00,945.43,9.45,0.06,1.37145,1.36971,1.37454,1.37454,WIN,0.21,18.54,18.33,963.76,True
TR-GBPUSD-2025-06-26T155000-0687,GBPUSD,2,2025-06-26 15:50:00,2025-06-26 19:40:00,963.76,9.64,0.05,1.37235,1.37028,1.37622,1.37622,WIN,0.18,19.35,19.18,982.94,True
TR-GBPUSD-2025-06-27T032000-0688,GBPUSD,2,2025-06-27 03:20:00,2025-06-27 06:20:00,982.94,9.83,0.12,1.3731,1.3721,1.37462,1.37462,WIN,0.42,18.24,17.82,1000.76,True
TR-GBPUSD-2025-06-27T100000-0689,GBPUSD,2,2025-06-27 10:00:00,2025-06-27 13:40:00,1000.76,10.01,0.08,1.37402,1.37266,1.37627,1.37261,LOSS,0.28,-11.32,-11.6,989.16,True
TR-GBPUSD-2025-06-27T153000-0690,GBPUSD,5,2025-06-27 15:30:00,2025-06-27 15:40:00,989.16,9.89,0.1,1.37275,1.37163,1.37454,1.37454,WIN,0.35,17.9,17.55,1006.71,True
TR-GBPUSD-2025-06-27T155000-0691,GBPUSD,5,2025-06-27 15:50:00,2025-06-27 16:30:00,1006.71,10.07,0.06,1.37425,1.37237,1.37773,1.37232,LOSS,0.21,-11.55,-11.76,994.95,True
TR-GBPUSD-2025-06-30T151000-0692,GBPUSD,5,2025-06-30 15:10:00,2025-06-30 16:50:00,994.95,9.95,0.11,1.37013,1.37109,1.36836,1.36836,WIN,0.39,19.47,19.09,1014.03,True
TR-GBPUSD-2025-07-01T033000-0693,GBPUSD,2,2025-07-01 03:30:00,2025-07-01 04:20:00,1014.03,10.14,0.24,1.37366,1.37308,1.37434,1.37434,WIN,0.84,16.32,15.48,1029.51,True
TR-GBPUSD-2025-07-01T083000-0694,GBPUSD,2,2025-07-01 08:30:00,2025-07-01 11:00:00,1029.51,10.3,0.12,1.37446,1.37348,1.37597,1.37597,WIN,0.42,18.12,17.7,1047.21,True
TR-GBPUSD-2025-07-02T030000-0695,GBPUSD,2,2025-07-02 03:00:00,2025-07-02 04:20:00,1047.21,10.47,0.28,1.37453,1.37406,1.37517,1.37517,WIN,0.98,17.92,16.94,1064.15,True
TR-GBPUSD-2025-07-02T150000-0696,GBPUSD,5,2025-07-02 15:00:00,2025-07-02 15:50:00,1064.15,10.64,0.03,1.36757,1.37103,1.3608,1.3608,WIN,0.1,20.31,20.2,1084.36,True
TR-GBPUSD-2025-07-03T153000-0697,GBPUSD,5,2025-07-03 15:30:00,2025-07-03 16:10:00,1084.36,10.84,0.03,1.36278,1.36624,1.35601,1.36281,BREAKEVEN,0.1,-0.09,-0.2,1084.16,True
TR-GBPUSD-2025-07-04T044000-0698,GBPUSD,5,2025-07-04 04:40:00,2025-07-04 07:20:00,1084.16,10.84,0.11,1.3657,1.36672,1.36379,1.36677,LOSS,0.39,-11.83,-12.21,1071.95,True
TR-GBPUSD-2025-07-04T150000-0699,GBPUSD,5,2025-07-04 15:00:00,2025-07-04 16:00:00,1071.95,10.72,0.19,1.36473,1.36534,1.36366,1.36366,WIN,0.67,20.33,19.66,1091.62,True
TR-GBPUSD-2025-07-07T030000-0700,GBPUSD,5,2025-07-07 03:00:00,2025-07-07 03:10:00,1091.62,10.92,0.21,1.36497,1.36554,1.36398,1.36559,LOSS,0.73,-13.02,-13.76,1077.86,True
TR-GBPUSD-2025-07-07T033000-0701,GBPUSD,2,2025-07-07 03:30:00,2025-07-07 04:50:00,1077.86,10.78,0.14,1.36506,1.36588,1.36357,1.36357,WIN,0.49,20.86,20.37,1098.23,True
TR-GBPUSD-2025-07-07T093000-0702,GBPUSD,5,2025-07-07 09:30:00,2025-07-07 11:40:00,1098.23,10.98,0.09,1.36126,1.36257,1.35877,1.35877,WIN,0.32,22.32,22.01,1120.24,True
TR-GBPUSD-2025-07-08T094000-0703,GBPUSD,2,2025-07-08 09:40:00,2025-07-08 10:30:00,1120.24,11.2,0.18,1.36276,1.36203,1.36386,1.36386,WIN,0.63,19.8,19.17,1139.41,True
TR-GBPUSD-2025-07-08T155000-0704,GBPUSD,5,2025-07-08 15:50:00,2025-07-08 17:10:00,1139.41,11.39,0.07,1.35718,1.35876,1.35417,1.35417,WIN,0.25,21.07,20.82,1160.23,True
TR-GBPUSD-2025-07-09T031000-0705,GBPUSD,5,2025-07-09 03:10:00,2025-07-09 04:40:00,1160.23,11.6,0.13,1.35809,1.35904,1.35635,1.35909,LOSS,0.46,-12.94,-13.39,1146.84,True
TR-GBPUSD-2025-07-09T105000-0706,GBPUSD,2,2025-07-09 10:50:00,2025-07-09 12:10:00,1146.84,11.47,0.08,1.3592,1.36061,1.35654,1.36066,LOSS,0.28,-11.64,-11.92,1134.92,True
TR-GBPUSD-2025-07-09T150000-0707,GBPUSD,6,2025-07-09 15:00:00,2025-07-09 15:20:00,1134.92,11.35,0.11,1.35802,1.3591,1.35602,1.35915,LOSS,0.39,-12.38,-12.76,1122.16,True
TR-GBPUSD-2025-07-10T092000-0708,GBPUSD,2,2025-07-10 09:20:00,2025-07-10 10:50:00,1122.16,11.22,0.13,1.36137,1.36039,1.36297,1.36034,LOSS,0.46,-13.39,-13.85,1108.32,True
TR-GBPUSD-2025-07-11T031000-0709,GBPUSD,2,2025-07-11 03:10:00,2025-07-11 03:30:00,1108.32,11.08,0.1,1.35758,1.35874,1.35541,1.35541,WIN,0.35,21.7,21.35,1129.67,True
TR-GBPUSD-2025-07-11T090000-0710,GBPUSD,5,2025-07-11 09:00:00,2025-07-11 10:30:00,1129.67,11.3,0.1,1.35532,1.35651,1.35309,1.35535,BREAKEVEN,0.35,-0.3,-0.65,1129.02,True
TR-GBPUSD-2025-07-11T152000-0711,GBPUSD,5,2025-07-11 15:20:00,2025-07-11 16:40:00,1129.02,11.29,0.08,1.35013,1.35153,1.34748,1.35158,LOSS,0.28,-11.6,-11.88,1117.14,True
TR-GBPUSD-2025-07-14T080000-0712,GBPUSD,5,2025-07-14 08:00:00,2025-07-14 09:20:00,1117.14,11.17,0.14,1.34758,1.34841,1.34607,1.34607,WIN,0.49,21.14,20.65,1137.79,True
TR-GBPUSD-2025-07-14T153000-0713,GBPUSD,5,2025-07-14 15:30:00,2025-07-14 16:50:00,1137.79,11.38,0.1,1.34833,1.34952,1.34611,1.34836,BREAKEVEN,0.35,-0.3,-0.65,1137.14,True
TR-GBPUSD-2025-07-15T101000-0714,GBPUSD,2,2025-07-15 10:10:00,2025-07-15 10:40:00,1137.14,11.37,0.09,1.34338,1.34469,1.34091,1.34474,LOSS,0.32,-12.24,-12.56,1124.58,True
TR-GBPUSD-2025-07-15T150000-0715,GBPUSD,5,2025-07-15 15:00:00,2025-07-15 15:30:00,1124.58,11.25,0.16,1.34432,1.34508,1.34296,1.34513,LOSS,0.56,-12.88,-13.44,1111.14,True
TR-GBPUSD-2025-07-15T154000-0716,GBPUSD,2,2025-07-15 15:40:00,2025-07-15 18:40:00,1111.14,11.11,0.04,1.34404,1.34681,1.33865,1.33865,WIN,0.14,21.56,21.42,1132.56,True
TR-GBPUSD-2025-07-16T031000-0717,GBPUSD,5,2025-07-16 03:10:00,2025-07-16 03:40:00,1132.56,11.33,0.15,1.33896,1.33978,1.33746,1.33983,LOSS,0.53,-13.13,-13.65,1118.91,True
TR-GBPUSD-2025-07-16T104000-0718,GBPUSD,2,2025-07-16 10:40:00,2025-07-16 15:30:00,1118.91,11.19,0.09,1.33994,1.34122,1.33753,1.33997,BREAKEVEN,0.32,-0.27,-0.59,1118.33,True
TR-GBPUSD-2025-07-17T090000-0719,GBPUSD,5,2025-07-17 09:00:00,2025-07-17 09:10:00,1118.33,11.18,0.09,1.33875,1.34005,1.3363,1.3401,LOSS,0.32,-12.15,-12.47,1105.86,True
TR-GBPUSD-2025-07-17T092000-0720,GBPUSD,5,2025-07-17 09:20:00,2025-07-17 12:00:00,1105.86,11.06,0.07,1.33892,1.34047,1.33597,1.34052,LOSS,0.25,-11.2,-11.45,1094.42,True
TR-GBPUSD-2025-07-17T153000-0721,GBPUSD,5,2025-07-17 15:30:00,2025-07-17 15:50:00,1094.42,10.94,0.08,1.3388,1.34031,1.33595,1.34036,LOSS,0.28,-12.44,-12.72,1081.7,True
TR-GBPUSD-2025-07-18T034000-0722,GBPUSD,5,2025-07-18 03:40:00,2025-07-18 07:10:00,1081.7,10.82,0.16,1.34346,1.34266,1.34473,1.34261,LOSS,0.56,-13.6,-14.16,1067.54,True
TR-GBPUSD-2025-07-18T100000-0723,GBPUSD,5,2025-07-18 10:00:00,2025-07-18 14:10:00,1067.54,10.68,0.08,1.34281,1.3414,1.3453,1.3453,WIN,0.28,19.92,19.64,1087.18,True
TR-GBPUSD-2025-07-21T034000-0724,GBPUSD,5,2025-07-21 03:40:00,2025-07-21 04:20:00,1087.18,10.87,0.13,1.3412,1.34212,1.33952,1.34124,BREAKEVEN,0.46,-0.39,-0.85,1086.33,True
TR-GBPUSD-2025-07-21T150000-0725,GBPUSD,2,2025-07-21 15:00:00,2025-07-21 18:10:00,1086.33,10.86,0.09,1.34752,1.34612,1.34988,1.34988,WIN,0.32,21.33,21.01,1107.35,True
TR-GBPUSD-2025-07-23T032000-0726,GBPUSD,2,2025-07-23 03:20:00,2025-07-23 03:30:00,1107.35,11.07,0.29,1.35186,1.35137,1.35253,1.35253,WIN,1.01,19.43,18.41,1125.76,True
TR-GBPUSD-2025-07-23T034000-0727,GBPUSD,2,2025-07-23 03:40:00,2025-07-23 10:20:00,1125.76,11.26,0.11,1.35255,1.35137,1.3544,1.3544,WIN,0.39,20.35,19.96,1145.73,True
TR-GBPUSD-2025-07-23T150000-0728,GBPUSD,2,2025-07-23 15:00:00,2025-07-23 16:30:00,1145.73,11.46,0.12,1.3541,1.35308,1.35587,1.35303,LOSS,0.42,-12.84,-13.26,1132.47,True
TR-GBPUSD-2025-07-24T041000-0729,GBPUSD,2,2025-07-24 04:10:00,2025-07-24 09:30:00,1132.47,11.32,0.12,1.35782,1.35673,1.35963,1.35668,LOSS,0.42,-13.62,-14.04,1118.43,True
TR-GBPUSD-2025-07-25T031000-0730,GBPUSD,5,2025-07-25 03:10:00,2025-07-25 06:10:00,1118.43,11.18,0.13,1.35063,1.35152,1.34901,1.34901,WIN,0.46,21.06,20.61,1139.03,True
TR-GBPUSD-2025-07-25T091000-0731,GBPUSD,5,2025-07-25 09:10:00,2025-07-25 11:10:00,1139.03,11.39,0.08,1.3492,1.35062,1.34652,1.34652,WIN,0.28,21.44,21.16,1160.19,True
TR-GBPUSD-2025-07-25T154000-0732,GBPUSD,5,2025-07-25 15:40:00,2025-07-25 17:10:00,1160.19,11.6,0.07,1.34407,1.34575,1.34086,1.3441,BREAKEVEN,0.25,-0.21,-0.46,1159.74,True
TR-GBPUSD-2025-07-28T044000-0733,GBPUSD,5,2025-07-28 04:40:00,2025-07-28 09:30:00,1159.74,11.6,0.08,1.34399,1.34545,1.34122,1.34122,WIN,0.28,22.16,21.88,1181.62,True
TR-GBPUSD-2025-07-29T031000-0734,GBPUSD,5,2025-07-29 03:10:00,2025-07-29 04:20:00,1181.62,11.82,0.18,1.33562,1.33634,1.33432,1.33565,BREAKEVEN,0.63,-0.54,-1.17,1180.45,True
TR-GBPUSD-2025-07-29T090000-0735,GBPUSD,5,2025-07-29 09:00:00,2025-07-29 09:40:00,1180.45,11.8,0.18,1.3347,1.3354,1.33345,1.33345,WIN,0.63,22.5,21.87,1202.32,True
TR-GBPUSD-2025-07-29T101000-0736,GBPUSD,5,2025-07-29 10:10:00,2025-07-29 11:10:00,1202.32,12.02,0.12,1.3326,1.33368,1.33058,1.33373,LOSS,0.42,-13.62,-14.04,1188.28,True
TR-GBPUSD-2025-07-29T153000-0737,GBPUSD,2,2025-07-29 15:30:00,2025-07-29 16:10:00,1188.28,11.88,0.11,1.33338,1.33451,1.33126,1.33126,WIN,0.39,23.32,22.93,1211.21,True
TR-GBPUSD-2025-07-30T151000-0738,GBPUSD,2,2025-07-30 15:10:00,2025-07-30 15:20:00,1211.21,12.11,0.16,1.33661,1.33577,1.33802,1.33572,LOSS,0.56,-14.24,-14.8,1196.41,True
TR-GBPUSD-2025-07-30T155000-0739,GBPUSD,2,2025-07-30 15:50:00,2025-07-30 16:40:00,1196.41,11.96,0.05,1.33364,1.33598,1.32909,1.32909,WIN,0.18,22.7,22.53,1218.94,True
TR-GBPUSD-2025-07-31T032000-0740,GBPUSD,2,2025-07-31 03:20:00,2025-07-31 06:00:00,1218.94,12.19,0.13,1.32516,1.32613,1.32338,1.32618,LOSS,0.46,-13.2,-13.65,1205.29,True
TR-GBPUSD-2025-07-31T103000-0741,GBPUSD,2,2025-07-31 10:30:00,2025-07-31 13:00:00,1205.29,12.05,0.07,1.32646,1.32813,1.32326,1.32326,WIN,0.25,22.4,22.15,1227.44,True
TR-GBPUSD-2025-07-31T155000-0742,GBPUSD,2,2025-07-31 15:50:00,2025-07-31 17:00:00,1227.44,12.27,0.1,1.32196,1.32328,1.31948,1.31948,WIN,0.35,24.8,24.45,1251.89,True
TR-GBPUSD-2025-08-01T044000-0743,GBPUSD,5,2025-08-01 04:40:00,2025-08-01 06:50:00,1251.89,12.52,0.13,1.32044,1.32144,1.31858,1.32047,BREAKEVEN,0.46,-0.39,-0.85,1251.05,True
TR-GBPUSD-2025-08-01T101000-0744,GBPUSD,6,2025-08-01 10:10:00,2025-08-01 11:40:00,1251.05,12.51,0.09,1.32013,1.32158,1.31738,1.31738,WIN,0.32,24.75,24.43,1275.48,True
TR-GBPUSD-2025-08-04T045000-0745,GBPUSD,2,2025-08-04 04:50:00,2025-08-04 10:30:00,1275.48,12.75,0.09,1.32669,1.32513,1.32948,1.32666,BREAKEVEN,0.32,-0.27,-0.59,1274.9,True
TR-GBPUSD-2025-08-05T102000-0746,GBPUSD,2,2025-08-05 10:20:00,2025-08-05 10:50:00,1274.9,12.75,0.07,1.32888,1.327,1.3322,1.32695,LOSS,0.25,-13.55,-13.79,1261.11,True
TR-GBPUSD-2025-08-06T031000-0747,GBPUSD,2,2025-08-06 03:10:00,2025-08-06 10:00:00,1261.11,12.61,0.17,1.3302,1.32936,1.33154,1.33018,BREAKEVEN,0.6,-0.51,-1.11,1260.0,True
TR-GBPUSD-2025-08-07T045000-0748,GBPUSD,2,2025-08-07 04:50:00,2025-08-07 09:30:00,1260.0,12.6,0.13,1.33545,1.33435,1.33726,1.33726,WIN,0.46,23.53,23.07,1283.08,True
TR-GBPUSD-2025-08-07T104000-0749,GBPUSD,2,2025-08-07 10:40:00,2025-08-07 11:20:00,1283.08,12.83,0.11,1.33764,1.33637,1.33973,1.33632,LOSS,0.39,-14.52,-14.91,1268.17,True
TR-GBPUSD-2025-08-08T102000-0750,GBPUSD,2,2025-08-08 10:20:00,2025-08-11 00:30:00,1268.17,12.68,0.08,1.34382,1.34218,1.34676,1.34379,BREAKEVEN,0.28,-0.24,-0.52,1267.65,True
TR-GBPUSD-2025-08-12T072000-0751,GBPUSD,2,2025-08-12 07:20:00,2025-08-12 08:00:00,1267.65,12.68,0.17,1.34299,1.34377,1.34158,1.34382,LOSS,0.6,-14.11,-14.71,1252.95,True
TR-GBPUSD-2025-08-12T151000-0752,GBPUSD,2,2025-08-12 15:10:00,2025-08-12 15:30:00,1252.95,12.53,0.12,1.34577,1.34465,1.34768,1.34574,BREAKEVEN,0.42,-0.36,-0.78,1252.17,True
TR-GBPUSD-2025-08-12T154000-0753,GBPUSD,2,2025-08-12 15:40:00,2025-08-13 10:20:00,1252.17,12.52,0.04,1.3478,1.34492,1.35329,1.35329,WIN,0.14,21.96,21.82,1273.99,True
TR-GBPUSD-2025-08-13T103000-0754,GBPUSD,5,2025-08-13 10:30:00,2025-08-13 13:00:00,1273.99,12.74,0.06,1.35346,1.3512,1.35771,1.35771,WIN,0.21,25.5,25.29,1299.28,True
TR-GBPUSD-2025-08-15T154000-0755,GBPUSD,2,2025-08-15 15:40:00,2025-08-18 00:00:00,1299.28,12.99,0.09,1.35632,1.35479,1.35902,1.35474,LOSS,0.32,-14.22,-14.54,1284.74,True
TR-GBPUSD-2025-08-18T150000-0756,GBPUSD,5,2025-08-18 15:00:00,2025-08-18 17:50:00,1284.74,12.85,0.15,1.35386,1.35477,1.3522,1.3522,WIN,0.53,24.9,24.37,1309.12,True
TR-GBPUSD-2025-08-19T034000-0757,GBPUSD,5,2025-08-19 03:40:00,2025-08-19 04:30:00,1309.12,13.09,0.19,1.35042,1.35115,1.34911,1.34911,WIN,0.67,24.89,24.22,1333.34,True
TR-GBPUSD-2025-08-19T090000-0758,GBPUSD,5,2025-08-19 09:00:00,2025-08-19 09:50:00,1333.34,13.33,0.12,1.35012,1.35126,1.34798,1.35131,LOSS,0.42,-14.34,-14.76,1318.58,True
TR-GBPUSD-2025-08-19T153000-0759,GBPUSD,5,2025-08-19 15:30:00,2025-08-19 19:00:00,1318.58,13.19,0.12,1.35165,1.35283,1.34944,1.34944,WIN,0.42,26.52,26.1,1344.68,True
TR-GBPUSD-2025-08-20T031000-0760,GBPUSD,5,2025-08-20 03:10:00,2025-08-20 08:30:00,1344.68,13.45,0.14,1.348,1.34903,1.34609,1.34803,BREAKEVEN,0.49,-0.42,-0.91,1343.77,True
TR-GBPUSD-2025-08-20T150000-0761,GBPUSD,2,2025-08-20 15:00:00,2025-08-20 15:40:00,1343.77,13.44,0.12,1.34789,1.34906,1.3457,1.34911,LOSS,0.42,-14.64,-15.06,1328.71,True
TR-GBPUSD-2025-08-21T100000-0762,GBPUSD,5,2025-08-21 10:00:00,2025-08-21 10:30:00,1328.71,13.29,0.16,1.34438,1.34527,1.34274,1.34532,LOSS,0.56,-15.12,-15.68,1313.03,True
TR-GBPUSD-2025-08-21T150000-0763,GBPUSD,5,2025-08-21 15:00:00,2025-08-21 15:30:00,1313.03,13.13,0.15,1.34556,1.34646,1.34391,1.34651,LOSS,0.53,-14.25,-14.78,1298.26,True
TR-GBPUSD-2025-08-21T155000-0764,GBPUSD,2,2025-08-21 15:50:00,2025-08-21 16:50:00,1298.26,12.98,0.08,1.34605,1.34763,1.34304,1.34304,WIN,0.28,24.08,23.8,1322.06,True
TR-GBPUSD-2025-08-26T092000-0765,GBPUSD,5,2025-08-26 09:20:00,2025-08-26 10:40:00,1322.06,13.22,0.1,1.3455,1.3469,1.34284,1.34552,BREAKEVEN,0.35,-0.3,-0.65,1321.41,True
TR-GBPUSD-2025-08-27T103000-0766,GBPUSD,2,2025-08-27 10:30:00,2025-08-27 14:00:00,1321.41,13.21,0.1,1.3455,1.3469,1.34284,1.34284,WIN,0.35,26.6,26.25,1347.66,True
TR-GBPUSD-2025-08-28T035000-0767,GBPUSD,6,2025-08-28 03:50:00,2025-08-28 05:20:00,1347.66,13.48,0.22,1.35012,1.34936,1.35124,1.35124,WIN,0.77,24.64,23.87,1371.53,True
TR-GBPUSD-2025-08-28T091000-0768,GBPUSD,2,2025-08-28 09:10:00,2025-08-28 10:20:00,1371.53,13.72,0.21,1.35062,1.34978,1.35176,1.34973,LOSS,0.73,-18.69,-19.43,1352.1,True
TR-GBPUSD-2025-08-29T102000-0769,GBPUSD,5,2025-08-29 10:20:00,2025-08-29 12:40:00,1352.1,13.52,0.17,1.34896,1.34982,1.34738,1.34738,WIN,0.6,26.86,26.26,1378.37,True
TR-GBPUSD-2025-09-01T031000-0770,GBPUSD,2,2025-09-01 03:10:00,2025-09-01 03:50:00,1378.37,13.78,0.2,1.35048,1.34966,1.35175,1.35175,WIN,0.7,25.4,24.7,1403.07,True
TR-GBPUSD-2025-09-02T102000-0771,GBPUSD,5,2025-09-02 10:20:00,2025-09-02 10:40:00,1403.07,14.03,0.04,1.35003,1.35362,1.343,1.343,WIN,0.14,28.12,27.98,1431.05,True
TR-GBPUSD-2025-09-02T105000-0772,GBPUSD,2,2025-09-02 10:50:00,2025-09-02 15:40:00,1431.05,14.31,0.03,1.3437,1.34807,1.33509,1.33509,WIN,0.1,25.8,25.7,1456.74,True
TR-GBPUSD-2025-09-03T021000-0773,GBPUSD,5,2025-09-03 02:10:00,2025-09-03 05:40:00,1456.74,14.57,0.16,1.33872,1.33969,1.33691,1.33691,WIN,0.56,28.8,28.24,1484.98,True
TR-GBPUSD-2025-09-03T102000-0774,GBPUSD,2,2025-09-03 10:20:00,2025-09-03 11:20:00,1484.98,14.85,0.05,1.33563,1.33892,1.3292,1.33897,LOSS,0.18,-16.7,-16.88,1468.11,True
TR-GBPUSD-2025-09-04T151000-0775,GBPUSD,5,2025-09-04 15:10:00,2025-09-04 15:40:00,1468.11,14.68,0.12,1.34396,1.34261,1.34623,1.34256,LOSS,0.42,-16.74,-17.16,1450.95,True
TR-GBPUSD-2025-09-05T023000-0776,GBPUSD,5,2025-09-05 02:30:00,2025-09-05 04:00:00,1450.95,14.51,0.23,1.34372,1.34294,1.34481,1.34481,WIN,0.81,25.3,24.49,1475.44,True
TR-GBPUSD-2025-09-05T152000-0777,GBPUSD,2,2025-09-05 15:20:00,2025-09-05 15:30:00,1475.44,14.75,0.08,1.34743,1.34542,1.35112,1.35112,WIN,0.28,29.52,29.24,1504.68,True
TR-GBPUSD-2025-09-05T154000-0778,GBPUSD,2,2025-09-05 15:40:00,2025-09-05 16:50:00,1504.68,15.05,0.06,1.3499,1.34741,1.35449,1.35449,WIN,0.21,27.54,27.33,1532.01,True
TR-GBPUSD-2025-09-08T040000-0779,GBPUSD,5,2025-09-08 04:00:00,2025-09-08 07:10:00,1532.01,15.32,0.17,1.34948,1.34846,1.35116,1.34945,BREAKEVEN,0.6,-0.51,-1.11,1530.91,True
TR-GBPUSD-2025-09-08T093000-0780,GBPUSD,5,2025-09-08 09:30:00,2025-09-08 14:00:00,1530.91,15.31,0.14,1.35052,1.34927,1.3526,1.3526,WIN,0.49,29.12,28.63,1559.54,True
TR-GBPUSD-2025-09-08T153000-0781,GBPUSD,5,2025-09-08 15:30:00,2025-09-08 16:20:00,1559.54,15.6,0.21,1.35318,1.35235,1.35456,1.35456,WIN,0.73,28.98,28.25,1587.78,True
TR-GBPUSD-2025-09-09T033000-0782,GBPUSD,2,2025-09-09 03:30:00,2025-09-09 07:50:00,1587.78,15.88,0.18,1.35568,1.35467,1.35739,1.35739,WIN,0.63,30.78,30.15,1617.93,True
TR-GBPUSD-2025-09-09T101000-0783,GBPUSD,5,2025-09-09 10:10:00,2025-09-09 12:20:00,1617.93,16.18,0.2,1.3566,1.35565,1.35806,1.35806,WIN,0.7,29.4,28.7,1646.63,True
TR-GBPUSD-2025-09-10T030000-0784,GBPUSD,5,2025-09-10 03:00:00,2025-09-10 04:00:00,1646.63,16.47,0.32,1.35189,1.35246,1.35092,1.35251,LOSS,1.12,-19.68,-20.8,1625.83,True
TR-GBPUSD-2025-09-10T100000-0785,GBPUSD,5,2025-09-10 10:00:00,2025-09-10 12:40:00,1625.83,16.26,0.1,1.35249,1.35417,1.34928,1.35422,LOSS,0.35,-17.3,-17.65,1608.18,True
TR-GBPUSD-2025-09-10T151000-0786,GBPUSD,5,2025-09-10 15:10:00,2025-09-10 15:30:00,1608.18,16.08,0.2,1.35311,1.35395,1.35158,1.354,LOSS,0.7,-17.8,-18.5,1589.68,True
TR-GBPUSD-2025-09-11T030000-0787,GBPUSD,5,2025-09-11 03:00:00,2025-09-11 09:00:00,1589.68,15.9,0.21,1.35332,1.35413,1.35186,1.35186,WIN,0.73,30.66,29.93,1619.61,True
TR-GBPUSD-2025-09-11T102000-0788,GBPUSD,2,2025-09-11 10:20:00,2025-09-11 14:00:00,1619.61,16.2,0.17,1.3513,1.35232,1.3494,1.35132,BREAKEVEN,0.6,-0.51,-1.11,1618.5,True
TR-GBPUSD-2025-09-12T100000-0789,GBPUSD,5,2025-09-12 10:00:00,2025-09-12 11:10:00,1618.5,16.19,0.15,1.35545,1.35421,1.35748,1.35542,BREAKEVEN,0.53,-0.45,-0.98,1617.53,True
TR-GBPUSD-2025-09-15T101000-0790,GBPUSD,5,2025-09-15 10:10:00,2025-09-15 10:40:00,1617.53,16.18,0.13,1.35671,1.35533,1.3592,1.3592,WIN,0.46,32.37,31.92,1649.44,True
TR-GBPUSD-2025-09-15T150000-0791,GBPUSD,2,2025-09-15 15:00:00,2025-09-15 16:30:00,1649.44,16.49,0.34,1.36101,1.36038,1.36184,1.36033,LOSS,1.19,-22.95,-24.14,1625.3,True
TR-GBPUSD-2025-09-16T150000-0792,GBPUSD,2,2025-09-16 15:00:00,2025-09-16 15:30:00,1625.3,16.25,0.14,1.36412,1.3628,1.36629,1.36275,LOSS,0.49,-19.11,-19.6,1605.7,True
TR-GBPUSD-2025-09-17T032000-0793,GBPUSD,2,2025-09-17 03:20:00,2025-09-17 03:40:00,1605.7,16.06,0.25,1.36571,1.36492,1.36686,1.36487,LOSS,0.88,-20.88,-21.75,1583.95,True
TR-GBPUSD-2025-09-17T081000-0794,GBPUSD,2,2025-09-17 08:10:00,2025-09-17 09:50:00,1583.95,15.84,0.23,1.36453,1.3637,1.36576,1.36365,LOSS,0.81,-20.13,-20.93,1563.02,True
TR-GBPUSD-2025-09-18T030000-0795,GBPUSD,5,2025-09-18 03:00:00,2025-09-18 04:00:00,1563.02,15.63,0.23,1.363,1.36372,1.36171,1.36303,BREAKEVEN,0.81,-0.69,-1.5,1561.53,True
TR-GBPUSD-2025-09-18T041000-0796,GBPUSD,5,2025-09-18 04:10:00,2025-09-18 09:10:00,1561.53,15.62,0.12,1.36205,1.36339,1.35952,1.35952,WIN,0.42,30.36,29.94,1591.47,True
TR-GBPUSD-2025-09-18T092000-0797,GBPUSD,5,2025-09-18 09:20:00,2025-09-18 10:10:00,1591.47,15.91,0.23,1.3597,1.36044,1.35838,1.36049,LOSS,0.81,-18.06,-18.86,1572.61,True
TR-GBPUSD-2025-09-18T153000-0798,GBPUSD,5,2025-09-18 15:30:00,2025-09-18 16:30:00,1572.61,15.73,0.11,1.3611,1.36264,1.35817,1.35817,WIN,0.39,32.23,31.84,1604.45,True
TR-GBPUSD-2025-09-19T031000-0799,GBPUSD,5,2025-09-19 03:10:00,2025-09-19 05:20:00,1604.45,16.04,0.18,1.35496,1.35589,1.35325,1.35325,WIN,0.63,30.78,30.15,1634.6,True
TR-GBPUSD-2025-09-19T074000-0800,GBPUSD,5,2025-09-19 07:40:00,2025-09-19 09:20:00,1634.6,16.35,0.12,1.35474,1.35616,1.35204,1.35204,WIN,0.42,32.4,31.98,1666.58,True
TR-GBPUSD-2025-09-19T101000-0801,GBPUSD,2,2025-09-19 10:10:00,2025-09-19 15:30:00,1666.58,16.67,0.11,1.35021,1.35178,1.34722,1.34722,WIN,0.39,32.89,32.5,1699.09,True
TR-GBPUSD-2025-09-22T030000-0802,GBPUSD,5,2025-09-22 03:00:00,2025-09-22 04:00:00,1699.09,16.99,0.23,1.34642,1.34722,1.34498,1.34727,LOSS,0.81,-19.44,-20.24,1678.85,True
TR-GBPUSD-2025-09-23T034000-0803,GBPUSD,2,2025-09-23 03:40:00,2025-09-23 05:10:00,1678.85,16.79,0.26,1.35154,1.35076,1.3527,1.3515,BREAKEVEN,0.91,-0.78,-1.69,1677.16,True
TR-GBPUSD-2025-09-23T100000-0804,GBPUSD,2,2025-09-23 10:00:00,2025-09-23 11:30:00,1677.16,16.77,0.22,1.35129,1.35042,1.35267,1.35037,LOSS,0.77,-20.24,-21.01,1656.15,True
TR-GBPUSD-2025-09-23T155000-0805,GBPUSD,5,2025-09-23 15:50:00,2025-09-23 16:40:00,1656.15,16.56,0.15,1.352,1.35078,1.3541,1.35197,BREAKEVEN,0.53,-0.45,-0.98,1655.17,True
TR-GBPUSD-2025-09-24T103000-0806,GBPUSD,5,2025-09-24 10:30:00,2025-09-24 14:00:00,1655.17,16.55,0.14,1.349,1.35027,1.34662,1.34662,WIN,0.49,33.32,32.83,1688.0,True
TR-GBPUSD-2025-09-24T155000-0807,GBPUSD,5,2025-09-24 15:50:00,2025-09-24 17:40:00,1688.0,16.88,0.09,1.34541,1.34742,1.34154,1.34544,BREAKEVEN,0.32,-0.27,-0.59,1687.42,True
TR-GBPUSD-2025-09-25T105000-0808,GBPUSD,2,2025-09-25 10:50:00,2025-09-25 11:20:00,1687.42,16.87,0.14,1.34511,1.34634,1.34281,1.34514,BREAKEVEN,0.49,-0.42,-0.91,1686.51,True
TR-GBPUSD-2025-09-26T104000-0809,GBPUSD,2,2025-09-26 10:40:00,2025-09-26 11:30:00,1686.51,16.87,0.12,1.33503,1.33645,1.33234,1.3365,LOSS,0.42,-17.64,-18.06,1668.45,True
TR-GBPUSD-2025-09-29T023000-0810,GBPUSD,2,2025-09-29 02:30:00,2025-09-29 03:50:00,1668.45,16.68,0.25,1.34084,1.34005,1.34208,1.34208,WIN,0.88,30.75,29.87,1698.32,True
TR-GBPUSD-2025-09-29T151000-0811,GBPUSD,2,2025-09-29 15:10:00,2025-09-29 17:00:00,1698.32,16.98,0.18,1.3436,1.34255,1.3454,1.34357,BREAKEVEN,0.63,-0.54,-1.17,1697.15,True
TR-GBPUSD-2025-09-30T080000-0812,GBPUSD,5,2025-09-30 08:00:00,2025-09-30 14:00:00,1697.15,16.97,0.15,1.3437,1.3424,1.34588,1.34367,BREAKEVEN,0.53,-0.45,-0.98,1696.18,True
TR-GBPUSD-2025-09-30T151000-0813,GBPUSD,5,2025-09-30 15:10:00,2025-09-30 15:40:00,1696.18,16.96,0.19,1.34409,1.34307,1.34575,1.34406,BREAKEVEN,0.67,-0.57,-1.24,1694.94,True
TR-GBPUSD-2025-10-01T073000-0814,GBPUSD,5,2025-10-01 07:30:00,2025-10-01 08:00:00,1694.94,16.95,0.19,1.34468,1.34368,1.34635,1.34635,WIN,0.67,31.73,31.07,1726.01,True
TR-GBPUSD-2025-10-01T100000-0815,GBPUSD,2,2025-10-01 10:00:00,2025-10-01 10:30:00,1726.01,17.26,0.41,1.34674,1.3462,1.34748,1.34672,BREAKEVEN,1.43,-1.23,-2.67,1723.34,True
TR-GBPUSD-2025-10-01T105000-0816,GBPUSD,2,2025-10-01 10:50:00,2025-10-01 13:30:00,1723.34,17.23,0.17,1.34618,1.34507,1.34802,1.34614,BREAKEVEN,0.6,-0.51,-1.11,1722.24,True
TR-GBPUSD-2025-10-01T152000-0817,GBPUSD,2,2025-10-01 15:20:00,2025-10-01 19:00:00,1722.24,17.22,0.06,1.34962,1.34658,1.3553,1.34653,LOSS,0.21,-18.57,-18.78,1703.46,True
TR-GBPUSD-2025-10-02T044000-0818,GBPUSD,2,2025-10-02 04:40:00,2025-10-02 10:50:00,1703.46,17.03,0.18,1.34804,1.34697,1.34975,1.34975,WIN,0.63,30.78,30.15,1733.61,True
TR-GBPUSD-2025-10-03T152000-0819,GBPUSD,2,2025-10-03 15:20:00,2025-10-03 16:00:00,1733.61,17.34,0.28,1.34484,1.3455,1.34366,1.34555,LOSS,0.98,-20.02,-21.0,1712.61,True
TR-GBPUSD-2025-10-06T072000-0820,GBPUSD,2,2025-10-06 07:20:00,2025-10-06 10:10:00,1712.61,17.13,0.17,1.34486,1.34589,1.34294,1.34488,BREAKEVEN,0.6,-0.51,-1.11,1711.5,True
TR-GBPUSD-2025-10-06T105000-0821,GBPUSD,2,2025-10-06 10:50:00,2025-10-06 16:40:00,1711.5,17.12,0.09,1.34467,1.34657,1.34102,1.3447,BREAKEVEN,0.32,-0.27,-0.59,1710.92,True
TR-GBPUSD-2025-10-07T150000-0822,GBPUSD,2,2025-10-07 15:00:00,2025-10-07 16:00:00,1710.92,17.11,0.25,1.3402,1.34094,1.33887,1.34099,LOSS,0.88,-19.75,-20.63,1690.29,True
TR-GBPUSD-2025-10-08T032000-0823,GBPUSD,2,2025-10-08 03:20:00,2025-10-08 06:10:00,1690.29,16.9,0.14,1.34167,1.34297,1.33923,1.33923,WIN,0.49,34.16,33.67,1723.96,True
TR-GBPUSD-2025-10-09T090000-0824,GBPUSD,5,2025-10-09 09:00:00,2025-10-09 09:20:00,1723.96,17.24,0.21,1.34073,1.34159,1.33916,1.33916,WIN,0.73,32.97,32.23,1756.2,True
TR-GBPUSD-2025-10-09T093000-0825,GBPUSD,5,2025-10-09 09:30:00,2025-10-09 12:40:00,1756.2,17.56,0.07,1.33827,1.34092,1.33312,1.3383,BREAKEVEN,0.25,-0.21,-0.46,1755.74,True
TR-GBPUSD-2025-10-10T031000-0826,GBPUSD,2,2025-10-10 03:10:00,2025-10-10 04:30:00,1755.74,17.56,0.23,1.32984,1.33066,1.32836,1.33071,LOSS,0.81,-19.9,-20.7,1735.04,True
TR-GBPUSD-2025-10-10T072000-0827,GBPUSD,2,2025-10-10 07:20:00,2025-10-10 09:50:00,1735.04,17.35,0.24,1.33081,1.33158,1.32942,1.32942,WIN,0.84,33.36,32.52,1767.56,True
TR-GBPUSD-2025-10-10T102000-0828,GBPUSD,2,2025-10-10 10:20:00,2025-10-10 11:00:00,1767.56,17.68,0.15,1.32884,1.33004,1.32661,1.33009,LOSS,0.53,-18.68,-19.2,1748.36,True
TR-GBPUSD-2025-10-13T035000-0829,GBPUSD,2,2025-10-13 03:50:00,2025-10-13 05:10:00,1748.36,17.48,0.19,1.33434,1.33326,1.33607,1.33607,WIN,0.67,32.87,32.21,1780.57,True
TR-GBPUSD-2025-10-13T092000-0830,GBPUSD,2,2025-10-13 09:20:00,2025-10-13 10:10:00,1780.57,17.81,0.16,1.33558,1.33434,1.33778,1.33429,LOSS,0.56,-20.72,-21.28,1759.29,True
TR-GBPUSD-2025-10-14T031000-0831,GBPUSD,5,2025-10-14 03:10:00,2025-10-14 04:00:00,1759.29,17.59,0.26,1.33303,1.33376,1.33172,1.33381,LOSS,0.91,-20.28,-21.19,1738.1,True
TR-GBPUSD-2025-10-14T103000-0832,GBPUSD,2,2025-10-14 10:30:00,2025-10-14 16:10:00,1738.1,17.38,0.11,1.32693,1.32863,1.32368,1.32696,BREAKEVEN,0.39,-0.33,-0.72,1737.38,True
TR-GBPUSD-2025-10-15T105000-0833,GBPUSD,5,2025-10-15 10:50:00,2025-10-15 12:10:00,1737.38,17.37,0.15,1.33504,1.33382,1.33721,1.33377,LOSS,0.53,-19.05,-19.58,1717.81,True
TR-GBPUSD-2025-10-16T033000-0834,GBPUSD,2,2025-10-16 03:30:00,2025-10-16 04:40:00,1717.81,17.18,0.14,1.34104,1.33966,1.3434,1.3434,WIN,0.49,33.04,32.55,1750.36,True
TR-GBPUSD-2025-10-16T151000-0835,GBPUSD,2,2025-10-16 15:10:00,2025-10-16 15:20:00,1750.36,17.5,0.32,1.34395,1.34327,1.34492,1.34322,LOSS,1.12,-23.36,-24.48,1725.88,True
TR-GBPUSD-2025-10-17T075000-0836,GBPUSD,5,2025-10-17 07:50:00,2025-10-17 08:40:00,1725.88,17.26,0.29,1.34515,1.34443,1.34623,1.34623,WIN,1.01,31.32,30.3,1756.18,True
TR-GBPUSD-2025-10-21T030000-0837,GBPUSD,6,2025-10-21 03:00:00,2025-10-21 03:10:00,1756.18,17.56,0.45,1.34036,1.3408,1.33963,1.34085,LOSS,1.57,-22.05,-23.63,1732.56,True
TR-GBPUSD-2025-10-21T032000-0838,GBPUSD,1,2025-10-21 03:20:00,2025-10-21 03:50:00,1732.56,17.33,0.43,1.34083,1.34128,1.34008,1.34133,LOSS,1.5,-21.5,-23.01,1709.55,True
TR-GBPUSD-2025-10-21T085000-0839,GBPUSD,5,2025-10-21 08:50:00,2025-10-21 09:50:00,1709.55,17.1,0.14,1.3378,1.33904,1.33546,1.33909,LOSS,0.49,-18.13,-18.62,1690.93,True
TR-GBPUSD-2025-10-21T102000-0840,GBPUSD,2,2025-10-21 10:20:00,2025-10-21 12:40:00,1690.93,16.91,0.19,1.33877,1.33971,1.33705,1.3388,BREAKEVEN,0.67,-0.57,-1.24,1689.7,True
TR-GBPUSD-2025-10-21T151000-0841,GBPUSD,6,2025-10-21 15:10:00,2025-10-21 18:30:00,1689.7,16.9,0.09,1.33736,1.33922,1.33379,1.33927,LOSS,0.32,-17.19,-17.51,1672.19,True
TR-GBPUSD-2025-10-22T090000-0842,GBPUSD,5,2025-10-22 09:00:00,2025-10-22 11:20:00,1672.19,16.72,0.07,1.33641,1.33885,1.33168,1.33168,WIN,0.25,33.11,32.87,1705.06,True
TR-GBPUSD-2025-10-23T030000-0843,GBPUSD,5,2025-10-23 03:00:00,2025-10-23 05:00:00,1705.06,17.05,0.29,1.33508,1.33571,1.33396,1.33396,WIN,1.01,32.48,31.47,1736.52,True
TR-GBPUSD-2025-10-23T152000-0844,GBPUSD,2,2025-10-23 15:20:00,2025-10-23 15:40:00,1736.52,17.37,0.16,1.33322,1.33435,1.33111,1.3344,LOSS,0.56,-18.88,-19.44,1717.08,True
TR-GBPUSD-2025-10-24T043000-0845,GBPUSD,5,2025-10-24 04:30:00,2025-10-24 09:00:00,1717.08,17.17,0.2,1.33244,1.33335,1.33077,1.33247,BREAKEVEN,0.7,-0.6,-1.3,1715.78,True
TR-GBPUSD-2025-10-24T105000-0846,GBPUSD,2,2025-10-24 10:50:00,2025-10-24 11:50:00,1715.78,17.16,0.15,1.33218,1.33341,1.32987,1.33221,BREAKEVEN,0.53,-0.45,-0.98,1714.81,True
TR-GBPUSD-2025-10-27T092000-0847,GBPUSD,5,2025-10-27 09:20:00,2025-10-27 11:20:00,1714.81,17.15,0.13,1.33187,1.33324,1.32928,1.33329,LOSS,0.46,-18.46,-18.92,1695.89,True
TR-GBPUSD-2025-10-28T022000-0848,GBPUSD,2,2025-10-28 02:20:00,2025-10-28 06:10:00,1695.89,16.96,0.21,1.33434,1.33344,1.33581,1.33581,WIN,0.73,30.87,30.13,1726.03,True
TR-GBPUSD-2025-10-28T150000-0849,GBPUSD,2,2025-10-28 15:00:00,2025-10-28 15:30:00,1726.03,17.26,0.11,1.32874,1.33031,1.32576,1.32576,WIN,0.39,32.78,32.4,1758.42,True
TR-GBPUSD-2025-10-29T032000-0850,GBPUSD,2,2025-10-29 03:20:00,2025-10-29 07:00:00,1758.42,17.58,0.17,1.32702,1.32808,1.32506,1.32506,WIN,0.6,33.32,32.73,1791.15,True
TR-GBPUSD-2025-10-29T150000-0851,GBPUSD,5,2025-10-29 15:00:00,2025-10-29 15:10:00,1791.15,17.91,0.22,1.32022,1.3211,1.31861,1.32115,LOSS,0.77,-20.46,-21.23,1769.92,True
TR-GBPUSD-2025-10-29T155000-0852,GBPUSD,2,2025-10-29 15:50:00,2025-10-29 17:00:00,1769.92,17.7,0.1,1.32076,1.32262,1.3172,1.32267,LOSS,0.35,-19.05,-19.4,1750.52,True
TR-GBPUSD-2025-10-30T033000-0853,GBPUSD,2,2025-10-30 03:30:00,2025-10-30 04:10:00,1750.52,17.51,0.21,1.31999,1.32088,1.31837,1.32093,LOSS,0.73,-19.64,-20.37,1730.15,True
TR-GBPUSD-2025-10-30T101000-0854,GBPUSD,5,2025-10-30 10:10:00,2025-10-30 14:50:00,1730.15,17.3,0.08,1.31925,1.3215,1.3149,1.3149,WIN,0.28,34.8,34.52,1764.67,True
TR-GBPUSD-2025-10-31T040000-0855,GBPUSD,5,2025-10-31 04:00:00,2025-10-31 09:10:00,1764.67,17.65,0.18,1.31569,1.31675,1.31373,1.31373,WIN,0.63,35.28,34.65,1799.32,True
TR-GBPUSD-2025-11-03T095000-0856,GBPUSD,5,2025-11-03 09:50:00,2025-11-03 10:50:00,1799.32,17.99,0.17,1.31401,1.31509,1.312,1.312,WIN,0.6,34.17,33.58,1832.89,True
TR-GBPUSD-2025-11-03T153000-0857,GBPUSD,2,2025-11-03 15:30:00,2025-11-03 17:10:00,1832.89,18.33,0.13,1.31291,1.31436,1.31017,1.31294,BREAKEVEN,0.46,-0.39,-0.85,1832.05,True
TR-GBPUSD-2025-11-04T020000-0858,GBPUSD,5,2025-11-04 02:00:00,2025-11-04 03:30:00,1832.05,18.32,0.25,1.31335,1.31413,1.31195,1.31195,WIN,0.88,35.0,34.13,1866.17,True
TR-GBPUSD-2025-11-04T100000-0859,GBPUSD,2,2025-11-04 10:00:00,2025-11-04 11:20:00,1866.17,18.66,0.1,1.31219,1.31407,1.30858,1.30858,WIN,0.35,36.1,35.75,1901.92,True
TR-GBPUSD-2025-11-05T155000-0860,GBPUSD,5,2025-11-05 15:50:00,2025-11-05 17:20:00,1901.92,19.02,0.17,1.30332,1.3045,1.30111,1.30335,BREAKEVEN,0.6,-0.51,-1.11,1900.82,True
TR-GBPUSD-2025-11-06T030000-0861,GBPUSD,5,2025-11-06 03:00:00,2025-11-06 08:40:00,1900.82,19.01,0.28,1.30587,1.30507,1.30714,1.30584,BREAKEVEN,0.98,-0.84,-1.82,1899.0,True
TR-GBPUSD-2025-11-06T092000-0862,GBPUSD,5,2025-11-06 09:20:00,2025-11-06 11:00:00,1899.0,18.99,0.24,1.30594,1.30502,1.30744,1.30744,WIN,0.84,36.0,35.16,1934.16,True
TR-GBPUSD-2025-11-06T150000-0863,GBPUSD,2,2025-11-06 15:00:00,2025-11-06 16:30:00,1934.16,19.34,0.09,1.30916,1.30682,1.31352,1.30913,BREAKEVEN,0.32,-0.27,-0.59,1933.57,True
TR-GBPUSD-2025-11-07T041000-0864,GBPUSD,2,2025-11-07 04:10:00,2025-11-07 05:10:00,1933.57,19.34,0.26,1.31284,1.31199,1.31422,1.31194,LOSS,0.91,-23.27,-24.18,1909.39,True
TR-GBPUSD-2025-11-07T152000-0865,GBPUSD,5,2025-11-07 15:20:00,2025-11-07 17:00:00,1909.39,19.09,0.13,1.31234,1.3107,1.31518,1.31518,WIN,0.46,37.05,36.6,1945.99,True
TR-GBPUSD-2025-11-10T102000-0866,GBPUSD,2,2025-11-10 10:20:00,2025-11-10 10:40:00,1945.99,19.46,0.19,1.31634,1.31519,1.31826,1.31826,WIN,0.67,36.48,35.82,1981.8,True
TR-GBPUSD-2025-11-10T151000-0867,GBPUSD,2,2025-11-10 15:10:00,2025-11-10 15:40:00,1981.8,19.82,0.32,1.31821,1.31749,1.31934,1.31818,BREAKEVEN,1.12,-0.96,-2.08,1979.72,True
TR-GBPUSD-2025-11-11T073000-0868,GBPUSD,2,2025-11-11 07:30:00,2025-11-11 08:50:00,1979.72,19.8,0.3,1.31687,1.3161,1.31811,1.31605,LOSS,1.05,-24.6,-25.65,1954.07,True
TR-GBPUSD-2025-11-11T102000-0869,GBPUSD,2,2025-11-11 10:20:00,2025-11-11 12:50:00,1954.07,19.54,0.14,1.31234,1.31383,1.30952,1.31388,LOSS,0.49,-21.49,-21.98,1932.09,True
TR-GBPUSD-2025-11-12T023000-0870,GBPUSD,5,2025-11-12 02:30:00,2025-11-12 06:20:00,1932.09,19.32,0.28,1.31481,1.31554,1.3135,1.3135,WIN,0.98,36.68,35.7,1967.79,True
TR-GBPUSD-2025-11-12T105000-0871,GBPUSD,5,2025-11-12 10:50:00,2025-11-12 12:20:00,1967.79,19.68,0.14,1.31424,1.31569,1.31149,1.31149,WIN,0.49,38.5,38.01,2005.8,True
TR-GBPUSD-2025-11-12T152000-0872,GBPUSD,2,2025-11-12 15:20:00,2025-11-12 16:20:00,2005.8,20.06,0.17,1.3114,1.3126,1.30914,1.30914,WIN,0.6,38.42,37.82,2043.63,False
TR-GBPUSD-2025-11-13T083000-0873,GBPUSD,5,2025-11-13 08:30:00,2025-11-13 09:00:00,2043.63,20.44,0.36,1.31189,1.31251,1.3108,1.31192,BREAKEVEN,1.26,-1.08,-2.34,2041.29,True
TR-GBPUSD-2025-11-14T085000-0874,GBPUSD,2,2025-11-14 08:50:00,2025-11-14 09:40:00,2041.29,20.41,0.16,1.31474,1.31608,1.3122,1.31477,BREAKEVEN,0.56,-0.48,-1.04,2040.25,True
TR-GBPUSD-2025-11-14T100000-0875,GBPUSD,1,2025-11-14 10:00:00,2025-11-14 10:20:00,2040.25,20.4,0.15,1.31463,1.31602,1.312,1.312,WIN,0.53,39.45,38.92,2079.17,True
TR-GBPUSD-2025-11-14T103000-0876,GBPUSD,2,2025-11-14 10:30:00,2025-11-14 10:50:00,2079.17,20.79,0.08,1.31256,1.31508,1.30769,1.31513,LOSS,0.28,-20.52,-20.8,2058.37,True
TR-GBPUSD-2025-11-17T031000-0877,GBPUSD,2,2025-11-17 03:10:00,2025-11-17 05:10:00,2058.37,20.58,0.26,1.31599,1.31506,1.31746,1.31501,LOSS,0.91,-25.48,-26.39,2031.98,True
TR-GBPUSD-2025-11-17T075000-0878,GBPUSD,5,2025-11-17 07:50:00,2025-11-17 08:40:00,2031.98,20.32,0.28,1.31477,1.31554,1.31338,1.3148,BREAKEVEN,0.98,-0.84,-1.82,2030.16,True
TR-GBPUSD-2025-11-17T101000-0879,GBPUSD,2,2025-11-17 10:10:00,2025-11-17 10:20:00,2030.16,20.3,0.21,1.31776,1.31667,1.31954,1.31662,LOSS,0.73,-23.84,-24.57,2005.59,True
TR-GBPUSD-2025-11-18T021000-0880,GBPUSD,5,2025-11-18 02:10:00,2025-11-18 06:30:00,2005.59,20.06,0.23,1.31498,1.3159,1.3133,1.31595,LOSS,0.81,-22.2,-23.0,1982.59,True
TR-GBPUSD-2025-11-18T105000-0881,GBPUSD,2,2025-11-18 10:50:00,2025-11-18 15:10:00,1982.59,19.83,0.15,1.31615,1.3175,1.3136,1.3136,WIN,0.53,38.25,37.73,2020.32,True
TR-GBPUSD-2025-11-19T090000-0882,GBPUSD,5,2025-11-19 09:00:00,2025-11-19 09:30:00,2020.32,20.2,0.18,1.3146,1.31574,1.31246,1.31463,BREAKEVEN,0.63,-0.54,-1.17,2019.15,True
TR-GBPUSD-2025-11-19T101000-0883,GBPUSD,2,2025-11-19 10:10:00,2025-11-19 11:00:00,2019.15,20.19,0.23,1.3142,1.31515,1.31247,1.31247,WIN,0.81,40.02,39.21,2058.36,True
TR-GBPUSD-2025-11-20T021000-0884,GBPUSD,2,2025-11-20 02:10:00,2025-11-20 04:10:00,2058.36,20.58,0.31,1.30571,1.30642,1.30444,1.30444,WIN,1.08,39.37,38.29,2096.65,True
TR-GBPUSD-2025-11-21T081000-0885,GBPUSD,5,2025-11-21 08:10:00,2025-11-21 09:00:00,2096.65,20.97,0.28,1.30938,1.30854,1.31076,1.30849,LOSS,0.98,-24.92,-25.9,2070.75,True
TR-GBPUSD-2025-11-21T103000-0886,GBPUSD,5,2025-11-21 10:30:00,2025-11-21 11:50:00,2070.75,20.71,0.16,1.30884,1.3074,1.31134,1.30735,LOSS,0.56,-23.76,-24.32,2046.43,True
TR-GBPUSD-2025-11-24T101000-0887,GBPUSD,5,2025-11-24 10:10:00,2025-11-24 11:00:00,2046.43,20.46,0.21,1.30959,1.30854,1.31142,1.30956,BREAKEVEN,0.73,-0.63,-1.37,2045.06,True
TR-GBPUSD-2025-11-24T151000-0888,GBPUSD,2,2025-11-24 15:10:00,2025-11-24 15:30:00,2045.06,20.45,0.45,1.31097,1.31039,1.31174,1.31174,WIN,1.57,34.65,33.07,2078.14,True
TR-GBPUSD-2025-11-25T030000-0889,GBPUSD,5,2025-11-25 03:00:00,2025-11-25 06:10:00,2078.14,20.78,0.29,1.31072,1.30987,1.31205,1.30982,LOSS,1.01,-25.96,-26.97,2051.17,True
TR-GBPUSD-2025-11-25T150000-0890,GBPUSD,2,2025-11-25 15:00:00,2025-11-25 15:20:00,2051.17,20.51,0.17,1.31287,1.31153,1.31521,1.31521,WIN,0.6,39.78,39.19,2090.35,False
TR-GBPUSD-2025-11-25T153000-0891,GBPUSD,5,2025-11-25 15:30:00,2025-11-25 17:20:00,2090.35,20.9,0.12,1.31485,1.31295,1.31832,1.31832,WIN,0.42,41.64,41.22,2131.57,True
TR-GBPUSD-2025-11-26T023000-0892,GBPUSD,2,2025-11-26 02:30:00,2025-11-26 03:30:00,2131.57,21.32,0.59,1.3168,1.31631,1.31739,1.31739,WIN,2.06,34.81,32.75,2164.32,True
TR-GBPUSD-2025-11-26T083000-0893,GBPUSD,2,2025-11-26 08:30:00,2025-11-26 09:20:00,2164.32,21.64,0.26,1.31942,1.31846,1.32098,1.31841,LOSS,0.91,-26.26,-27.17,2137.15,True
TR-GBPUSD-2025-11-26T150000-0894,GBPUSD,2,2025-11-26 15:00:00,2025-11-26 15:20:00,2137.15,21.37,0.1,1.31674,1.31441,1.32098,1.32098,WIN,0.35,42.4,42.05,2179.2,True
TR-GBPUSD-2025-11-26T153000-0895,GBPUSD,2,2025-11-26 15:30:00,2025-11-27 03:50:00,2179.2,21.79,0.08,1.3205,1.31771,1.32568,1.32568,WIN,0.28,41.44,41.16,2220.36,True
TR-GBPUSD-2025-11-27T151000-0896,GBPUSD,2,2025-11-27 15:10:00,2025-11-27 15:30:00,2220.36,22.2,0.53,1.32334,1.3228,1.32406,1.32406,WIN,1.85,38.16,36.31,2256.66,False
TR-GBPUSD-2025-12-01T095000-0897,GBPUSD,5,2025-12-01 09:50:00,2025-12-01 10:20:00,2256.66,22.57,0.24,1.32284,1.32382,1.32103,1.32287,BREAKEVEN,0.84,-0.72,-1.56,2255.1,True
TR-GBPUSD-2025-12-01T104000-0898,GBPUSD,2,2025-12-01 10:40:00,2025-12-01 11:50:00,2255.1,22.55,0.17,1.32181,1.32315,1.31928,1.3232,LOSS,0.6,-23.63,-24.23,2230.88,False
TR-GBPUSD-2025-12-01T150000-0899,GBPUSD,2,2025-12-01 15:00:00,2025-12-01 17:40:00,2230.88,22.31,0.11,1.32617,1.3241,1.32994,1.32405,LOSS,0.39,-23.27,-23.65,2207.23,True
TR-GBPUSD-2025-12-02T101000-0900,GBPUSD,2,2025-12-02 10:10:00,2025-12-02 12:20:00,2207.23,22.07,0.21,1.32094,1.32202,1.31893,1.31893,WIN,0.73,42.21,41.47,2248.7,True
TR-GBPUSD-2025-12-02T153000-0901,GBPUSD,5,2025-12-02 15:30:00,2025-12-02 17:50:00,2248.7,22.49,0.2,1.32006,1.32125,1.31783,1.3213,LOSS,0.7,-24.8,-25.5,2223.2,True
TR-GBPUSD-2025-12-03T090000-0902,GBPUSD,5,2025-12-03 09:00:00,2025-12-03 09:50:00,2223.2,22.23,0.34,1.32416,1.3234,1.32538,1.32413,BREAKEVEN,1.19,-1.02,-2.21,2220.99,True
TR-GBPUSD-2025-12-04T102000-0903,GBPUSD,5,2025-12-04 10:20:00,2025-12-04 11:00:00,2220.99,22.21,0.19,1.33433,1.33306,1.3366,1.3343,BREAKEVEN,0.67,-0.57,-1.24,2219.76,False
TR-GBPUSD-2025-12-05T074000-0904,GBPUSD,5,2025-12-05 07:40:00,2025-12-05 09:30:00,2219.76,22.2,0.27,1.33414,1.33323,1.33566,1.33566,WIN,0.95,41.04,40.09,2259.85,True
TR-GBPUSD-2025-12-05T150000-0905,GBPUSD,2,2025-12-05 15:00:00,2025-12-05 17:50:00,2259.85,22.6,0.24,1.33472,1.33367,1.33649,1.33469,BREAKEVEN,0.84,-0.72,-1.56,2258.29,True
TR-GBPUSD-2025-12-08T154000-0906,GBPUSD,5,2025-12-08 15:40:00,2025-12-08 16:10:00,2258.29,22.58,0.27,1.33227,1.33315,1.33066,1.3332,LOSS,0.95,-25.11,-26.06,2232.24,True
TR-GBPUSD-2025-12-09T103000-0907,GBPUSD,5,2025-12-09 10:30:00,2025-12-09 11:20:00,2232.24,22.32,0.26,1.33329,1.33234,1.33489,1.33489,WIN,0.91,41.6,40.69,2272.93,True
TR-GBPUSD-2025-12-10T033000-0908,GBPUSD,5,2025-12-10 03:30:00,2025-12-10 06:40:00,2272.93,22.73,0.26,1.32978,1.33069,1.32809,1.33074,LOSS,0.91,-25.09,-26.0,2246.93,True
TR-GBPUSD-2025-12-10T152000-0909,GBPUSD,2,2025-12-10 15:20:00,2025-12-10 15:40:00,2246.93,22.47,0.26,1.33091,1.33184,1.3292,1.33189,LOSS,0.91,-25.48,-26.39,2220.54,True
TR-GBPUSD-2025-12-11T090000-0910,GBPUSD,2,2025-12-11 09:00:00,2025-12-11 14:20:00,2220.54,22.21,0.2,1.33678,1.33558,1.33884,1.33884,WIN,0.7,41.2,40.5,2261.04,True
TR-GBPUSD-2025-12-11T150000-0911,GBPUSD,5,2025-12-11 15:00:00,2025-12-11 15:50:00,2261.04,22.61,0.32,1.33884,1.33802,1.34016,1.34016,WIN,1.12,42.56,41.44,2302.48,True
TR-GBPUSD-2025-12-12T155000-0912,GBPUSD,5,2025-12-12 15:50:00,2025-12-12 16:40:00,2302.48,23.02,0.29,1.33764,1.33849,1.33607,1.33766,BREAKEVEN,1.01,-0.87,-1.89,2300.59,True
TR-GBPUSD-2025-12-15T031000-0913,GBPUSD,5,2025-12-15 03:10:00,2025-12-15 03:50:00,2300.59,23.01,0.27,1.336,1.33691,1.33433,1.33696,LOSS,0.95,-25.92,-26.87,2273.73,False
TR-GBPUSD-2025-12-15T153000-0914,GBPUSD,2,2025-12-15 15:30:00,2025-12-15 16:00:00,2273.73,22.74,0.51,1.33884,1.33826,1.3396,1.3388,BREAKEVEN,1.79,-1.53,-3.32,2270.41,True
TR-GBPUSD-2025-12-16T032000-0915,GBPUSD,2,2025-12-16 03:20:00,2025-12-16 09:00:00,2270.41,22.7,0.26,1.33674,1.33767,1.33503,1.33677,BREAKEVEN,0.91,-0.78,-1.69,2268.72,True
TR-GBPUSD-2025-12-16T150000-0916,GBPUSD,2,2025-12-16 15:00:00,2025-12-16 15:30:00,2268.72,22.69,0.24,1.34336,1.34229,1.34516,1.34334,BREAKEVEN,0.84,-0.72,-1.56,2267.16,True
TR-GBPUSD-2025-12-17T032000-0917,GBPUSD,2,2025-12-17 03:20:00,2025-12-17 04:10:00,2267.16,22.67,0.33,1.34244,1.34166,1.34373,1.34161,LOSS,1.16,-27.39,-28.55,2238.62,True
TR-GBPUSD-2025-12-17T090000-0918,GBPUSD,5,2025-12-17 09:00:00,2025-12-17 16:00:00,2238.62,22.39,0.08,1.33609,1.33891,1.3306,1.33612,BREAKEVEN,0.28,-0.24,-0.52,2238.1,True
TR-GBPUSD-2025-12-18T033000-0919,GBPUSD,6,2025-12-18 03:30:00,2025-12-18 09:20:00,2238.1,22.38,0.37,1.33739,1.33804,1.33624,1.33742,BREAKEVEN,1.29,-1.11,-2.41,2235.69,True
TR-GBPUSD-2025-12-18T093000-0920,GBPUSD,5,2025-12-18 09:30:00,2025-12-18 11:10:00,2235.69,22.36,0.3,1.33697,1.33777,1.33552,1.33552,WIN,1.05,43.5,42.45,2278.14,True
TR-GBPUSD-2025-12-19T030000-0921,GBPUSD,2,2025-12-19 03:00:00,2025-12-19 06:20:00,2278.14,22.78,0.32,1.33824,1.33743,1.33956,1.33738,LOSS,1.12,-27.52,-28.64,2249.5,True
TR-GBPUSD-2025-12-19T095000-0922,GBPUSD,5,2025-12-19 09:50:00,2025-12-19 12:00:00,2249.5,22.5,0.22,1.33714,1.3382,1.33517,1.33825,LOSS,0.77,-24.42,-25.19,2224.31,True
TR-GBPUSD-2025-12-19T150000-0923,GBPUSD,5,2025-12-19 15:00:00,2025-12-19 16:00:00,2224.31,22.24,0.3,1.33721,1.33801,1.33576,1.33724,BREAKEVEN,1.05,-0.9,-1.95,2222.36,True
TR-GBPUSD-2025-12-22T031000-0924,GBPUSD,2,2025-12-22 03:10:00,2025-12-22 09:30:00,2222.36,22.22,0.31,1.339,1.33805,1.34023,1.34023,WIN,1.08,37.82,36.74,2259.1,True
TR-GBPUSD-2025-12-22T105000-0925,GBPUSD,2,2025-12-22 10:50:00,2025-12-22 13:10:00,2259.1,22.59,0.23,1.34196,1.34087,1.34381,1.34381,WIN,0.81,42.55,41.74,2300.84,True
TR-GBPUSD-2025-12-22T151000-0926,GBPUSD,5,2025-12-22 15:10:00,2025-12-22 17:10:00,2300.84,23.01,0.23,1.34344,1.34234,1.34538,1.34538,WIN,0.81,44.85,44.04,2344.89,True
TR-GBPUSD-2025-12-23T034000-0927,GBPUSD,5,2025-12-23 03:40:00,2025-12-23 07:30:00,2344.89,23.45,0.28,1.34762,1.34669,1.34917,1.34917,WIN,0.98,43.4,42.42,2387.31,True
TR-GBPUSD-2025-12-23T094000-0928,GBPUSD,2,2025-12-23 09:40:00,2025-12-23 10:10:00,2387.31,23.87,0.26,1.34922,1.34818,1.3509,1.3509,WIN,0.91,43.68,42.77,2430.08,True
TR-GBPUSD-2025-12-23T150000-0929,GBPUSD,1,2025-12-23 15:00:00,2025-12-23 15:10:00,2430.08,24.3,0.52,1.35072,1.35014,1.35153,1.35009,LOSS,1.82,-32.5,-34.32,2395.76,True
TR-GBPUSD-2025-12-23T154000-0930,GBPUSD,2,2025-12-23 15:40:00,2025-12-23 16:00:00,2395.76,23.96,0.2,1.35108,1.34976,1.35339,1.34971,LOSS,0.7,-27.4,-28.1,2367.66,True
TR-GBPUSD-2025-12-24T034000-0931,GBPUSD,5,2025-12-24 03:40:00,2025-12-24 06:20:00,2367.66,23.68,0.19,1.3523,1.35098,1.35468,1.35093,LOSS,0.67,-26.13,-26.79,2340.87,True
TR-GBPUSD-2025-12-24T105000-0932,GBPUSD,2,2025-12-24 10:50:00,2025-12-24 17:00:00,2340.87,23.41,0.19,1.35132,1.34998,1.35364,1.34993,LOSS,0.67,-26.41,-27.08,2313.79,True
TR-EURUSD-2024-01-02T155000-0001,EURUSD,5,2024-01-02 15:50:00,2024-01-02 17:00:00,200.0,2.0,0.02,1.09569,1.09673,1.09378,1.09678,LOSS,0.07,-2.17,-2.24,197.76,True
TR-EURUSD-2024-01-03T032000-0002,EURUSD,5,2024-01-03 03:20:00,2024-01-03 03:50:00,197.76,1.98,0.03,1.09476,1.09538,1.09367,1.09543,LOSS,0.1,-2.01,-2.12,195.64,True
TR-EURUSD-2024-01-03T103000-0003,EURUSD,5,2024-01-03 10:30:00,2024-01-03 12:00:00,195.64,1.96,0.02,1.09563,1.09677,1.09352,1.09352,WIN,0.07,4.24,4.17,199.81,True
TR-EURUSD-2024-01-04T033000-0004,EURUSD,5,2024-01-04 03:30:00,2024-01-04 05:30:00,199.81,2.0,0.03,1.09196,1.09263,1.09077,1.09268,LOSS,0.1,-2.16,-2.27,197.55,False
TR-EURUSD-2024-01-04T084000-0005,EURUSD,5,2024-01-04 08:40:00,2024-01-04 09:40:00,197.55,1.98,0.02,1.09274,1.09365,1.09107,1.0937,LOSS,0.07,-1.92,-1.99,195.56,True
TR-EURUSD-2024-01-05T100000-0006,EURUSD,2,2024-01-05 10:00:00,2024-01-05 11:00:00,195.56,1.96,0.02,1.09257,1.09355,1.09077,1.09077,WIN,0.07,3.6,3.53,199.09,True
TR-EURUSD-2024-01-05T153000-0007,EURUSD,5,2024-01-05 15:30:00,2024-01-05 16:00:00,199.09,1.99,0.01,1.08988,1.09282,1.08416,1.09287,LOSS,0.04,-2.99,-3.02,196.07,True
TR-EURUSD-2024-01-08T070000-0008,EURUSD,5,2024-01-08 07:00:00,2024-01-08 08:10:00,196.07,1.96,0.04,1.0934,1.09399,1.09239,1.09404,LOSS,0.14,-2.54,-2.68,193.39,True
TR-EURUSD-2024-01-08T154000-0009,EURUSD,5,2024-01-08 15:40:00,2024-01-08 17:20:00,193.39,1.93,0.02,1.095,1.09402,1.09672,1.09672,WIN,0.07,3.44,3.37,196.76,True
TR-EURUSD-2024-01-09T021000-0010,EURUSD,2,2024-01-09 02:10:00,2024-01-09 07:20:00,196.76,1.97,0.03,1.09531,1.09457,1.09655,1.09528,BREAKEVEN,0.1,-0.09,-0.2,196.56,True
TR-EURUSD-2024-01-10T031000-0011,EURUSD,5,2024-01-10 03:10:00,2024-01-10 04:50:00,196.56,1.97,0.03,1.09284,1.0936,1.09148,1.09365,LOSS,0.1,-2.42,-2.52,194.04,True
TR-EURUSD-2024-01-11T030000-0012,EURUSD,2,2024-01-11 03:00:00,2024-01-11 04:20:00,194.04,1.94,0.05,1.09776,1.09728,1.09844,1.09844,WIN,0.18,3.4,3.23,197.27,True
TR-EURUSD-2024-01-11T103000-0013,EURUSD,2,2024-01-11 10:30:00,2024-01-11 11:10:00,197.27,1.97,0.04,1.09781,1.09718,1.09886,1.09713,LOSS,0.14,-2.72,-2.86,194.41,True
TR-EURUSD-2024-01-12T034000-0014,EURUSD,5,2024-01-12 03:40:00,2024-01-12 09:10:00,194.41,1.94,0.02,1.0979,1.09698,1.09951,1.09693,LOSS,0.07,-1.95,-2.02,192.39,True
TR-EURUSD-2024-01-12T102000-0015,EURUSD,5,2024-01-12 10:20:00,2024-01-12 12:10:00,192.39,1.92,0.02,1.09713,1.09614,1.09889,1.09609,LOSS,0.07,-2.07,-2.14,190.25,True
TR-EURUSD-2024-01-15T092000-0016,EURUSD,2,2024-01-15 09:20:00,2024-01-15 11:40:00,190.25,1.9,0.02,1.09614,1.09697,1.09465,1.09465,WIN,0.07,3.0,2.93,193.18,True
TR-EURUSD-2024-01-15T151000-0017,EURUSD,2,2024-01-15 15:10:00,2024-01-15 18:00:00,193.18,1.93,0.02,1.09498,1.09598,1.09313,1.09501,BREAKEVEN,0.07,-0.06,-0.13,193.05,True
TR-EURUSD-2024-01-16T025000-0018,EURUSD,5,2024-01-16 02:50:00,2024-01-16 10:40:00,193.05,1.93,0.01,1.09335,1.09471,1.09078,1.09078,WIN,0.04,2.57,2.54,195.58,True
TR-EURUSD-2024-01-16T152000-0019,EURUSD,2,2024-01-16 15:20:00,2024-01-16 15:40:00,195.58,1.96,0.02,1.08826,1.08917,1.08659,1.08922,LOSS,0.07,-1.92,-1.99,193.59,True
TR-EURUSD-2024-01-17T071000-0020,EURUSD,5,2024-01-17 07:10:00,2024-01-17 09:00:00,193.59,1.94,0.02,1.08672,1.08756,1.0852,1.08676,BREAKEVEN,0.07,-0.06,-0.13,193.46,True
TR-EURUSD-2024-01-17T152000-0021,EURUSD,5,2024-01-17 15:20:00,2024-01-17 15:30:00,193.46,1.93,0.02,1.08714,1.08806,1.08545,1.08545,WIN,0.07,3.38,3.31,196.77,True
TR-EURUSD-2024-01-17T154000-0022,EURUSD,2,2024-01-17 15:40:00,2024-01-17 17:10:00,196.77,1.97,0.02,1.08674,1.08806,1.08425,1.08677,BREAKEVEN,0.07,-0.06,-0.13,196.64,True
TR-EURUSD-2024-01-18T081000-0023,EURUSD,5,2024-01-18 08:10:00,2024-01-18 10:00:00,196.64,1.97,0.02,1.08995,1.08898,1.09165,1.08893,LOSS,0.07,-2.04,-2.11,194.53,True
TR-EURUSD-2024-01-22T031000-0024,EURUSD,5,2024-01-22 03:10:00,2024-01-22 10:10:00,194.53,1.95,0.02,1.09016,1.08917,1.0919,1.08912,LOSS,0.07,-2.08,-2.15,192.38,True
TR-EURUSD-2024-01-24T152000-0025,EURUSD,2,2024-01-24 15:20:00,2024-01-24 16:00:00,192.38,1.92,0.02,1.09015,1.089,1.09223,1.09223,WIN,0.07,4.16,4.09,196.47,True
TR-EURUSD-2024-01-25T104000-0026,EURUSD,2,2024-01-25 10:40:00,2024-01-25 15:30:00,196.47,1.96,0.02,1.08897,1.08793,1.09084,1.08788,LOSS,0.07,-2.18,-2.25,194.22,True
TR-EURUSD-2024-01-26T022000-0027,EURUSD,2,2024-01-26 02:20:00,2024-01-26 09:10:00,194.22,1.94,0.02,1.08424,1.0851,1.08268,1.08268,WIN,0.07,3.12,3.05,197.27,True
TR-EURUSD-2024-01-26T155000-0028,EURUSD,2,2024-01-26 15:50:00,2024-01-26 17:20:00,197.27,1.97,0.01,1.0881,1.08582,1.09242,1.08577,LOSS,0.04,-2.33,-2.37,194.91,True
TR-EURUSD-2024-01-29T041000-0029,EURUSD,5,2024-01-29 04:10:00,2024-01-29 11:40:00,194.91,1.95,0.02,1.08416,1.08509,1.08246,1.08246,WIN,0.07,3.4,3.33,198.24,True
TR-EURUSD-2024-01-29T150000-0030,EURUSD,5,2024-01-29 15:00:00,2024-01-29 17:50:00,198.24,1.98,0.02,1.08253,1.08387,1.08001,1.08001,WIN,0.07,5.04,4.97,203.21,True
TR-EURUSD-2024-01-30T150000-0031,EURUSD,2,2024-01-30 15:00:00,2024-01-30 16:00:00,203.21,2.03,0.03,1.08434,1.08359,1.08563,1.08354,LOSS,0.1,-2.4,-2.51,200.7,True
TR-EURUSD-2024-01-31T100000-0032,EURUSD,6,2024-01-31 10:00:00,2024-01-31 11:10:00,200.7,2.01,0.03,1.08171,1.08247,1.08034,1.08252,LOSS,0.1,-2.43,-2.54,198.17,True
TR-EURUSD-2024-01-31T154000-0033,EURUSD,2,2024-01-31 15:40:00,2024-01-31 16:40:00,198.17,1.98,0.01,1.08487,1.08333,1.08771,1.08771,WIN,0.04,2.84,2.8,200.97,True
TR-EURUSD-2024-02-01T030000-0034,EURUSD,5,2024-02-01 03:00:00,2024-02-01 04:20:00,200.97,2.01,0.03,1.08087,1.08162,1.07952,1.08167,LOSS,0.1,-2.4,-2.51,198.47,True
TR-EURUSD-2024-02-01T090000-0035,EURUSD,5,2024-02-01 09:00:00,2024-02-01 10:30:00,198.47,1.98,0.02,1.07975,1.08062,1.07816,1.07816,WIN,0.07,3.18,3.11,201.58,True
TR-EURUSD-2024-02-05T020000-0036,EURUSD,5,2024-02-05 02:00:00,2024-02-05 08:10:00,201.58,2.02,0.02,1.07753,1.07842,1.0759,1.07847,LOSS,0.07,-1.88,-1.95,199.63,True
TR-EURUSD-2024-02-05T103000-0037,EURUSD,2,2024-02-05 10:30:00,2024-02-05 11:50:00,199.63,2.0,0.02,1.07773,1.07873,1.07588,1.07588,WIN,0.07,3.7,3.63,203.26,True
TR-EURUSD-2024-02-05T150000-0038,EURUSD,2,2024-02-05 15:00:00,2024-02-05 17:00:00,203.26,2.03,0.02,1.07511,1.0761,1.07329,1.07329,WIN,0.07,3.64,3.57,206.83,True
TR-EURUSD-2024-02-06T105000-0039,EURUSD,2,2024-02-06 10:50:00,2024-02-06 11:50:00,206.83,2.07,0.02,1.07518,1.07612,1.07344,1.07344,WIN,0.07,3.48,3.41,210.24,True
TR-EURUSD-2024-02-06T153000-0040,EURUSD,2,2024-02-06 15:30:00,2024-02-06 17:20:00,210.24,2.1,0.02,1.07358,1.07459,1.07171,1.07464,LOSS,0.07,-2.12,-2.19,208.05,True
TR-EURUSD-2024-02-07T091000-0041,EURUSD,5,2024-02-07 09:10:00,2024-02-07 15:30:00,208.05,2.08,0.02,1.07642,1.07547,1.07811,1.07811,WIN,0.07,3.38,3.31,211.36,True
TR-EURUSD-2024-02-08T153000-0042,EURUSD,5,2024-02-08 15:30:00,2024-02-08 16:30:00,211.36,2.11,0.03,1.07544,1.07628,1.07392,1.07548,BREAKEVEN,0.1,-0.09,-0.2,211.16,True
TR-EURUSD-2024-02-09T032000-0043,EURUSD,2,2024-02-09 03:20:00,2024-02-09 06:10:00,211.16,2.11,0.03,1.07765,1.07694,1.07886,1.07689,LOSS,0.1,-2.28,-2.39,208.78,True
TR-EURUSD-2024-02-09T100000-0044,EURUSD,2,2024-02-09 10:00:00,2024-02-09 10:50:00,208.78,2.09,0.05,1.07805,1.07759,1.07873,1.07754,LOSS,0.18,-2.55,-2.73,206.05,True
TR-EURUSD-2024-02-09T154000-0045,EURUSD,2,2024-02-09 15:40:00,2024-02-12 10:30:00,206.05,2.06,0.02,1.07791,1.0765,1.08052,1.07788,BREAKEVEN,0.07,-0.06,-0.13,205.92,True
TR-EURUSD-2024-02-12T155000-0046,EURUSD,5,2024-02-12 15:50:00,2024-02-12 18:30:00,205.92,2.06,0.02,1.07641,1.07745,1.07448,1.0775,LOSS,0.07,-2.18,-2.25,203.67,True
TR-EURUSD-2024-02-13T022000-0047,EURUSD,5,2024-02-13 02:20:00,2024-02-13 08:30:00,203.67,2.04,0.03,1.07696,1.0776,1.07583,1.07699,BREAKEVEN,0.1,-0.09,-0.2,203.48,True
TR-EURUSD-2024-02-13T103000-0048,EURUSD,2,2024-02-13 10:30:00,2024-02-13 12:00:00,203.48,2.03,0.02,1.07678,1.07775,1.07499,1.07681,BREAKEVEN,0.07,-0.06,-0.13,203.35,True
TR-EURUSD-2024-02-13T153000-0049,EURUSD,5,2024-02-13 15:30:00,2024-02-15 15:30:00,203.35,2.03,0.01,1.07636,1.0802,1.06884,1.0764,BREAKEVEN,0.04,-0.03,-0.07,203.28,True
TR-EURUSD-2024-02-16T103000-0050,EURUSD,2,2024-02-16 10:30:00,2024-02-16 10:50:00,203.28,2.03,0.05,1.07619,1.07573,1.0769,1.0769,WIN,0.18,3.55,3.38,206.66,True
TR-EURUSD-2024-02-20T094000-0051,EURUSD,5,2024-02-20 09:40:00,2024-02-20 11:10:00,206.66,2.07,0.03,1.07706,1.07783,1.07567,1.07788,LOSS,0.1,-2.46,-2.57,204.09,True
TR-EURUSD-2024-02-20T153000-0052,EURUSD,5,2024-02-20 15:30:00,2024-02-20 16:30:00,204.09,2.04,0.02,1.08066,1.07933,1.08304,1.08304,WIN,0.07,4.76,4.69,208.78,True
TR-EURUSD-2024-02-21T040000-0053,EURUSD,5,2024-02-21 04:00:00,2024-02-21 10:50:00,208.78,2.09,0.03,1.08108,1.08035,1.0823,1.0803,LOSS,0.1,-2.34,-2.45,206.34,True
TR-EURUSD-2024-02-21T150000-0054,EURUSD,2,2024-02-21 15:00:00,2024-02-21 17:10:00,206.34,2.06,0.03,1.08019,1.07941,1.08154,1.08154,WIN,0.1,4.05,3.94,210.28,True
TR-EURUSD-2024-02-23T100000-0055,EURUSD,2,2024-02-23 10:00:00,2024-02-23 10:30:00,210.28,2.1,0.06,1.08265,1.08221,1.08332,1.08262,BREAKEVEN,0.21,-0.18,-0.39,209.89,True
TR-EURUSD-2024-02-27T091000-0056,EURUSD,5,2024-02-27 09:10:00,2024-02-27 12:00:00,209.89,2.1,0.03,1.08512,1.08437,1.08643,1.08509,BREAKEVEN,0.1,-0.09,-0.2,209.7,True
TR-EURUSD-2024-02-28T102000-0057,EURUSD,5,2024-02-28 10:20:00,2024-02-28 11:20:00,209.7,2.1,0.03,1.08191,1.08276,1.08036,1.08036,WIN,0.1,4.65,4.55,214.24,True
TR-EURUSD-2024-02-28T150000-0058,EURUSD,5,2024-02-28 15:00:00,2024-02-28 15:40:00,214.24,2.14,0.02,1.08094,1.08185,1.07926,1.0819,LOSS,0.07,-1.93,-2.0,212.24,True
TR-EURUSD-2024-02-29T091000-0059,EURUSD,2,2024-02-29 09:10:00,2024-02-29 11:20:00,212.24,2.12,0.03,1.08352,1.08268,1.085,1.085,WIN,0.1,4.44,4.33,216.58,False
TR-EURUSD-2024-02-29T153000-0060,EURUSD,5,2024-02-29 15:30:00,2024-02-29 16:10:00,216.58,2.17,0.03,1.08282,1.08191,1.08425,1.08425,WIN,0.1,4.29,4.18,220.76,True
TR-EURUSD-2024-03-01T150000-0061,EURUSD,2,2024-03-01 15:00:00,2024-03-01 16:50:00,220.76,2.21,0.03,1.08164,1.08252,1.08003,1.08003,WIN,0.1,4.83,4.73,225.49,True
TR-EURUSD-2024-03-04T090000-0062,EURUSD,2,2024-03-04 09:00:00,2024-03-04 09:50:00,225.49,2.25,0.06,1.08466,1.08422,1.08533,1.08533,WIN,0.21,4.02,3.81,229.3,True
TR-EURUSD-2024-03-04T100000-0063,EURUSD,5,2024-03-04 10:00:00,2024-03-04 10:30:00,229.3,2.29,0.03,1.08519,1.08442,1.08654,1.08437,LOSS,0.1,-2.45,-2.55,226.75,True
TR-EURUSD-2024-03-05T102000-0064,EURUSD,2,2024-03-05 10:20:00,2024-03-05 11:30:00,226.75,2.27,0.05,1.08466,1.08413,1.0855,1.0855,WIN,0.18,4.2,4.03,230.77,True
TR-EURUSD-2024-03-06T102000-0065,EURUSD,5,2024-03-06 10:20:00,2024-03-06 15:50:00,230.77,2.31,0.03,1.08657,1.08559,1.08832,1.08832,WIN,0.1,5.25,5.15,235.92,True
TR-EURUSD-2024-03-08T152000-0066,EURUSD,2,2024-03-08 15:20:00,2024-03-08 15:30:00,235.92,2.36,0.03,1.09355,1.09271,1.09502,1.09352,BREAKEVEN,0.1,-0.09,-0.2,235.72,True
TR-EURUSD-2024-03-08T154000-0067,EURUSD,5,2024-03-08 15:40:00,2024-03-12 14:30:00,235.72,2.36,0.01,1.09528,1.09148,1.10269,1.09143,LOSS,0.04,-3.85,-3.88,231.84,True
TR-EURUSD-2024-03-12T150000-0068,EURUSD,2,2024-03-12 15:00:00,2024-03-12 23:20:00,231.84,2.32,0.01,1.09288,1.0945,1.0898,1.09292,BREAKEVEN,0.04,-0.03,-0.07,231.78,True
TR-EURUSD-2024-03-14T040000-0069,EURUSD,2,2024-03-14 04:00:00,2024-03-14 05:40:00,231.78,2.32,0.06,1.09463,1.09418,1.09531,1.09413,LOSS,0.21,-2.97,-3.18,228.6,True
TR-EURUSD-2024-03-14T103000-0070,EURUSD,2,2024-03-14 10:30:00,2024-03-14 14:30:00,228.6,2.29,0.03,1.09402,1.09316,1.09552,1.09311,LOSS,0.1,-2.72,-2.82,225.78,True
TR-EURUSD-2024-03-14T151000-0071,EURUSD,2,2024-03-14 15:10:00,2024-03-14 17:10:00,225.78,2.26,0.01,1.09301,1.09474,1.08971,1.08971,WIN,0.04,3.3,3.27,229.04,False
TR-EURUSD-2024-03-15T034000-0072,EURUSD,2,2024-03-15 03:40:00,2024-03-15 09:20:00,229.04,2.29,0.06,1.08771,1.08815,1.08698,1.0882,LOSS,0.21,-2.94,-3.15,225.89,True
TR-EURUSD-2024-03-15T153000-0073,EURUSD,2,2024-03-15 15:30:00,2024-03-18 10:10:00,225.89,2.26,0.03,1.08874,1.08969,1.087,1.08974,LOSS,0.1,-2.99,-3.09,222.8,True
TR-EURUSD-2024-03-19T095000-0074,EURUSD,5,2024-03-19 09:50:00,2024-03-19 11:50:00,222.8,2.23,0.02,1.08602,1.08701,1.08419,1.08419,WIN,0.07,3.66,3.59,226.39,True
TR-EURUSD-2024-03-20T101000-0075,EURUSD,2,2024-03-20 10:10:00,2024-03-20 11:50:00,226.39,2.26,0.02,1.08618,1.08735,1.08399,1.08399,WIN,0.07,4.38,4.31,230.7,True
TR-EURUSD-2024-03-21T031000-0076,EURUSD,2,2024-03-21 03:10:00,2024-03-21 10:00:00,230.7,2.31,0.03,1.09362,1.09272,1.0952,1.09267,LOSS,0.1,-2.84,-2.94,227.76,True
TR-EURUSD-2024-03-22T033000-0077,EURUSD,5,2024-03-22 03:30:00,2024-03-22 04:00:00,227.76,2.28,0.04,1.08622,1.08687,1.08509,1.08509,WIN,0.14,4.56,4.42,232.18,True
TR-EURUSD-2024-03-22T044000-0078,EURUSD,5,2024-03-22 04:40:00,2024-03-22 09:30:00,232.18,2.32,0.02,1.08448,1.08547,1.08265,1.08265,WIN,0.07,3.66,3.59,235.77,True
TR-EURUSD-2024-03-22T105000-0079,EURUSD,5,2024-03-22 10:50:00,2024-03-22 11:00:00,235.77,2.36,0.04,1.08118,1.0818,1.08009,1.08185,LOSS,0.14,-2.68,-2.82,232.95,True
TR-EURUSD-2024-03-25T100000-0080,EURUSD,5,2024-03-25 10:00:00,2024-03-25 13:50:00,232.95,2.33,0.03,1.08168,1.08263,1.07995,1.08268,LOSS,0.1,-2.99,-3.09,229.86,True
TR-EURUSD-2024-03-26T025000-0081,EURUSD,2,2024-03-26 02:50:00,2024-03-26 05:40:00,229.86,2.3,0.06,1.08391,1.08348,1.08455,1.08387,BREAKEVEN,0.21,-0.18,-0.39,229.47,True
TR-EURUSD-2024-03-26T104000-0082,EURUSD,2,2024-03-26 10:40:00,2024-03-26 16:20:00,229.47,2.29,0.02,1.08468,1.08355,1.08674,1.08465,BREAKEVEN,0.07,-0.06,-0.13,229.34,True
TR-EURUSD-2024-03-27T032000-0083,EURUSD,5,2024-03-27 03:20:00,2024-03-27 06:10:00,229.34,2.29,0.04,1.08278,1.08339,1.08172,1.08282,BREAKEVEN,0.14,-0.12,-0.26,229.08,True
TR-EURUSD-2024-03-27T100000-0084,EURUSD,5,2024-03-27 10:00:00,2024-03-27 11:10:00,229.08,2.29,0.04,1.08258,1.08326,1.08138,1.08331,LOSS,0.14,-2.9,-3.04,226.04,True
TR-EURUSD-2024-03-28T085000-0085,EURUSD,5,2024-03-28 08:50:00,2024-03-28 09:20:00,226.04,2.26,0.04,1.08179,1.08248,1.08056,1.08056,WIN,0.14,4.92,4.78,230.82,True
TR-EURUSD-2024-03-28T100000-0086,EURUSD,5,2024-03-28 10:00:00,2024-03-28 11:10:00,230.82,2.31,0.03,1.0801,1.08087,1.07871,1.07871,WIN,0.1,4.17,4.07,234.89,True
TR-EURUSD-2024-03-29T033000-0087,EURUSD,5,2024-03-29 03:30:00,2024-03-29 10:00:00,234.89,2.35,0.04,1.07813,1.07881,1.07692,1.07692,WIN,0.14,4.84,4.7,239.59,True
TR-EURUSD-2024-04-01T100000-0088,EURUSD,5,2024-04-01 10:00:00,2024-04-01 17:00:00,239.59,2.4,0.03,1.07858,1.07935,1.07719,1.07719,WIN,0.1,4.17,4.07,243.65,True
TR-EURUSD-2024-04-02T030000-0089,EURUSD,5,2024-04-02 03:00:00,2024-04-02 10:40:00,243.65,2.44,0.04,1.07358,1.0743,1.0723,1.07362,BREAKEVEN,0.14,-0.12,-0.26,243.39,True
TR-EURUSD-2024-04-04T102000-0090,EURUSD,2,2024-04-04 10:20:00,2024-04-04 15:50:00,243.39,2.43,0.02,1.0846,1.08356,1.08649,1.08649,WIN,0.07,3.76,3.69,247.08,True
TR-EURUSD-2024-04-05T150000-0091,EURUSD,2,2024-04-05 15:00:00,2024-04-05 15:30:00,247.08,2.47,0.07,1.08405,1.08361,1.08472,1.08402,BREAKEVEN,0.25,-0.21,-0.46,246.63,True
TR-EURUSD-2024-04-05T154000-0092,EURUSD,2,2024-04-05 15:40:00,2024-04-05 18:10:00,246.63,2.47,0.01,1.08272,1.08485,1.07861,1.08275,BREAKEVEN,0.04,-0.03,-0.07,246.56,True
TR-EURUSD-2024-04-08T025000-0093,EURUSD,5,2024-04-08 02:50:00,2024-04-08 05:00:00,246.56,2.47,0.04,1.08295,1.0836,1.0818,1.08365,LOSS,0.14,-2.8,-2.94,243.62,True
TR-EURUSD-2024-04-08T105000-0094,EURUSD,2,2024-04-08 10:50:00,2024-04-08 11:50:00,243.62,2.44,0.03,1.08345,1.08249,1.08512,1.08244,LOSS,0.1,-3.02,-3.12,240.5,True
TR-EURUSD-2024-04-09T154000-0095,EURUSD,5,2024-04-09 15:40:00,2024-04-09 17:30:00,240.5,2.41,0.02,1.08717,1.08612,1.08902,1.08714,BREAKEVEN,0.07,-0.06,-0.13,240.37,True
TR-EURUSD-2024-04-10T091000-0096,EURUSD,5,2024-04-10 09:10:00,2024-04-10 11:30:00,240.37,2.4,0.03,1.085,1.08581,1.08351,1.08586,LOSS,0.1,-2.6,-2.7,237.67,True
TR-EURUSD-2024-04-10T152000-0097,EURUSD,2,2024-04-10 15:20:00,2024-04-10 15:30:00,237.67,2.38,0.04,1.08592,1.0852,1.08715,1.08515,LOSS,0.14,-3.08,-3.22,234.45,True
TR-EURUSD-2024-04-10T154000-0098,EURUSD,2,2024-04-10 15:40:00,2024-04-10 19:30:00,234.45,2.34,0.01,1.08205,1.08661,1.07308,1.07308,WIN,0.04,8.97,8.93,243.39,True
TR-EURUSD-2024-04-12T154000-0099,EURUSD,2,2024-04-12 15:40:00,2024-04-12 17:20:00,243.39,2.43,0.02,1.06469,1.06573,1.06276,1.06276,WIN,0.07,3.86,3.79,247.18,True
TR-EURUSD-2024-04-15T153000-0100,EURUSD,5,2024-04-15 15:30:00,2024-04-15 16:10:00,247.18,2.47,0.02,1.06446,1.06598,1.06155,1.06603,LOSS,0.07,-3.15,-3.22,243.96,True
TR-EURUSD-2024-04-16T030000-0101,EURUSD,5,2024-04-16 03:00:00,2024-04-16 04:20:00,243.96,2.44,0.04,1.06242,1.06313,1.06115,1.06115,WIN,0.14,5.08,4.94,248.9,True
TR-EURUSD-2024-04-17T082000-0102,EURUSD,5,2024-04-17 08:20:00,2024-04-17 09:40:00,248.9,2.49,0.03,1.06208,1.06286,1.06068,1.06212,BREAKEVEN,0.1,-0.09,-0.2,248.7,True
TR-EURUSD-2024-04-18T041000-0103,EURUSD,5,2024-04-18 04:10:00,2024-04-18 08:50:00,248.7,2.49,0.04,1.0671,1.06638,1.06829,1.06829,WIN,0.14,4.76,4.62,253.32,True
TR-EURUSD-2024-04-18T150000-0104,EURUSD,5,2024-04-18 15:00:00,2024-04-18 15:30:00,253.32,2.53,0.03,1.0675,1.06665,1.06896,1.0666,LOSS,0.1,-2.7,-2.81,250.52,False
TR-EURUSD-2024-04-19T032000-0105,EURUSD,2,2024-04-19 03:20:00,2024-04-19 04:40:00,250.52,2.51,0.03,1.06387,1.06472,1.06232,1.06232,WIN,0.1,4.65,4.55,255.06,True
TR-EURUSD-2024-04-19T090000-0106,EURUSD,5,2024-04-19 09:00:00,2024-04-19 09:40:00,255.06,2.55,0.04,1.063,1.06365,1.06185,1.0637,LOSS,0.14,-2.8,-2.94,252.12,True
TR-EURUSD-2024-04-22T032000-0107,EURUSD,5,2024-04-22 03:20:00,2024-04-22 04:00:00,252.12,2.52,0.04,1.06613,1.06541,1.06739,1.06536,LOSS,0.14,-3.08,-3.22,248.9,True
TR-EURUSD-2024-04-22T100000-0108,EURUSD,2,2024-04-22 10:00:00,2024-04-22 10:20:00,248.9,2.49,0.07,1.06633,1.06588,1.06702,1.06583,LOSS,0.25,-3.5,-3.75,245.16,True
TR-EURUSD-2024-04-22T150000-0109,EURUSD,5,2024-04-22 15:00:00,2024-04-22 16:50:00,245.16,2.45,0.03,1.06366,1.06444,1.06225,1.06369,BREAKEVEN,0.1,-0.09,-0.2,244.96,True
TR-EURUSD-2024-04-23T103000-0110,EURUSD,2,2024-04-23 10:30:00,2024-04-23 12:50:00,244.96,2.45,0.02,1.06569,1.06403,1.06877,1.06566,BREAKEVEN,0.07,-0.06,-0.13,244.83,True
TR-EURUSD-2024-04-24T033000-0111,EURUSD,2,2024-04-24 03:30:00,2024-04-24 09:20:00,244.83,2.45,0.04,1.07058,1.06982,1.07188,1.06977,LOSS,0.14,-3.22,-3.36,241.47,True
TR-EURUSD-2024-04-25T032000-0112,EURUSD,2,2024-04-25 03:20:00,2024-04-25 09:20:00,241.47,2.41,0.03,1.07032,1.06942,1.07191,1.07191,WIN,0.1,4.77,4.66,246.14,True
TR-EURUSD-2024-04-25T153000-0113,EURUSD,1,2024-04-25 15:30:00,2024-04-25 15:40:00,246.14,2.46,0.06,1.07196,1.07145,1.07268,1.0714,LOSS,0.21,-3.36,-3.57,242.57,True
TR-EURUSD-2024-04-26T092000-0114,EURUSD,5,2024-04-26 09:20:00,2024-04-26 10:20:00,242.57,2.43,0.04,1.07295,1.07221,1.0742,1.07292,BREAKEVEN,0.14,-0.12,-0.26,242.31,True
TR-EURUSD-2024-04-29T102000-0115,EURUSD,5,2024-04-29 10:20:00,2024-04-29 11:50:00,242.31,2.42,0.02,1.07181,1.07046,1.07433,1.07041,LOSS,0.07,-2.8,-2.87,239.44,True
TR-EURUSD-2024-04-29T151000-0116,EURUSD,2,2024-04-29 15:10:00,2024-04-29 16:00:00,239.44,2.39,0.03,1.07172,1.07087,1.07325,1.07082,LOSS,0.1,-2.72,-2.82,236.62,True
TR-EURUSD-2024-05-01T032000-0117,EURUSD,6,2024-05-01 03:20:00,2024-05-01 09:00:00,236.62,2.37,0.04,1.06647,1.06706,1.06544,1.06544,WIN,0.14,4.12,3.98,240.6,True
TR-EURUSD-2024-05-02T154000-0118,EURUSD,5,2024-05-02 15:40:00,2024-05-02 16:40:00,240.6,2.41,0.02,1.07053,1.06933,1.07275,1.06928,LOSS,0.07,-2.5,-2.57,238.03,True
TR-EURUSD-2024-05-03T035000-0119,EURUSD,2,2024-05-03 03:50:00,2024-05-03 10:00:00,238.03,2.38,0.03,1.0729,1.07213,1.07423,1.07287,BREAKEVEN,0.1,-0.09,-0.2,237.83,True
TR-EURUSD-2024-05-03T105000-0120,EURUSD,2,2024-05-03 10:50:00,2024-05-03 15:20:00,237.83,2.38,0.02,1.07332,1.07226,1.07522,1.07522,WIN,0.07,3.8,3.73,241.56,True
TR-EURUSD-2024-05-06T035000-0121,EURUSD,2,2024-05-06 03:50:00,2024-05-06 15:30:00,241.56,2.42,0.03,1.07651,1.07564,1.07806,1.07806,WIN,0.1,4.65,4.55,246.11,True
TR-EURUSD-2024-05-07T153000-0122,EURUSD,5,2024-05-07 15:30:00,2024-05-07 19:00:00,246.11,2.46,0.03,1.07706,1.0762,1.07856,1.07703,BREAKEVEN,0.1,-0.09,-0.2,245.91,True
TR-EURUSD-2024-05-08T042000-0123,EURUSD,5,2024-05-08 04:20:00,2024-05-08 09:20:00,245.91,2.46,0.04,1.07466,1.07531,1.07351,1.07469,BREAKEVEN,0.14,-0.12,-0.26,245.65,True
TR-EURUSD-2024-05-08T103000-0124,EURUSD,2,2024-05-08 10:30:00,2024-05-08 12:20:00,245.65,2.46,0.04,1.07417,1.07487,1.07292,1.07492,LOSS,0.14,-3.0,-3.14,242.51,True
TR-EURUSD-2024-05-09T104000-0125,EURUSD,5,2024-05-09 10:40:00,2024-05-09 13:10:00,242.51,2.43,0.04,1.07364,1.07435,1.07237,1.07367,BREAKEVEN,0.14,-0.12,-0.26,242.25,True
TR-EURUSD-2024-05-10T100000-0126,EURUSD,2,2024-05-10 10:00:00,2024-05-10 11:20:00,242.25,2.42,0.06,1.07783,1.07737,1.07854,1.07854,WIN,0.21,4.26,4.05,246.3,True
TR-EURUSD-2024-05-13T150000-0127,EURUSD,2,2024-05-13 15:00:00,2024-05-13 16:20:00,246.3,2.46,0.07,1.07938,1.07895,1.08004,1.08004,WIN,0.25,4.62,4.37,250.68,False
TR-EURUSD-2024-05-14T154000-0128,EURUSD,2,2024-05-14 15:40:00,2024-05-15 20:20:00,250.68,2.51,0.01,1.08019,1.07634,1.08771,1.08771,WIN,0.04,7.52,7.49,258.16,True
TR-EURUSD-2024-05-17T105000-0129,EURUSD,2,2024-05-17 10:50:00,2024-05-17 11:40:00,258.16,2.58,0.03,1.08622,1.08712,1.08456,1.08456,WIN,0.1,4.98,4.87,263.04,False
TR-EURUSD-2024-05-17T154000-0130,EURUSD,2,2024-05-17 15:40:00,2024-05-17 16:10:00,263.04,2.63,0.04,1.08409,1.08478,1.08286,1.08483,LOSS,0.14,-2.96,-3.1,259.94,True
TR-EURUSD-2024-05-20T033000-0131,EURUSD,5,2024-05-20 03:30:00,2024-05-20 10:20:00,259.94,2.6,0.04,1.08737,1.08663,1.0886,1.08734,BREAKEVEN,0.14,-0.12,-0.26,259.68,True
TR-EURUSD-2024-05-21T095000-0132,EURUSD,5,2024-05-21 09:50:00,2024-05-21 12:00:00,259.68,2.6,0.04,1.08598,1.08665,1.08479,1.0867,LOSS,0.14,-2.88,-3.02,256.66,True
TR-EURUSD-2024-05-22T101000-0133,EURUSD,6,2024-05-22 10:10:00,2024-05-22 13:30:00,256.66,2.57,0.03,1.08578,1.08668,1.08412,1.08412,WIN,0.1,4.98,4.87,261.53,True
TR-EURUSD-2024-05-23T102000-0134,EURUSD,2,2024-05-23 10:20:00,2024-05-23 10:30:00,261.53,2.62,0.03,1.08217,1.08326,1.08014,1.08331,LOSS,0.1,-3.42,-3.53,258.01,True
TR-EURUSD-2024-05-23T150000-0135,EURUSD,5,2024-05-23 15:00:00,2024-05-23 16:50:00,258.01,2.58,0.03,1.0849,1.08407,1.08634,1.08486,BREAKEVEN,0.1,-0.09,-0.2,257.81,True
TR-EURUSD-2024-05-24T154000-0136,EURUSD,5,2024-05-24 15:40:00,2024-05-27 15:10:00,257.81,2.58,0.02,1.08464,1.0834,1.08693,1.0846,BREAKEVEN,0.07,-0.06,-0.13,257.68,True
TR-EURUSD-2024-05-28T031000-0137,EURUSD,2,2024-05-28 03:10:00,2024-05-28 04:20:00,257.68,2.58,0.07,1.08619,1.08573,1.08689,1.08689,WIN,0.25,4.9,4.65,262.34,True
TR-EURUSD-2024-05-30T031000-0138,EURUSD,5,2024-05-30 03:10:00,2024-05-30 08:50:00,262.34,2.62,0.05,1.07987,1.08046,1.07885,1.07885,WIN,0.18,5.1,4.93,267.26,True
TR-EURUSD-2024-05-31T103000-0139,EURUSD,5,2024-05-31 10:30:00,2024-05-31 11:20:00,267.26,2.67,0.03,1.082,1.08285,1.08046,1.0829,LOSS,0.1,-2.69,-2.79,264.47,True
TR-EURUSD-2024-05-31T153000-0140,EURUSD,2,2024-05-31 15:30:00,2024-05-31 15:40:00,264.47,2.64,0.07,1.08535,1.08485,1.08604,1.08604,WIN,0.25,4.83,4.59,269.06,True
TR-EURUSD-2024-05-31T155000-0141,EURUSD,2,2024-05-31 15:50:00,2024-05-31 18:20:00,269.06,2.69,0.01,1.08721,1.08461,1.0922,1.08456,LOSS,0.04,-2.65,-2.69,266.37,True
TR-EURUSD-2024-06-03T033000-0142,EURUSD,2,2024-06-03 03:30:00,2024-06-03 09:30:00,266.37,2.66,0.05,1.08546,1.08481,1.08655,1.08476,LOSS,0.18,-3.5,-3.68,262.7,True
TR-EURUSD-2024-06-03T095000-0143,EURUSD,2,2024-06-03 09:50:00,2024-06-03 10:20:00,262.7,2.63,0.04,1.08515,1.08443,1.08636,1.08512,BREAKEVEN,0.14,-0.12,-0.26,262.44,True
TR-EURUSD-2024-06-04T031000-0144,EURUSD,6,2024-06-04 03:10:00,2024-06-04 09:00:00,262.44,2.62,0.03,1.09115,1.09029,1.09268,1.09024,LOSS,0.1,-2.72,-2.82,259.62,True
TR-EURUSD-2024-06-05T034000-0145,EURUSD,2,2024-06-05 03:40:00,2024-06-05 09:10:00,259.62,2.6,0.04,1.08832,1.08751,1.08973,1.08746,LOSS,0.14,-3.44,-3.58,256.04,True
TR-EURUSD-2024-06-05T101000-0146,EURUSD,2,2024-06-05 10:10:00,2024-06-05 12:00:00,256.04,2.56,0.06,1.08758,1.08802,1.08684,1.08761,BREAKEVEN,0.21,-0.18,-0.39,255.65,True
TR-EURUSD-2024-06-06T100000-0147,EURUSD,5,2024-06-06 10:00:00,2024-06-06 11:10:00,255.65,2.56,0.03,1.08819,1.08736,1.08966,1.08731,LOSS,0.1,-2.63,-2.73,252.92,True
TR-EURUSD-2024-06-06T153000-0148,EURUSD,5,2024-06-06 15:30:00,2024-06-07 15:30:00,252.92,2.53,0.02,1.08785,1.0861,1.09114,1.08782,BREAKEVEN,0.07,-0.06,-0.13,252.79,True
TR-EURUSD-2024-06-10T101000-0149,EURUSD,5,2024-06-10 10:10:00,2024-06-10 10:30:00,252.79,2.53,0.03,1.07527,1.07612,1.07372,1.07617,LOSS,0.1,-2.7,-2.81,249.98,True
TR-EURUSD-2024-06-11T101000-0150,EURUSD,5,2024-06-11 10:10:00,2024-06-11 11:50:00,249.98,2.5,0.03,1.0767,1.0775,1.07525,1.07525,WIN,0.1,4.35,4.24,254.23,True
TR-EURUSD-2024-06-12T102000-0151,EURUSD,2,2024-06-12 10:20:00,2024-06-12 11:00:00,254.23,2.54,0.05,1.07404,1.07464,1.07299,1.07469,LOSS,0.18,-3.25,-3.43,250.8,True
TR-EURUSD-2024-06-12T153000-0152,EURUSD,2,2024-06-12 15:30:00,2024-06-12 15:40:00,250.8,2.51,0.07,1.07667,1.07607,1.07718,1.07718,WIN,0.25,3.57,3.32,254.13,True
TR-EURUSD-2024-06-12T155000-0153,EURUSD,2,2024-06-12 15:50:00,2024-06-13 18:10:00,254.13,2.54,0.01,1.0818,1.07623,1.09273,1.07618,LOSS,0.04,-5.62,-5.65,248.47,True
TR-EURUSD-2024-06-14T102000-0154,EURUSD,5,2024-06-14 10:20:00,2024-06-14 11:50:00,248.47,2.48,0.02,1.07175,1.07291,1.06959,1.06959,WIN,0.07,4.32,4.25,252.72,True
TR-EURUSD-2024-06-14T150000-0155,EURUSD,2,2024-06-14 15:00:00,2024-06-14 16:20:00,252.72,2.53,0.03,1.06974,1.07074,1.06791,1.06791,WIN,0.1,5.52,5.41,258.14,True
TR-EURUSD-2024-06-17T031000-0156,EURUSD,5,2024-06-17 03:10:00,2024-06-17 09:10:00,258.14,2.58,0.05,1.07018,1.07076,1.06916,1.06916,WIN,0.18,5.1,4.92,263.06,True
TR-EURUSD-2024-06-19T150000-0157,EURUSD,5,2024-06-19 15:00:00,2024-06-19 15:40:00,263.06,2.63,0.04,1.075,1.07432,1.07615,1.07427,LOSS,0.14,-2.92,-3.06,260.0,True
TR-EURUSD-2024-06-20T150000-0158,EURUSD,2,2024-06-20 15:00:00,2024-06-21 08:00:00,260.0,2.6,0.02,1.07186,1.07348,1.06877,1.07189,BREAKEVEN,0.07,-0.06,-0.13,259.87,True
TR-EURUSD-2024-06-21T100000-0159,EURUSD,5,2024-06-21 10:00:00,2024-06-21 10:30:00,259.87,2.6,0.02,1.07101,1.07215,1.06889,1.06889,WIN,0.07,4.24,4.17,264.04,True
TR-EURUSD-2024-06-21T104000-0160,EURUSD,2,2024-06-21 10:40:00,2024-06-24 10:10:00,264.04,2.64,0.01,1.06858,1.0708,1.0643,1.07085,LOSS,0.04,-2.27,-2.3,261.74,True
TR-EURUSD-2024-06-24T150000-0161,EURUSD,2,2024-06-24 15:00:00,2024-06-24 16:50:00,261.74,2.62,0.05,1.07298,1.07234,1.07404,1.07404,WIN,0.18,5.3,5.13,266.87,True
TR-EURUSD-2024-06-25T035000-0162,EURUSD,2,2024-06-25 03:50:00,2024-06-25 08:10:00,266.87,2.67,0.07,1.0735,1.07305,1.07416,1.07416,WIN,0.25,4.62,4.38,271.24,True
TR-EURUSD-2024-06-25T155000-0163,EURUSD,5,2024-06-25 15:50:00,2024-06-25 18:10:00,271.24,2.71,0.03,1.07061,1.07168,1.06862,1.07064,BREAKEVEN,0.1,-0.09,-0.2,271.05,True
TR-EURUSD-2024-06-26T100000-0164,EURUSD,2,2024-06-26 10:00:00,2024-06-26 15:50:00,271.05,2.71,0.03,1.0696,1.07057,1.06782,1.06782,WIN,0.1,5.34,5.23,276.28,True
TR-EURUSD-2024-06-27T153000-0165,EURUSD,2,2024-06-27 15:30:00,2024-06-27 15:40:00,276.28,2.76,0.07,1.07004,1.06957,1.07073,1.07073,WIN,0.25,4.83,4.59,280.87,True
TR-EURUSD-2024-06-27T155000-0166,EURUSD,5,2024-06-27 15:50:00,2024-06-28 04:20:00,280.87,2.81,0.02,1.07105,1.06934,1.07425,1.06929,LOSS,0.07,-3.51,-3.58,277.29,True
TR-EURUSD-2024-06-28T153000-0167,EURUSD,2,2024-06-28 15:30:00,2024-06-28 16:30:00,277.29,2.77,0.06,1.07029,1.06976,1.07113,1.06971,LOSS,0.21,-3.45,-3.66,273.63,True
TR-EURUSD-2024-07-01T033000-0168,EURUSD,5,2024-07-01 03:30:00,2024-07-01 04:30:00,273.63,2.74,0.03,1.07402,1.07313,1.07555,1.07555,WIN,0.1,4.59,4.49,278.11,True
TR-EURUSD-2024-07-02T100000-0169,EURUSD,2,2024-07-02 10:00:00,2024-07-02 15:10:00,278.11,2.78,0.03,1.07266,1.07376,1.07063,1.0727,BREAKEVEN,0.1,-0.09,-0.2,277.92,True
TR-EURUSD-2024-07-03T100000-0170,EURUSD,5,2024-07-03 10:00:00,2024-07-03 11:20:00,277.92,2.78,0.03,1.07433,1.07333,1.07612,1.07612,WIN,0.1,5.37,5.26,283.18,True
TR-EURUSD-2024-07-03T152000-0171,EURUSD,2,2024-07-03 15:20:00,2024-07-03 16:10:00,283.18,2.83,0.04,1.0762,1.07533,1.07774,1.07774,WIN,0.14,6.2,6.06,289.24,True
TR-EURUSD-2024-07-04T100000-0172,EURUSD,5,2024-07-04 10:00:00,2024-07-04 17:40:00,289.24,2.89,0.04,1.07912,1.07834,1.08046,1.08046,WIN,0.14,5.36,5.22,294.46,True
TR-EURUSD-2024-07-05T031000-0173,EURUSD,6,2024-07-05 03:10:00,2024-07-05 04:20:00,294.46,2.94,0.08,1.08112,1.08067,1.08176,1.08176,WIN,0.28,5.2,4.92,299.38,True
TR-EURUSD-2024-07-05T102000-0174,EURUSD,2,2024-07-05 10:20:00,2024-07-05 14:10:00,299.38,2.99,0.05,1.08221,1.08151,1.08337,1.08218,BREAKEVEN,0.18,-0.15,-0.33,299.06,True
TR-EURUSD-2024-07-05T151000-0175,EURUSD,2,2024-07-05 15:10:00,2024-07-05 15:30:00,299.06,2.99,0.05,1.08226,1.08155,1.08347,1.08223,BREAKEVEN,0.18,-0.15,-0.33,298.73,True
TR-EURUSD-2024-07-05T155000-0176,EURUSD,2,2024-07-05 15:50:00,2024-07-05 16:00:00,298.73,2.99,0.08,1.08244,1.08198,1.0831,1.0831,WIN,0.28,5.36,5.08,303.81,True
TR-EURUSD-2024-07-08T103000-0177,EURUSD,5,2024-07-08 10:30:00,2024-07-08 13:40:00,303.81,3.04,0.03,1.08289,1.08173,1.08496,1.08285,BREAKEVEN,0.1,-0.09,-0.2,303.62,True
TR-EURUSD-2024-07-08T151000-0178,EURUSD,5,2024-07-08 15:10:00,2024-07-08 17:50:00,303.62,3.04,0.04,1.08337,1.08262,1.08465,1.08334,BREAKEVEN,0.14,-0.12,-0.26,303.36,True
TR-EURUSD-2024-07-09T105000-0179,EURUSD,5,2024-07-09 10:50:00,2024-07-09 16:20:00,303.36,3.03,0.04,1.08216,1.08306,1.0805,1.08219,BREAKEVEN,0.14,-0.12,-0.26,303.1,True
TR-EURUSD-2024-07-11T031000-0180,EURUSD,2,2024-07-11 03:10:00,2024-07-11 09:50:00,303.1,3.03,0.08,1.08337,1.0829,1.08406,1.08334,BREAKEVEN,0.28,-0.24,-0.52,302.58,True
TR-EURUSD-2024-07-11T104000-0181,EURUSD,2,2024-07-11 10:40:00,2024-07-11 15:00:00,302.58,3.03,0.04,1.08378,1.0829,1.08534,1.08534,WIN,0.14,6.28,6.14,308.72,True
TR-EURUSD-2024-07-11T153000-0182,EURUSD,2,2024-07-11 15:30:00,2024-07-11 15:40:00,308.72,3.09,0.07,1.08505,1.08452,1.0858,1.0858,WIN,0.25,5.25,5.01,313.72,True
TR-EURUSD-2024-07-12T030000-0183,EURUSD,2,2024-07-12 03:00:00,2024-07-12 11:30:00,313.72,3.14,0.05,1.08692,1.08621,1.08813,1.08813,WIN,0.18,6.05,5.88,319.6,True
TR-EURUSD-2024-07-12T152000-0184,EURUSD,2,2024-07-12 15:20:00,2024-07-12 15:30:00,319.6,3.2,0.05,1.089,1.08833,1.09013,1.08828,LOSS,0.18,-3.6,-3.78,315.82,True
TR-EURUSD-2024-07-15T105000-0185,EURUSD,2,2024-07-15 10:50:00,2024-07-15 11:50:00,315.82,3.16,0.04,1.08918,1.08828,1.09076,1.09076,WIN,0.14,6.32,6.18,322.0,True
TR-EURUSD-2024-07-16T150000-0186,EURUSD,5,2024-07-16 15:00:00,2024-07-16 15:30:00,322.0,3.22,0.05,1.08996,1.08921,1.09127,1.08916,LOSS,0.18,-4.03,-4.2,317.8,True
TR-EURUSD-2024-07-17T085000-0187,EURUSD,5,2024-07-17 08:50:00,2024-07-17 10:00:00,317.8,3.18,0.06,1.0905,1.08994,1.09143,1.08989,LOSS,0.21,-3.69,-3.9,313.9,True
TR-EURUSD-2024-07-17T103000-0188,EURUSD,5,2024-07-17 10:30:00,2024-07-17 11:40:00,313.9,3.14,0.03,1.09044,1.08939,1.09232,1.09232,WIN,0.1,5.64,5.54,319.44,True
TR-EURUSD-2024-07-18T152000-0189,EURUSD,5,2024-07-18 15:20:00,2024-07-18 16:10:00,319.44,3.19,0.05,1.0931,1.09238,1.09433,1.09233,LOSS,0.18,-3.85,-4.03,315.41,True
TR-EURUSD-2024-07-19T030000-0190,EURUSD,1,2024-07-19 03:00:00,2024-07-19 03:20:00,315.41,3.15,0.09,1.09011,1.09052,1.08943,1.08943,WIN,0.32,6.12,5.8,321.22,False
TR-EURUSD-2024-07-19T080000-0191,EURUSD,5,2024-07-19 08:00:00,2024-07-19 14:20:00,321.22,3.21,0.06,1.0887,1.08926,1.08774,1.08874,BREAKEVEN,0.21,-0.18,-0.39,320.83,True
TR-EURUSD-2024-07-22T100000-0192,EURUSD,6,2024-07-22 10:00:00,2024-07-22 11:30:00,320.83,3.21,0.05,1.08829,1.08899,1.08705,1.08904,LOSS,0.18,-3.73,-3.9,316.93,True
TR-EURUSD-2024-07-22T150000-0193,EURUSD,6,2024-07-22 15:00:00,2024-07-22 15:50:00,316.93,3.17,0.08,1.08859,1.08902,1.08788,1.08788,WIN,0.28,5.68,5.4,322.33,True
TR-EURUSD-2024-07-23T102000-0194,EURUSD,2,2024-07-23 10:20:00,2024-07-23 13:10:00,322.33,3.22,0.04,1.08829,1.08921,1.0866,1.0866,WIN,0.14,6.76,6.62,328.95,True
TR-EURUSD-2024-07-23T150000-0195,EURUSD,2,2024-07-23 15:00:00,2024-07-24 10:30:00,328.95,3.29,0.03,1.08584,1.087,1.08367,1.08367,WIN,0.1,6.51,6.4,335.35,True
TR-EURUSD-2024-07-25T093000-0196,EURUSD,5,2024-07-25 09:30:00,2024-07-25 11:00:00,335.35,3.35,0.04,1.08387,1.08486,1.08204,1.08491,LOSS,0.14,-4.16,-4.3,331.05,True
TR-EURUSD-2024-07-25T153000-0197,EURUSD,5,2024-07-25 15:30:00,2024-07-25 18:10:00,331.05,3.31,0.03,1.08441,1.08578,1.08183,1.08583,LOSS,0.1,-4.25,-4.35,326.7,True
TR-EURUSD-2024-07-26T030000-0198,EURUSD,2,2024-07-26 03:00:00,2024-07-26 04:50:00,326.7,3.27,0.09,1.08512,1.08467,1.08581,1.08581,WIN,0.32,6.21,5.9,332.6,True
TR-EURUSD-2024-07-26T103000-0199,EURUSD,2,2024-07-26 10:30:00,2024-07-26 11:40:00,332.6,3.33,0.06,1.08525,1.08467,1.08623,1.08462,LOSS,0.21,-3.78,-3.99,328.61,True
TR-EURUSD-2024-07-26T150000-0200,EURUSD,2,2024-07-26 15:00:00,2024-07-26 15:30:00,328.61,3.29,0.09,1.086,1.08556,1.08669,1.08551,LOSS,0.32,-4.37,-4.68,323.93,True
TR-EURUSD-2024-07-26T154000-0201,EURUSD,2,2024-07-26 15:40:00,2024-07-26 17:30:00,323.93,3.24,0.08,1.08597,1.08551,1.08668,1.08594,BREAKEVEN,0.28,-0.24,-0.52,323.41,True
TR-EURUSD-2024-07-29T033000-0202,EURUSD,2,2024-07-29 03:30:00,2024-07-29 09:40:00,323.41,3.23,0.05,1.08565,1.08487,1.08697,1.08562,BREAKEVEN,0.18,-0.15,-0.33,323.08,True
TR-EURUSD-2024-07-30T030000-0203,EURUSD,5,2024-07-30 03:00:00,2024-07-30 07:30:00,323.08,3.23,0.06,1.08189,1.08252,1.08078,1.08257,LOSS,0.21,-4.08,-4.29,318.79,True
TR-EURUSD-2024-07-30T090000-0204,EURUSD,5,2024-07-30 09:00:00,2024-07-30 11:20:00,318.79,3.19,0.05,1.08202,1.08265,1.08091,1.0827,LOSS,0.18,-3.4,-3.58,315.22,False
TR-EURUSD-2024-07-30T150000-0205,EURUSD,2,2024-07-30 15:00:00,2024-07-30 15:40:00,315.22,3.15,0.05,1.08258,1.08328,1.08133,1.08133,WIN,0.18,6.25,6.07,321.29,True
TR-EURUSD-2024-07-30T155000-0206,EURUSD,5,2024-07-30 15:50:00,2024-07-30 19:10:00,321.29,3.21,0.03,1.0812,1.08238,1.079,1.08124,BREAKEVEN,0.1,-0.09,-0.2,321.1,False
TR-EURUSD-2024-07-31T031000-0207,EURUSD,5,2024-07-31 03:10:00,2024-07-31 04:10:00,321.1,3.21,0.05,1.08144,1.0821,1.08028,1.08215,LOSS,0.18,-3.53,-3.7,317.4,True
TR-EURUSD-2024-07-31T102000-0208,EURUSD,2,2024-07-31 10:20:00,2024-07-31 13:10:00,317.4,3.17,0.04,1.08196,1.08287,1.08029,1.08292,LOSS,0.14,-3.84,-3.98,313.42,True
TR-EURUSD-2024-07-31T152000-0209,EURUSD,5,2024-07-31 15:20:00,2024-07-31 15:30:00,313.42,3.13,0.04,1.08317,1.08228,1.08476,1.08476,WIN,0.14,6.36,6.22,319.64,True
TR-EURUSD-2024-08-01T104000-0210,EURUSD,2,2024-08-01 10:40:00,2024-08-01 11:20:00,319.64,3.2,0.03,1.08068,1.08173,1.07874,1.07874,WIN,0.1,5.82,5.72,325.35,True
TR-EURUSD-2024-08-02T030000-0211,EURUSD,5,2024-08-02 03:00:00,2024-08-02 07:20:00,325.35,3.25,0.05,1.07875,1.07952,1.07736,1.07957,LOSS,0.18,-4.1,-4.28,321.08,True
TR-EURUSD-2024-08-02T100000-0212,EURUSD,5,2024-08-02 10:00:00,2024-08-02 11:10:00,321.08,3.21,0.03,1.07958,1.08087,1.07715,1.08092,LOSS,0.1,-4.02,-4.13,316.95,True
TR-EURUSD-2024-08-02T153000-0213,EURUSD,2,2024-08-02 15:30:00,2024-08-02 15:40:00,316.95,3.17,0.08,1.08328,1.08281,1.084,1.084,WIN,0.28,5.68,5.4,322.35,True
TR-EURUSD-2024-08-02T155000-0214,EURUSD,2,2024-08-02 15:50:00,2024-08-05 15:40:00,322.35,3.22,0.01,1.08773,1.08276,1.09747,1.09747,WIN,0.04,9.74,9.7,332.06,True
TR-EURUSD-2024-08-06T035000-0215,EURUSD,2,2024-08-06 03:50:00,2024-08-06 09:10:00,332.06,3.32,0.03,1.09558,1.09441,1.0977,1.09436,LOSS,0.1,-3.68,-3.78,328.28,True
TR-EURUSD-2024-08-07T023000-0216,EURUSD,5,2024-08-07 02:30:00,2024-08-07 04:50:00,328.28,3.28,0.05,1.09264,1.09334,1.09139,1.09139,WIN,0.18,6.25,6.07,334.35,True
TR-EURUSD-2024-08-07T152000-0217,EURUSD,2,2024-08-07 15:20:00,2024-08-07 17:40:00,334.35,3.34,0.04,1.09202,1.09287,1.09048,1.09292,LOSS,0.14,-3.58,-3.72,330.63,True
TR-EURUSD-2024-08-09T030000-0218,EURUSD,5,2024-08-09 03:00:00,2024-08-09 05:30:00,330.63,3.31,0.07,1.09145,1.09199,1.09052,1.09204,LOSS,0.25,-4.13,-4.38,326.26,True
TR-EURUSD-2024-08-09T154000-0219,EURUSD,2,2024-08-09 15:40:00,2024-08-09 16:30:00,326.26,3.26,0.04,1.09125,1.09215,1.0896,1.0922,LOSS,0.14,-3.8,-3.94,322.32,True
TR-EURUSD-2024-08-12T102000-0220,EURUSD,2,2024-08-12 10:20:00,2024-08-12 18:10:00,322.32,3.22,0.04,1.09244,1.09162,1.09382,1.09382,WIN,0.14,5.56,5.42,327.74,True
TR-EURUSD-2024-08-13T080000-0221,EURUSD,2,2024-08-13 08:00:00,2024-08-13 10:10:00,327.74,3.28,0.06,1.09383,1.09323,1.09479,1.09318,LOSS,0.21,-3.9,-4.11,323.63,True
TR-EURUSD-2024-08-13T150000-0222,EURUSD,2,2024-08-13 15:00:00,2024-08-13 15:30:00,323.63,3.24,0.08,1.09304,1.09259,1.09375,1.09301,BREAKEVEN,0.28,-0.24,-0.52,323.11,True
TR-EURUSD-2024-08-13T154000-0223,EURUSD,2,2024-08-13 15:40:00,2024-08-13 17:50:00,323.11,3.23,0.03,1.09362,1.09231,1.09604,1.09604,WIN,0.1,7.26,7.15,330.26,True
TR-EURUSD-2024-08-14T102000-0224,EURUSD,2,2024-08-14 10:20:00,2024-08-14 12:00:00,330.26,3.3,0.04,1.10025,1.09939,1.10175,1.10175,WIN,0.14,6.0,5.86,336.12,True
TR-EURUSD-2024-08-19T150000-0225,EURUSD,5,2024-08-19 15:00:00,2024-08-19 17:30:00,336.12,3.36,0.04,1.10388,1.10297,1.10549,1.10549,WIN,0.14,6.44,6.3,342.42,True
TR-EURUSD-2024-08-20T100000-0226,EURUSD,2,2024-08-20 10:00:00,2024-08-20 10:30:00,342.42,3.42,0.09,1.1079,1.10744,1.10861,1.10739,LOSS,0.32,-4.59,-4.91,337.52,True
TR-EURUSD-2024-08-20T152000-0227,EURUSD,2,2024-08-20 15:20:00,2024-08-20 17:30:00,337.52,3.38,0.03,1.10855,1.1075,1.11044,1.11044,WIN,0.1,5.67,5.56,343.08,True
TR-EURUSD-2024-08-21T033000-0228,EURUSD,2,2024-08-21 03:30:00,2024-08-21 04:40:00,343.08,3.43,0.05,1.113,1.11229,1.11421,1.11224,LOSS,0.18,-3.8,-3.98,339.11,True
TR-EURUSD-2024-08-21T100000-0229,EURUSD,2,2024-08-21 10:00:00,2024-08-21 10:10:00,339.11,3.39,0.07,1.11159,1.11103,1.11251,1.11251,WIN,0.25,6.44,6.19,345.3,True
TR-EURUSD-2024-08-21T102000-0230,EURUSD,2,2024-08-21 10:20:00,2024-08-21 17:00:00,345.3,3.45,0.03,1.11231,1.11103,1.11465,1.11098,LOSS,0.1,-3.98,-4.08,341.22,True
TR-EURUSD-2024-08-22T155000-0231,EURUSD,2,2024-08-22 15:50:00,2024-08-22 16:00:00,341.22,3.41,0.06,1.11282,1.11218,1.1139,1.1139,WIN,0.21,6.54,6.33,347.55,True
TR-EURUSD-2024-08-23T031000-0232,EURUSD,2,2024-08-23 03:10:00,2024-08-23 04:10:00,347.55,3.48,0.06,1.11145,1.11207,1.11037,1.11212,LOSS,0.21,-3.99,-4.2,343.35,True
TR-EURUSD-2024-08-23T091000-0233,EURUSD,5,2024-08-23 09:10:00,2024-08-23 12:20:00,343.35,3.43,0.05,1.11242,1.11313,1.11116,1.11246,BREAKEVEN,0.18,-0.15,-0.33,343.03,True
TR-EURUSD-2024-08-27T035000-0234,EURUSD,2,2024-08-27 03:50:00,2024-08-27 04:40:00,343.03,3.43,0.06,1.11618,1.11681,1.11507,1.11686,LOSS,0.21,-4.08,-4.29,338.74,True
TR-EURUSD-2024-08-27T092000-0235,EURUSD,5,2024-08-27 09:20:00,2024-08-27 10:00:00,338.74,3.39,0.05,1.1169,1.11619,1.11808,1.11614,LOSS,0.18,-3.8,-3.98,334.76,True
TR-EURUSD-2024-08-27T102000-0236,EURUSD,2,2024-08-27 10:20:00,2024-08-27 15:20:00,334.76,3.35,0.04,1.11684,1.11581,1.11866,1.11576,LOSS,0.14,-4.32,-4.46,330.3,True
TR-EURUSD-2024-08-28T150000-0237,EURUSD,2,2024-08-28 15:00:00,2024-08-28 15:40:00,330.3,3.3,0.04,1.11247,1.11342,1.11072,1.11072,WIN,0.14,7.0,6.86,337.16,True
TR-EURUSD-2024-08-29T101000-0238,EURUSD,5,2024-08-29 10:10:00,2024-08-29 11:10:00,337.16,3.37,0.04,1.11242,1.11338,1.11065,1.11065,WIN,0.14,7.08,6.94,344.1,True
TR-EURUSD-2024-08-29T151000-0239,EURUSD,2,2024-08-29 15:10:00,2024-08-29 15:30:00,344.1,3.44,0.04,1.10932,1.11032,1.10748,1.10936,BREAKEVEN,0.14,-0.12,-0.26,343.84,True
TR-EURUSD-2024-08-30T154000-0240,EURUSD,2,2024-08-30 15:40:00,2024-08-30 16:10:00,343.84,3.44,0.03,1.10796,1.10913,1.10578,1.10578,WIN,0.1,6.54,6.44,350.28,True
TR-EURUSD-2024-09-04T092000-0241,EURUSD,5,2024-09-04 09:20:00,2024-09-04 10:40:00,350.28,3.5,0.04,1.10529,1.10614,1.10373,1.10619,LOSS,0.14,-3.62,-3.76,346.52,True
TR-EURUSD-2024-09-05T102000-0242,EURUSD,2,2024-09-05 10:20:00,2024-09-05 11:10:00,346.52,3.47,0.07,1.10829,1.10772,1.10922,1.10922,WIN,0.25,6.51,6.27,352.78,False
TR-EURUSD-2024-09-05T152000-0243,EURUSD,5,2024-09-05 15:20:00,2024-09-05 17:00:00,352.78,3.53,0.03,1.11064,1.10917,1.11333,1.10912,LOSS,0.1,-4.55,-4.65,348.13,True
TR-EURUSD-2024-09-06T153000-0244,EURUSD,2,2024-09-06 15:30:00,2024-09-06 15:40:00,348.13,3.48,0.08,1.11028,1.10973,1.11103,1.11103,WIN,0.28,6.08,5.8,353.93,True
TR-EURUSD-2024-09-06T155000-0245,EURUSD,2,2024-09-06 15:50:00,2024-09-06 16:50:00,353.93,3.54,0.01,1.11337,1.10761,1.12465,1.10756,LOSS,0.04,-5.81,-5.85,348.09,True
TR-EURUSD-2024-09-09T030000-0246,EURUSD,5,2024-09-09 03:00:00,2024-09-09 08:00:00,348.09,3.48,0.06,1.1087,1.10936,1.10753,1.10753,WIN,0.21,7.02,6.81,354.9,True
TR-EURUSD-2024-09-10T091000-0247,EURUSD,5,2024-09-10 09:10:00,2024-09-10 10:00:00,354.9,3.55,0.04,1.10376,1.10461,1.10222,1.10466,LOSS,0.14,-3.58,-3.72,351.18,True
TR-EURUSD-2024-09-10T153000-0248,EURUSD,6,2024-09-10 15:30:00,2024-09-11 04:40:00,351.18,3.51,0.03,1.10296,1.10403,1.10099,1.103,BREAKEVEN,0.1,-0.09,-0.2,350.98,True
TR-EURUSD-2024-09-11T103000-0249,EURUSD,5,2024-09-11 10:30:00,2024-09-11 11:00:00,350.98,3.51,0.05,1.10466,1.10382,1.10613,1.10377,LOSS,0.18,-4.45,-4.63,346.36,True
TR-EURUSD-2024-09-12T031000-0250,EURUSD,2,2024-09-12 03:10:00,2024-09-12 07:10:00,346.36,3.46,0.07,1.10093,1.10151,1.09992,1.10156,LOSS,0.25,-4.41,-4.66,341.7,True
TR-EURUSD-2024-09-12T100000-0251,EURUSD,2,2024-09-12 10:00:00,2024-09-12 14:40:00,341.7,3.42,0.03,1.1013,1.10234,1.09938,1.10239,LOSS,0.1,-3.26,-3.36,338.34,True
TR-EURUSD-2024-09-12T151000-0252,EURUSD,2,2024-09-12 15:10:00,2024-09-12 15:40:00,338.34,3.38,0.03,1.10146,1.1027,1.09914,1.10275,LOSS,0.1,-3.86,-3.96,334.38,True
TR-EURUSD-2024-09-13T030000-0253,EURUSD,2,2024-09-13 03:00:00,2024-09-13 04:10:00,334.38,3.34,0.06,1.1077,1.10706,1.10876,1.10876,WIN,0.21,6.36,6.15,340.53,True
TR-EURUSD-2024-09-13T103000-0254,EURUSD,2,2024-09-13 10:30:00,2024-09-13 12:00:00,340.53,3.41,0.05,1.10801,1.1072,1.10939,1.10939,WIN,0.18,6.9,6.73,347.26,True
TR-EURUSD-2024-09-13T155000-0255,EURUSD,2,2024-09-13 15:50:00,2024-09-13 17:20:00,347.26,3.47,0.03,1.10881,1.10774,1.11074,1.10878,BREAKEVEN,0.1,-0.09,-0.2,347.06,True
TR-EURUSD-2024-09-16T153000-0256,EURUSD,2,2024-09-16 15:30:00,2024-09-16 15:40:00,347.06,3.47,0.09,1.11222,1.11175,1.11295,1.1117,LOSS,0.32,-4.68,-5.0,342.07,True
TR-EURUSD-2024-09-17T103000-0257,EURUSD,5,2024-09-17 10:30:00,2024-09-17 11:10:00,342.07,3.42,0.05,1.11231,1.11154,1.11361,1.11361,WIN,0.18,6.5,6.33,348.39,True
TR-EURUSD-2024-09-17T153000-0258,EURUSD,2,2024-09-17 15:30:00,2024-09-17 15:40:00,348.39,3.48,0.09,1.11407,1.11361,1.11472,1.11356,LOSS,0.32,-4.59,-4.91,343.49,True
TR-EURUSD-2024-09-18T040000-0259,EURUSD,5,2024-09-18 04:00:00,2024-09-18 08:30:00,343.49,3.43,0.05,1.1126,1.11187,1.11381,1.11182,LOSS,0.18,-3.88,-4.05,339.44,True
TR-EURUSD-2024-09-18T102000-0260,EURUSD,2,2024-09-18 10:20:00,2024-09-18 12:50:00,339.44,3.39,0.05,1.11232,1.11151,1.11376,1.11376,WIN,0.18,7.2,7.02,346.46,True
TR-EURUSD-2024-09-19T035000-0261,EURUSD,5,2024-09-19 03:50:00,2024-09-19 05:30:00,346.46,3.46,0.02,1.10978,1.11127,1.10696,1.10982,BREAKEVEN,0.07,-0.06,-0.13,346.33,True
TR-EURUSD-2024-09-19T105000-0262,EURUSD,2,2024-09-19 10:50:00,2024-09-19 12:10:00,346.33,3.46,0.04,1.11473,1.11371,1.11658,1.11658,WIN,0.14,7.4,7.26,353.59,True
TR-EURUSD-2024-09-20T030000-0263,EURUSD,1,2024-09-20 03:00:00,2024-09-20 06:30:00,353.59,3.54,0.1,1.11603,1.1156,1.11668,1.11668,WIN,0.35,6.5,6.15,359.74,True
TR-EURUSD-2024-09-20T091000-0264,EURUSD,5,2024-09-20 09:10:00,2024-09-20 10:50:00,359.74,3.6,0.05,1.11683,1.11598,1.11829,1.1168,BREAKEVEN,0.18,-0.15,-0.33,359.42,True
TR-EURUSD-2024-09-20T150000-0265,EURUSD,5,2024-09-20 15:00:00,2024-09-20 15:30:00,359.42,3.59,0.06,1.11601,1.1153,1.11722,1.11722,WIN,0.21,7.26,7.05,366.47,True
TR-EURUSD-2024-09-23T103000-0266,EURUSD,5,2024-09-23 10:30:00,2024-09-24 21:00:00,366.47,3.66,0.01,1.11235,1.11622,1.10476,1.11627,LOSS,0.04,-3.92,-3.96,362.51,True
TR-EURUSD-2024-09-25T150000-0267,EURUSD,2,2024-09-25 15:00:00,2024-09-25 16:10:00,362.51,3.63,0.03,1.11913,1.11803,1.12115,1.12115,WIN,0.1,6.06,5.96,368.47,True
TR-EURUSD-2024-09-26T153000-0268,EURUSD,5,2024-09-26 15:30:00,2024-09-26 17:20:00,368.47,3.68,0.02,1.11504,1.11657,1.11213,1.11507,BREAKEVEN,0.07,-0.06,-0.13,368.34,True
TR-EURUSD-2024-09-27T093000-0269,EURUSD,5,2024-09-27 09:30:00,2024-09-27 09:50:00,368.34,3.68,0.04,1.1167,1.11572,1.11848,1.11567,LOSS,0.14,-4.12,-4.26,364.08,True
TR-EURUSD-2024-09-30T105000-0270,EURUSD,2,2024-09-30 10:50:00,2024-09-30 11:30:00,364.08,3.64,0.03,1.11687,1.11573,1.1189,1.1189,WIN,0.1,6.09,5.99,370.06,True
TR-EURUSD-2024-09-30T150000-0271,EURUSD,2,2024-09-30 15:00:00,2024-09-30 15:10:00,370.06,3.7,0.08,1.12008,1.11954,1.12096,1.11949,LOSS,0.28,-4.76,-5.04,365.02,True
TR-EURUSD-2024-10-01T025000-0272,EURUSD,5,2024-10-01 02:50:00,2024-10-01 04:30:00,365.02,3.65,0.04,1.1137,1.11459,1.11207,1.11373,BREAKEVEN,0.14,-0.12,-0.26,364.76,True
TR-EURUSD-2024-10-01T101000-0273,EURUSD,5,2024-10-01 10:10:00,2024-10-01 13:40:00,364.76,3.65,0.02,1.11227,1.11412,1.10872,1.10872,WIN,0.07,7.1,7.03,371.79,True
TR-EURUSD-2024-10-02T152000-0274,EURUSD,5,2024-10-02 15:20:00,2024-10-02 16:40:00,371.79,3.72,0.03,1.10695,1.10808,1.10484,1.10484,WIN,0.1,6.33,6.22,378.02,True
TR-EURUSD-2024-10-03T033000-0275,EURUSD,2,2024-10-03 03:30:00,2024-10-03 09:50:00,378.02,3.78,0.05,1.10411,1.105,1.10248,1.10414,BREAKEVEN,0.18,-0.15,-0.33,377.69,True
TR-EURUSD-2024-10-03T154000-0276,EURUSD,2,2024-10-03 15:40:00,2024-10-03 20:10:00,377.69,3.78,0.02,1.10344,1.10503,1.10042,1.10348,BREAKEVEN,0.07,-0.06,-0.13,377.56,True
TR-EURUSD-2024-10-04T102000-0277,EURUSD,2,2024-10-04 10:20:00,2024-10-04 13:40:00,377.56,3.78,0.06,1.10306,1.1037,1.10194,1.1031,BREAKEVEN,0.21,-0.18,-0.39,377.17,True
TR-EURUSD-2024-10-04T151000-0278,EURUSD,2,2024-10-04 15:10:00,2024-10-04 15:30:00,377.17,3.77,0.05,1.10296,1.10378,1.10149,1.103,BREAKEVEN,0.18,-0.15,-0.33,376.85,False
TR-EURUSD-2024-10-04T154000-0279,EURUSD,2,2024-10-04 15:40:00,2024-10-09 20:00:00,376.85,3.77,0.01,1.10027,1.10339,1.09418,1.09418,WIN,0.04,6.09,6.06,382.9,False
TR-EURUSD-2024-10-10T153000-0280,EURUSD,5,2024-10-10 15:30:00,2024-10-17 15:30:00,382.9,3.83,0.01,1.09198,1.09576,1.08457,1.08457,WIN,0.04,7.41,7.37,390.28,True
TR-EURUSD-2024-10-17T154000-0281,EURUSD,2,2024-10-17 15:40:00,2024-10-18 14:50:00,390.28,3.9,0.02,1.085,1.08705,1.08105,1.08503,BREAKEVEN,0.07,-0.06,-0.13,390.15,True
TR-EURUSD-2024-10-22T150000-0282,EURUSD,2,2024-10-22 15:00:00,2024-10-22 22:00:00,390.15,3.9,0.03,1.08204,1.0832,1.07986,1.07986,WIN,0.1,6.54,6.43,396.58,True
TR-EURUSD-2024-10-23T100000-0283,EURUSD,5,2024-10-23 10:00:00,2024-10-23 14:40:00,396.58,3.97,0.05,1.07919,1.08007,1.07758,1.07758,WIN,0.18,8.05,7.88,404.46,True
TR-EURUSD-2024-10-24T100000-0284,EURUSD,5,2024-10-24 10:00:00,2024-10-24 10:30:00,404.46,4.04,0.05,1.07839,1.07923,1.07686,1.07842,BREAKEVEN,0.18,-0.15,-0.33,404.13,True
TR-EURUSD-2024-10-24T150000-0285,EURUSD,2,2024-10-24 15:00:00,2024-10-24 15:30:00,404.13,4.04,0.1,1.08023,1.07976,1.08093,1.07971,LOSS,0.35,-5.2,-5.55,398.58,True
TR-EURUSD-2024-10-25T103000-0286,EURUSD,5,2024-10-25 10:30:00,2024-10-25 14:30:00,398.58,3.99,0.04,1.0822,1.0811,1.08421,1.08216,BREAKEVEN,0.14,-0.12,-0.26,398.32,True
TR-EURUSD-2024-10-25T154000-0287,EURUSD,2,2024-10-25 15:40:00,2024-10-25 18:40:00,398.32,3.98,0.04,1.08286,1.08175,1.08484,1.0817,LOSS,0.14,-4.64,-4.78,393.54,True
TR-EURUSD-2024-10-28T030000-0288,EURUSD,5,2024-10-28 03:00:00,2024-10-28 08:20:00,393.54,3.94,0.05,1.0794,1.08027,1.07781,1.07943,BREAKEVEN,0.18,-0.15,-0.33,393.22,False
TR-EURUSD-2024-10-29T021000-0289,EURUSD,2,2024-10-29 02:10:00,2024-10-29 05:30:00,393.22,3.93,0.06,1.08172,1.08103,1.08284,1.08098,LOSS,0.21,-4.41,-4.62,388.6,True
TR-EURUSD-2024-10-29T103000-0290,EURUSD,2,2024-10-29 10:30:00,2024-10-29 12:40:00,388.6,3.89,0.04,1.08173,1.08059,1.0838,1.08054,LOSS,0.14,-4.76,-4.9,383.7,True
TR-EURUSD-2024-10-29T150000-0291,EURUSD,5,2024-10-29 15:00:00,2024-10-29 16:00:00,383.7,3.84,0.03,1.07773,1.0792,1.07495,1.07925,LOSS,0.1,-4.55,-4.65,379.05,True
TR-EURUSD-2024-10-30T033000-0292,EURUSD,2,2024-10-30 03:30:00,2024-10-30 05:10:00,379.05,3.79,0.06,1.08238,1.08171,1.08352,1.08166,LOSS,0.21,-4.29,-4.5,374.55,True
TR-EURUSD-2024-10-30T100000-0293,EURUSD,2,2024-10-30 10:00:00,2024-10-30 10:10:00,374.55,3.75,0.1,1.08178,1.08135,1.08243,1.08243,WIN,0.35,6.5,6.15,380.7,True
TR-EURUSD-2024-10-30T102000-0294,EURUSD,2,2024-10-30 10:20:00,2024-10-30 14:20:00,380.7,3.81,0.02,1.08345,1.08135,1.0874,1.0813,LOSS,0.07,-4.29,-4.36,376.34,True
TR-EURUSD-2024-10-31T085000-0295,EURUSD,5,2024-10-31 08:50:00,2024-10-31 12:10:00,376.34,3.76,0.05,1.08532,1.0845,1.08674,1.08674,WIN,0.18,7.1,6.92,383.26,True
TR-EURUSD-2024-10-31T150000-0296,EURUSD,2,2024-10-31 15:00:00,2024-10-31 16:00:00,383.26,3.83,0.03,1.08759,1.08604,1.09048,1.08599,LOSS,0.1,-4.8,-4.91,378.36,True
TR-EURUSD-2024-11-01T025000-0297,EURUSD,5,2024-11-01 02:50:00,2024-11-01 04:50:00,378.36,3.78,0.07,1.08836,1.0877,1.08944,1.08765,LOSS,0.25,-4.97,-5.22,373.14,True
TR-EURUSD-2024-11-04T032000-0298,EURUSD,2,2024-11-04 03:20:00,2024-11-04 05:10:00,373.14,3.73,0.04,1.08811,1.08709,1.0899,1.0899,WIN,0.14,7.16,7.02,380.16,True
TR-EURUSD-2024-11-04T101000-0299,EURUSD,2,2024-11-04 10:10:00,2024-11-04 13:50:00,380.16,3.8,0.05,1.08951,1.08866,1.09098,1.09098,WIN,0.18,7.4,7.22,387.39,True
TR-EURUSD-2024-11-06T073000-0300,EURUSD,5,2024-11-06 07:30:00,2024-11-06 08:20:00,387.39,3.87,0.02,1.07743,1.07952,1.07342,1.07342,WIN,0.07,8.04,7.97,395.36,True
TR-EURUSD-2024-11-07T025000-0301,EURUSD,5,2024-11-07 02:50:00,2024-11-07 05:00:00,395.36,3.95,0.03,1.07253,1.07371,1.07032,1.07376,LOSS,0.1,-3.69,-3.8,391.56,True
TR-EURUSD-2024-11-08T103000-0302,EURUSD,5,2024-11-08 10:30:00,2024-11-08 12:40:00,391.56,3.92,0.03,1.07714,1.07579,1.07964,1.0771,BREAKEVEN,0.1,-0.09,-0.2,391.37,True
TR-EURUSD-2024-11-08T150000-0303,EURUSD,5,2024-11-08 15:00:00,2024-11-08 15:40:00,391.37,3.91,0.04,1.07692,1.07785,1.07521,1.07521,WIN,0.14,6.84,6.7,398.07,True
TR-EURUSD-2024-11-08T155000-0304,EURUSD,2,2024-11-08 15:50:00,2024-11-08 18:40:00,398.07,3.98,0.03,1.07565,1.07714,1.07282,1.07282,WIN,0.1,8.49,8.39,406.45,True
TR-EURUSD-2024-11-11T072000-0305,EURUSD,5,2024-11-11 07:20:00,2024-11-11 08:50:00,406.45,4.06,0.07,1.07127,1.07189,1.07019,1.07194,LOSS,0.25,-4.66,-4.9,401.55,True
TR-EURUSD-2024-11-11T093000-0306,EURUSD,5,2024-11-11 09:30:00,2024-11-11 11:30:00,401.55,4.02,0.03,1.07101,1.07254,1.0681,1.0681,WIN,0.1,8.73,8.62,410.18,True
TR-EURUSD-2024-11-12T022000-0307,EURUSD,5,2024-11-12 02:20:00,2024-11-12 04:10:00,410.18,4.1,0.06,1.06592,1.06666,1.06457,1.06457,WIN,0.21,8.04,7.83,418.01,True
TR-EURUSD-2024-11-12T080000-0308,EURUSD,5,2024-11-12 08:00:00,2024-11-12 10:30:00,418.01,4.18,0.06,1.06382,1.06458,1.06246,1.06246,WIN,0.21,8.16,7.95,425.96,True
TR-EURUSD-2024-11-13T071000-0309,EURUSD,5,2024-11-13 07:10:00,2024-11-13 09:20:00,425.96,4.26,0.07,1.06165,1.06233,1.06045,1.06045,WIN,0.25,8.4,8.16,434.11,True
TR-EURUSD-2024-11-14T030000-0310,EURUSD,5,2024-11-14 03:00:00,2024-11-14 03:40:00,434.11,4.34,0.07,1.05653,1.05717,1.0554,1.0554,WIN,0.25,7.91,7.67,441.78,True
TR-EURUSD-2024-11-14T102000-0311,EURUSD,2,2024-11-14 10:20:00,2024-11-14 11:30:00,441.78,4.42,0.04,1.055,1.05614,1.05287,1.05287,WIN,0.14,8.52,8.38,450.16,True
TR-EURUSD-2024-11-14T153000-0312,EURUSD,5,2024-11-14 15:30:00,2024-11-14 16:20:00,450.16,4.5,0.03,1.05289,1.05456,1.0497,1.05461,LOSS,0.1,-5.16,-5.27,444.89,True
TR-EURUSD-2024-11-15T151000-0313,EURUSD,2,2024-11-15 15:10:00,2024-11-15 16:00:00,444.89,4.45,0.03,1.05772,1.05611,1.06073,1.05606,LOSS,0.1,-4.98,-5.09,439.81,True
TR-EURUSD-2024-11-18T155000-0314,EURUSD,5,2024-11-18 15:50:00,2024-11-18 19:00:00,439.81,4.4,0.03,1.05596,1.05453,1.05864,1.05864,WIN,0.1,8.04,7.93,447.74,True
TR-EURUSD-2024-11-19T031000-0315,EURUSD,5,2024-11-19 03:10:00,2024-11-19 06:30:00,447.74,4.48,0.07,1.05909,1.0584,1.06023,1.05906,BREAKEVEN,0.25,-0.21,-0.46,447.29,False
TR-EURUSD-2024-11-19T084000-0316,EURUSD,5,2024-11-19 08:40:00,2024-11-19 09:10:00,447.29,4.47,0.06,1.05894,1.05816,1.06024,1.05811,LOSS,0.21,-4.95,-5.16,442.13,True
TR-EURUSD-2024-11-21T083000-0317,EURUSD,5,2024-11-21 08:30:00,2024-11-21 09:30:00,442.13,4.42,0.06,1.05476,1.05561,1.05321,1.05321,WIN,0.21,9.3,9.09,451.22,True
TR-EURUSD-2024-11-21T104000-0318,EURUSD,2,2024-11-21 10:40:00,2024-11-21 14:50:00,451.22,4.51,0.04,1.05309,1.05416,1.05112,1.05313,BREAKEVEN,0.14,-0.12,-0.26,450.96,True
TR-EURUSD-2024-11-22T022000-0319,EURUSD,5,2024-11-22 02:20:00,2024-11-22 03:00:00,450.96,4.51,0.06,1.04687,1.04766,1.04544,1.04771,LOSS,0.21,-5.04,-5.25,445.71,True
TR-EURUSD-2024-11-22T041000-0320,EURUSD,5,2024-11-22 04:10:00,2024-11-22 09:00:00,445.71,4.46,0.06,1.04716,1.04799,1.04566,1.0472,BREAKEVEN,0.21,-0.18,-0.39,445.32,True
TR-EURUSD-2024-11-22T091000-0321,EURUSD,5,2024-11-22 09:10:00,2024-11-22 09:30:00,445.32,4.45,0.05,1.0466,1.04749,1.04498,1.04754,LOSS,0.18,-4.68,-4.85,440.47,True
TR-EURUSD-2024-11-22T105000-0322,EURUSD,5,2024-11-22 10:50:00,2024-11-22 11:10:00,440.47,4.4,0.02,1.04655,1.04876,1.04229,1.04229,WIN,0.07,8.52,8.45,448.92,True
TR-EURUSD-2024-11-25T150000-0323,EURUSD,5,2024-11-25 15:00:00,2024-11-25 15:30:00,448.92,4.49,0.03,1.0487,1.04723,1.05145,1.05145,WIN,0.1,8.22,8.12,457.03,False
TR-EURUSD-2024-11-26T085000-0324,EURUSD,5,2024-11-26 08:50:00,2024-11-26 10:30:00,457.03,4.57,0.06,1.04769,1.04849,1.04624,1.04854,LOSS,0.21,-5.1,-5.31,451.72,True
TR-EURUSD-2024-11-27T102000-0325,EURUSD,5,2024-11-27 10:20:00,2024-11-27 15:30:00,451.72,4.52,0.03,1.05085,1.04926,1.05375,1.05375,WIN,0.1,8.7,8.6,460.32,True
TR-EURUSD-2024-11-27T154000-0326,EURUSD,2,2024-11-27 15:40:00,2024-11-27 17:10:00,460.32,4.6,0.03,1.05443,1.05266,1.05772,1.0544,BREAKEVEN,0.1,-0.09,-0.2,460.12,True
TR-EURUSD-2024-11-29T031000-0327,EURUSD,5,2024-11-29 03:10:00,2024-11-29 03:50:00,460.12,4.6,0.06,1.0566,1.05582,1.05796,1.05577,LOSS,0.21,-5.01,-5.22,454.9,True
TR-EURUSD-2024-11-29T090000-0328,EURUSD,5,2024-11-29 09:00:00,2024-11-29 09:30:00,454.9,4.55,0.06,1.05769,1.05684,1.05918,1.05918,WIN,0.21,8.94,8.73,463.63,True
TR-EURUSD-2024-12-09T044000-0329,EURUSD,2,2024-12-09 04:40:00,2024-12-09 06:00:00,463.63,4.64,0.07,1.05528,1.05596,1.05408,1.05408,WIN,0.25,8.4,8.16,471.79,True
TR-EURUSD-2024-12-10T034000-0330,EURUSD,2,2024-12-10 03:40:00,2024-12-10 04:00:00,471.79,4.72,0.07,1.05464,1.05538,1.05332,1.05543,LOSS,0.25,-5.5,-5.74,466.05,True
TR-EURUSD-2024-12-10T101000-0331,EURUSD,5,2024-12-10 10:10:00,2024-12-10 11:50:00,466.05,4.66,0.03,1.05508,1.05649,1.05242,1.05242,WIN,0.1,7.98,7.88,473.92,True
TR-EURUSD-2024-12-10T155000-0332,EURUSD,5,2024-12-10 15:50:00,2024-12-10 20:30:00,473.92,4.74,0.05,1.05208,1.05315,1.05009,1.05211,BREAKEVEN,0.18,-0.15,-0.33,473.6,False
TR-EURUSD-2024-12-11T092000-0333,EURUSD,5,2024-12-11 09:20:00,2024-12-11 09:40:00,473.6,4.74,0.04,1.052,1.05311,1.04994,1.04994,WIN,0.14,8.24,8.1,481.7,True
TR-EURUSD-2024-12-11T100000-0334,EURUSD,2,2024-12-11 10:00:00,2024-12-11 14:20:00,481.7,4.82,0.02,1.04936,1.0514,1.04544,1.05145,LOSS,0.07,-4.17,-4.24,477.46,True
TR-EURUSD-2024-12-12T103000-0335,EURUSD,5,2024-12-12 10:30:00,2024-12-12 15:20:00,477.46,4.77,0.04,1.05102,1.05219,1.04884,1.04884,WIN,0.14,8.72,8.58,486.04,True
TR-EURUSD-2024-12-12T155000-0336,EURUSD,6,2024-12-12 15:50:00,2024-12-12 16:00:00,486.04,4.86,0.09,1.04954,1.05015,1.04847,1.04847,WIN,0.32,9.63,9.32,495.35,True
TR-EURUSD-2024-12-13T032000-0337,EURUSD,5,2024-12-13 03:20:00,2024-12-13 05:00:00,495.35,4.95,0.06,1.04761,1.04843,1.04612,1.04612,WIN,0.21,8.94,8.73,504.08,True
TR-EURUSD-2024-12-16T103000-0338,EURUSD,2,2024-12-16 10:30:00,2024-12-16 10:40:00,504.08,5.04,0.13,1.05084,1.05033,1.05149,1.05149,WIN,0.46,8.45,8.0,512.08,True
TR-EURUSD-2024-12-16T155000-0339,EURUSD,2,2024-12-16 15:50:00,2024-12-16 16:00:00,512.08,5.12,0.13,1.04994,1.04946,1.05068,1.05068,WIN,0.46,9.62,9.17,521.24,True
TR-EURUSD-2024-12-17T025000-0340,EURUSD,5,2024-12-17 02:50:00,2024-12-17 05:50:00,521.24,5.21,0.07,1.05224,1.05138,1.05369,1.05133,LOSS,0.25,-6.37,-6.62,514.63,True
TR-EURUSD-2024-12-18T152000-0341,EURUSD,5,2024-12-18 15:20:00,2024-12-18 20:30:00,514.63,5.15,0.04,1.04882,1.05004,1.04652,1.04885,BREAKEVEN,0.14,-0.12,-0.26,514.37,True
TR-EURUSD-2024-12-20T081000-0342,EURUSD,5,2024-12-20 08:10:00,2024-12-20 08:40:00,514.37,5.14,0.03,1.03536,1.03698,1.03227,1.03703,LOSS,0.1,-5.01,-5.12,509.25,True
TR-EURUSD-2024-12-23T032000-0343,EURUSD,1,2024-12-23 03:20:00,2024-12-23 03:30:00,509.25,5.09,0.14,1.04358,1.04314,1.04426,1.04309,LOSS,0.49,-6.93,-7.42,501.83,True
TR-EURUSD-2024-12-23T035000-0344,EURUSD,2,2024-12-23 03:50:00,2024-12-23 09:50:00,501.83,5.02,0.06,1.04352,1.04265,1.04502,1.0426,LOSS,0.21,-5.52,-5.73,496.1,True
TR-EURUSD-2024-12-24T100000-0345,EURUSD,2,2024-12-24 10:00:00,2024-12-24 10:40:00,496.1,4.96,0.06,1.0392,1.04012,1.03752,1.04017,LOSS,0.21,-5.79,-6.0,490.1,True
TR-EURUSD-2024-12-24T105000-0346,EURUSD,5,2024-12-24 10:50:00,2024-12-24 16:30:00,490.1,4.9,0.05,1.03974,1.04079,1.0378,1.04084,LOSS,0.18,-5.48,-5.65,484.45,True
TR-EURUSD-2024-12-26T092000-0347,EURUSD,5,2024-12-26 09:20:00,2024-12-26 15:50:00,484.45,4.84,0.06,1.03946,1.04035,1.03783,1.0404,LOSS,0.21,-5.64,-5.85,478.6,True
TR-EURUSD-2024-12-27T100000-0348,EURUSD,2,2024-12-27 10:00:00,2024-12-27 14:00:00,478.6,4.79,0.04,1.04141,1.04022,1.04352,1.04352,WIN,0.14,8.44,8.3,486.9,True
TR-EURUSD-2024-12-30T150000-0349,EURUSD,2,2024-12-30 15:00:00,2024-12-30 15:20:00,486.9,4.87,0.05,1.04474,1.04374,1.04653,1.04369,LOSS,0.18,-5.25,-5.43,481.48,True
TR-EURUSD-2024-12-31T150000-0350,EURUSD,2,2024-12-31 15:00:00,2024-12-31 16:50:00,481.48,4.81,0.05,1.03969,1.04072,1.03778,1.03778,WIN,0.18,9.55,9.37,490.85,True
TR-EURUSD-2025-01-02T030000-0351,EURUSD,5,2025-01-02 03:00:00,2025-01-02 03:40:00,490.85,4.91,0.06,1.03468,1.03556,1.03307,1.03561,LOSS,0.21,-5.58,-5.79,485.06,True
TR-EURUSD-2025-01-02T101000-0352,EURUSD,2,2025-01-02 10:10:00,2025-01-02 11:00:00,485.06,4.85,0.05,1.03648,1.03757,1.03445,1.03651,BREAKEVEN,0.18,-0.15,-0.33,484.74,True
TR-EURUSD-2025-01-02T153000-0353,EURUSD,5,2025-01-02 15:30:00,2025-01-02 15:40:00,484.74,4.85,0.06,1.03157,1.03248,1.02991,1.03253,LOSS,0.21,-5.73,-5.94,478.8,True
TR-EURUSD-2025-01-02T155000-0354,EURUSD,2,2025-01-02 15:50:00,2025-01-02 16:30:00,478.8,4.79,0.05,1.03182,1.03286,1.0299,1.03186,BREAKEVEN,0.18,-0.15,-0.33,478.47,True
TR-EURUSD-2025-01-03T092000-0355,EURUSD,5,2025-01-03 09:20:00,2025-01-03 09:50:00,478.47,4.78,0.06,1.0275,1.02834,1.02597,1.02839,LOSS,0.21,-5.34,-5.55,472.92,True
TR-EURUSD-2025-01-03T104000-0356,EURUSD,2,2025-01-03 10:40:00,2025-01-03 11:10:00,472.92,4.73,0.05,1.02786,1.02886,1.02603,1.02891,LOSS,0.18,-5.23,-5.4,467.52,True
TR-EURUSD-2025-01-06T032000-0357,EURUSD,2,2025-01-06 03:20:00,2025-01-06 10:10:00,467.52,4.68,0.04,1.03078,1.02942,1.03322,1.03322,WIN,0.14,9.76,9.62,477.14,True
TR-EURUSD-2025-01-06T102000-0358,EURUSD,2,2025-01-06 10:20:00,2025-01-06 11:10:00,477.14,4.77,0.03,1.03346,1.03193,1.03628,1.03628,WIN,0.1,8.46,8.35,485.5,True
TR-EURUSD-2025-01-06T150000-0359,EURUSD,2,2025-01-06 15:00:00,2025-01-06 16:20:00,485.5,4.85,0.03,1.04083,1.03885,1.0446,1.04079,BREAKEVEN,0.1,-0.09,-0.2,485.3,True
TR-EURUSD-2025-01-07T105000-0360,EURUSD,2,2025-01-07 10:50:00,2025-01-07 13:30:00,485.3,4.85,0.04,1.04142,1.0401,1.04383,1.04138,BREAKEVEN,0.14,-0.12,-0.26,485.04,True
TR-EURUSD-2025-01-08T101000-0361,EURUSD,2,2025-01-08 10:10:00,2025-01-08 13:40:00,485.04,4.85,0.03,1.03288,1.03465,1.02948,1.02948,WIN,0.1,10.2,10.09,495.14,True
TR-EURUSD-2025-01-09T021000-0362,EURUSD,5,2025-01-09 02:10:00,2025-01-09 04:20:00,495.14,4.95,0.08,1.0313,1.03194,1.03017,1.03199,LOSS,0.28,-5.52,-5.8,489.34,True
TR-EURUSD-2025-01-09T081000-0363,EURUSD,5,2025-01-09 08:10:00,2025-01-09 10:40:00,489.34,4.89,0.04,1.03036,1.03154,1.02816,1.0304,BREAKEVEN,0.14,-0.12,-0.26,489.08,True
TR-EURUSD-2025-01-10T022000-0364,EURUSD,2,2025-01-10 02:20:00,2025-01-10 03:40:00,489.08,4.89,0.07,1.02958,1.03032,1.02826,1.03037,LOSS,0.25,-5.5,-5.74,483.34,True
TR-EURUSD-2025-01-10T153000-0365,EURUSD,5,2025-01-10 15:30:00,2025-01-13 11:30:00,483.34,4.83,0.01,1.02722,1.03152,1.01877,1.01877,WIN,0.04,8.45,8.41,491.75,True
TR-EURUSD-2025-01-14T102000-0366,EURUSD,2,2025-01-14 10:20:00,2025-01-14 14:10:00,491.75,4.92,0.05,1.0261,1.02494,1.02817,1.02489,LOSS,0.18,-6.03,-6.2,485.55,True
TR-EURUSD-2025-01-14T153000-0367,EURUSD,2,2025-01-14 15:30:00,2025-01-14 16:00:00,485.55,4.86,0.08,1.02511,1.02446,1.02623,1.02508,BREAKEVEN,0.28,-0.24,-0.52,485.03,True
TR-EURUSD-2025-01-15T094000-0368,EURUSD,5,2025-01-15 09:40:00,2025-01-15 10:10:00,485.03,4.85,0.05,1.02956,1.02842,1.03156,1.03156,WIN,0.18,10.0,9.83,494.86,True
TR-EURUSD-2025-01-15T153000-0369,EURUSD,2,2025-01-15 15:30:00,2025-01-15 15:40:00,494.86,4.95,0.11,1.03003,1.02947,1.03082,1.03082,WIN,0.39,8.69,8.31,503.16,True
TR-EURUSD-2025-01-16T023000-0370,EURUSD,2,2025-01-16 02:30:00,2025-01-16 02:50:00,503.16,5.03,0.12,1.02919,1.02867,1.02993,1.02916,BREAKEVEN,0.42,-0.36,-0.78,502.38,True
TR-EURUSD-2025-01-20T083000-0371,EURUSD,2,2025-01-20 08:30:00,2025-01-20 12:40:00,502.38,5.02,0.07,1.03049,1.02971,1.03181,1.03181,WIN,0.25,9.24,8.99,511.38,True
TR-EURUSD-2025-01-20T153000-0372,EURUSD,2,2025-01-20 15:30:00,2025-01-20 15:40:00,511.38,5.11,0.13,1.03144,1.03094,1.03208,1.03208,WIN,0.46,8.32,7.86,519.24,True
TR-EURUSD-2025-01-20T155000-0373,EURUSD,2,2025-01-20 15:50:00,2025-01-24 11:20:00,519.24,5.19,0.01,1.03705,1.03042,1.05002,1.05002,WIN,0.04,12.97,12.93,532.18,True
TR-EURUSD-2025-01-27T095000-0374,EURUSD,2,2025-01-27 09:50:00,2025-01-27 12:00:00,532.18,5.32,0.04,1.04654,1.04513,1.04905,1.04905,WIN,0.14,10.04,9.9,542.08,True
TR-EURUSD-2025-01-27T151000-0375,EURUSD,2,2025-01-27 15:10:00,2025-01-27 17:00:00,542.08,5.42,0.05,1.05228,1.05102,1.05447,1.05097,LOSS,0.18,-6.55,-6.73,535.35,True
TR-EURUSD-2025-01-28T090000-0376,EURUSD,5,2025-01-28 09:00:00,2025-01-28 11:30:00,535.35,5.35,0.07,1.04374,1.04459,1.0422,1.04377,BREAKEVEN,0.25,-0.21,-0.46,534.9,True
TR-EURUSD-2025-01-29T040000-0377,EURUSD,2,2025-01-29 04:00:00,2025-01-29 05:40:00,534.9,5.35,0.06,1.04282,1.0437,1.04121,1.04375,LOSS,0.21,-5.58,-5.79,529.11,True
TR-EURUSD-2025-01-29T090000-0378,EURUSD,5,2025-01-29 09:00:00,2025-01-29 09:30:00,529.11,5.29,0.07,1.04382,1.04462,1.04238,1.04238,WIN,0.25,10.08,9.84,538.94,True
TR-EURUSD-2025-01-29T100000-0379,EURUSD,2,2025-01-29 10:00:00,2025-01-29 10:10:00,538.94,5.39,0.09,1.04187,1.04253,1.04071,1.04258,LOSS,0.32,-6.35,-6.66,532.28,True
TR-EURUSD-2025-01-29T151000-0380,EURUSD,5,2025-01-29 15:10:00,2025-01-29 16:20:00,532.28,5.32,0.04,1.03967,1.04091,1.03736,1.03971,BREAKEVEN,0.14,-0.12,-0.26,532.02,True
TR-EURUSD-2025-01-30T104000-0381,EURUSD,5,2025-01-30 10:40:00,2025-01-30 12:50:00,532.02,5.32,0.06,1.04185,1.04273,1.04024,1.04024,WIN,0.21,9.66,9.45,541.47,True
TR-EURUSD-2025-01-31T030000-0382,EURUSD,2,2025-01-31 03:00:00,2025-01-31 09:30:00,541.47,5.41,0.05,1.03889,1.03998,1.03687,1.04003,LOSS,0.18,-5.68,-5.85,535.62,True
TR-EURUSD-2025-01-31T101000-0383,EURUSD,5,2025-01-31 10:10:00,2025-01-31 11:20:00,535.62,5.36,0.03,1.03978,1.04137,1.03675,1.03675,WIN,0.1,9.09,8.99,544.61,True
TR-EURUSD-2025-01-31T153000-0384,EURUSD,5,2025-01-31 15:30:00,2025-01-31 17:00:00,544.61,5.45,0.05,1.03867,1.03973,1.0367,1.0367,WIN,0.18,9.85,9.67,554.28,True
TR-EURUSD-2025-02-03T040000-0385,EURUSD,5,2025-02-03 04:00:00,2025-02-03 05:40:00,554.28,5.54,0.04,1.02391,1.02521,1.02146,1.02146,WIN,0.14,9.8,9.66,563.94,True
TR-EURUSD-2025-02-03T091000-0386,EURUSD,5,2025-02-03 09:10:00,2025-02-03 10:00:00,563.94,5.64,0.06,1.02434,1.02535,1.02246,1.02246,WIN,0.21,11.28,11.07,575.01,True
TR-EURUSD-2025-02-04T102000-0387,EURUSD,2,2025-02-04 10:20:00,2025-02-04 11:10:00,575.01,5.75,0.05,1.03192,1.0307,1.03399,1.03399,WIN,0.18,10.35,10.18,585.19,True
TR-EURUSD-2025-02-05T151000-0388,EURUSD,5,2025-02-05 15:10:00,2025-02-05 15:20:00,585.19,5.85,0.07,1.0421,1.04117,1.04366,1.04112,LOSS,0.25,-6.86,-7.11,578.08,True
TR-EURUSD-2025-02-06T103000-0389,EURUSD,2,2025-02-06 10:30:00,2025-02-06 20:10:00,578.08,5.78,0.04,1.0368,1.03836,1.03383,1.03841,LOSS,0.14,-6.44,-6.58,571.5,True
TR-EURUSD-2025-02-07T041000-0390,EURUSD,5,2025-02-07 04:10:00,2025-02-07 08:00:00,571.5,5.72,0.07,1.03843,1.03745,1.04006,1.0374,LOSS,0.25,-7.21,-7.46,564.05,True
TR-EURUSD-2025-02-07T152000-0391,EURUSD,5,2025-02-07 15:20:00,2025-02-07 15:30:00,564.05,5.64,0.07,1.03736,1.0382,1.03584,1.0374,BREAKEVEN,0.25,-0.21,-0.46,563.59,True
TR-EURUSD-2025-02-07T154000-0392,EURUSD,5,2025-02-07 15:40:00,2025-02-11 21:40:00,563.59,5.64,0.01,1.03724,1.04159,1.02869,1.03727,BREAKEVEN,0.04,-0.03,-0.07,563.53,True
TR-EURUSD-2025-02-12T034000-0393,EURUSD,2,2025-02-12 03:40:00,2025-02-12 10:00:00,563.53,5.64,0.08,1.03595,1.03511,1.0373,1.0373,WIN,0.28,10.8,10.52,574.05,True
TR-EURUSD-2025-02-12T101000-0394,EURUSD,2,2025-02-12 10:10:00,2025-02-12 15:30:00,574.05,5.74,0.04,1.03731,1.0358,1.04009,1.03575,LOSS,0.14,-6.24,-6.38,567.67,True
TR-EURUSD-2025-02-13T023000-0395,EURUSD,5,2025-02-13 02:30:00,2025-02-13 05:20:00,567.67,5.68,0.08,1.03949,1.03865,1.04088,1.04088,WIN,0.28,11.12,10.84,578.51,True
TR-EURUSD-2025-02-14T101000-0396,EURUSD,2,2025-02-14 10:10:00,2025-02-14 10:20:00,578.51,5.79,0.15,1.04671,1.04621,1.0474,1.0474,WIN,0.53,10.35,9.83,588.33,True
TR-EURUSD-2025-02-14T151000-0397,EURUSD,2,2025-02-14 15:10:00,2025-02-14 15:30:00,588.33,5.88,0.07,1.04745,1.04653,1.04904,1.04904,WIN,0.25,11.13,10.89,599.22,True
TR-EURUSD-2025-02-17T031000-0398,EURUSD,2,2025-02-17 03:10:00,2025-02-17 06:00:00,599.22,5.99,0.08,1.04942,1.04856,1.05072,1.04939,BREAKEVEN,0.28,-0.24,-0.52,598.7,True
TR-EURUSD-2025-02-18T101000-0399,EURUSD,5,2025-02-18 10:10:00,2025-02-18 16:00:00,598.7,5.99,0.07,1.0461,1.04701,1.04442,1.04442,WIN,0.25,11.76,11.51,610.21,True
TR-EURUSD-2025-02-19T034000-0400,EURUSD,2,2025-02-19 03:40:00,2025-02-19 05:00:00,610.21,6.1,0.1,1.04448,1.04512,1.04336,1.04517,LOSS,0.35,-6.85,-7.2,603.01,True
TR-EURUSD-2025-02-19T104000-0401,EURUSD,5,2025-02-19 10:40:00,2025-02-19 11:00:00,603.01,6.03,0.11,1.04499,1.04558,1.04397,1.04397,WIN,0.39,11.22,10.84,613.85,True
TR-EURUSD-2025-02-20T034000-0402,EURUSD,2,2025-02-20 03:40:00,2025-02-20 05:00:00,613.85,6.14,0.07,1.04258,1.04353,1.04082,1.04358,LOSS,0.25,-7.04,-7.28,606.57,True
TR-EURUSD-2025-02-20T090000-0403,EURUSD,5,2025-02-20 09:00:00,2025-02-20 10:10:00,606.57,6.07,0.07,1.04268,1.04366,1.04088,1.04371,LOSS,0.25,-7.18,-7.42,599.15,True
TR-EURUSD-2025-02-20T151000-0404,EURUSD,2,2025-02-20 15:10:00,2025-02-20 16:30:00,599.15,5.99,0.08,1.044,1.04312,1.04542,1.04542,WIN,0.28,11.36,11.08,610.23,True
TR-EURUSD-2025-02-24T030000-0405,EURUSD,5,2025-02-24 03:00:00,2025-02-24 03:50:00,610.23,6.1,0.06,1.0498,1.04874,1.05168,1.05168,WIN,0.21,11.28,11.07,621.3,True
TR-EURUSD-2025-02-25T100000-0406,EURUSD,5,2025-02-25 10:00:00,2025-02-25 10:10:00,621.3,6.21,0.05,1.04645,1.04764,1.04423,1.04769,LOSS,0.18,-6.18,-6.35,614.95,True
TR-EURUSD-2025-02-25T103000-0407,EURUSD,2,2025-02-25 10:30:00,2025-02-25 13:40:00,614.95,6.15,0.07,1.04709,1.04804,1.04534,1.04809,LOSS,0.25,-7.0,-7.25,607.7,True
TR-EURUSD-2025-02-25T151000-0408,EURUSD,5,2025-02-25 15:10:00,2025-02-25 15:50:00,607.7,6.08,0.09,1.04946,1.04864,1.05075,1.05075,WIN,0.32,11.7,11.38,619.09,True
TR-EURUSD-2025-02-26T102000-0409,EURUSD,2,2025-02-26 10:20:00,2025-02-26 13:50:00,619.09,6.19,0.06,1.04998,1.04878,1.05201,1.04873,LOSS,0.21,-7.47,-7.68,611.41,True
TR-EURUSD-2025-02-26T154000-0410,EURUSD,2,2025-02-26 15:40:00,2025-02-26 17:30:00,611.41,6.11,0.08,1.04869,1.04954,1.04714,1.04959,LOSS,0.28,-7.2,-7.48,603.93,True
TR-EURUSD-2025-02-27T030000-0411,EURUSD,5,2025-02-27 03:00:00,2025-02-27 09:40:00,603.93,6.04,0.05,1.04774,1.04891,1.04554,1.04777,BREAKEVEN,0.18,-0.15,-0.33,603.6,True
TR-EURUSD-2025-02-27T101000-0412,EURUSD,2,2025-02-27 10:10:00,2025-02-27 12:00:00,603.6,6.04,0.08,1.04752,1.04833,1.04605,1.04838,LOSS,0.28,-6.88,-7.16,596.44,True
TR-EURUSD-2025-02-27T151000-0413,EURUSD,5,2025-02-27 15:10:00,2025-02-27 15:30:00,596.44,5.96,0.07,1.04767,1.04852,1.04612,1.04857,LOSS,0.25,-6.3,-6.55,589.9,True
TR-EURUSD-2025-02-27T154000-0414,EURUSD,2,2025-02-27 15:40:00,2025-02-27 16:00:00,589.9,5.9,0.03,1.04713,1.04928,1.043,1.043,WIN,0.1,12.42,12.31,602.21,True
TR-EURUSD-2025-02-28T033000-0415,EURUSD,5,2025-02-28 03:30:00,2025-02-28 10:00:00,602.21,6.02,0.06,1.03972,1.04077,1.03777,1.03975,BREAKEVEN,0.21,-0.18,-0.39,601.82,True
TR-EURUSD-2025-03-04T030000-0416,EURUSD,2,2025-03-04 03:00:00,2025-03-04 06:10:00,601.82,6.02,0.07,1.04853,1.04755,1.05025,1.0475,LOSS,0.25,-7.21,-7.46,594.37,True
TR-EURUSD-2025-03-04T094000-0417,EURUSD,2,2025-03-04 09:40:00,2025-03-04 10:00:00,594.37,5.94,0.13,1.04937,1.04882,1.05022,1.04933,BREAKEVEN,0.46,-0.39,-0.85,593.52,True
TR-EURUSD-2025-03-04T102000-0418,EURUSD,2,2025-03-04 10:20:00,2025-03-04 10:50:00,593.52,5.94,0.05,1.04987,1.04862,1.0521,1.0521,WIN,0.18,11.15,10.97,604.5,True
TR-EURUSD-2025-03-05T030000-0419,EURUSD,2,2025-03-05 03:00:00,2025-03-05 04:10:00,604.5,6.04,0.08,1.06187,1.06099,1.0633,1.06094,LOSS,0.28,-7.44,-7.72,596.78,True
TR-EURUSD-2025-03-05T081000-0420,EURUSD,5,2025-03-05 08:10:00,2025-03-05 09:30:00,596.78,5.97,0.06,1.06303,1.06187,1.06499,1.06499,WIN,0.21,11.76,11.55,608.33,True
TR-EURUSD-2025-03-05T152000-0421,EURUSD,2,2025-03-05 15:20:00,2025-03-05 15:30:00,608.33,6.08,0.15,1.06965,1.06913,1.07035,1.07035,WIN,0.53,10.5,9.98,618.3,True
TR-EURUSD-2025-03-05T155000-0422,EURUSD,2,2025-03-05 15:50:00,2025-03-05 16:30:00,618.3,6.18,0.03,1.07136,1.06944,1.07491,1.07491,WIN,0.1,10.65,10.54,628.85,True
TR-EURUSD-2025-03-06T023000-0423,EURUSD,2,2025-03-06 02:30:00,2025-03-06 03:40:00,628.85,6.29,0.1,1.07945,1.07873,1.08054,1.08054,WIN,0.35,11.0,10.65,639.5,True
TR-EURUSD-2025-03-06T091000-0424,EURUSD,2,2025-03-06 09:10:00,2025-03-06 10:00:00,639.5,6.39,0.06,1.08096,1.07982,1.08296,1.07977,LOSS,0.21,-7.11,-7.32,632.18,True
TR-EURUSD-2025-03-06T103000-0425,EURUSD,2,2025-03-06 10:30:00,2025-03-06 10:50:00,632.18,6.32,0.12,1.07982,1.07922,1.08075,1.08075,WIN,0.42,11.16,10.74,642.92,True
TR-EURUSD-2025-03-06T152000-0426,EURUSD,2,2025-03-06 15:20:00,2025-03-06 19:20:00,642.92,6.43,0.03,1.08109,1.07845,1.08596,1.08105,BREAKEVEN,0.1,-0.09,-0.2,642.72,True
TR-EURUSD-2025-03-07T045000-0427,EURUSD,2,2025-03-07 04:50:00,2025-03-07 05:20:00,642.72,6.43,0.14,1.07948,1.07892,1.08026,1.08026,WIN,0.49,10.92,10.43,653.15,True
TR-EURUSD-2025-03-07T103000-0428,EURUSD,5,2025-03-07 10:30:00,2025-03-07 15:30:00,653.15,6.53,0.04,1.08413,1.08238,1.08738,1.08738,WIN,0.14,13.0,12.86,666.01,True
TR-EURUSD-2025-03-07T154000-0429,EURUSD,2,2025-03-07 15:40:00,2025-03-07 16:00:00,666.01,6.66,0.04,1.08649,1.08454,1.08999,1.08449,LOSS,0.14,-7.98,-8.12,657.89,True
TR-EURUSD-2025-03-10T030000-0430,EURUSD,2,2025-03-10 03:00:00,2025-03-10 03:30:00,657.89,6.58,0.14,1.08666,1.08609,1.08746,1.08604,LOSS,0.49,-8.61,-9.1,648.79,True
TR-EURUSD-2025-03-10T082000-0431,EURUSD,2,2025-03-10 08:20:00,2025-03-10 09:50:00,648.79,6.49,0.05,1.08399,1.08267,1.08631,1.08262,LOSS,0.18,-6.83,-7.0,641.79,True
TR-EURUSD-2025-03-11T082000-0432,EURUSD,5,2025-03-11 08:20:00,2025-03-11 08:30:00,641.79,6.42,0.1,1.08419,1.08342,1.08537,1.08537,WIN,0.35,11.8,11.45,653.24,True
TR-EURUSD-2025-03-11T105000-0433,EURUSD,2,2025-03-11 10:50:00,2025-03-11 12:20:00,653.24,6.53,0.05,1.09074,1.08918,1.09351,1.08913,LOSS,0.18,-8.03,-8.2,645.04,True
TR-EURUSD-2025-03-11T150000-0434,EURUSD,2,2025-03-11 15:00:00,2025-03-11 16:30:00,645.04,6.45,0.05,1.0917,1.09024,1.09429,1.09019,LOSS,0.18,-7.55,-7.73,637.32,False
TR-EURUSD-2025-03-12T102000-0435,EURUSD,2,2025-03-12 10:20:00,2025-03-12 12:40:00,637.32,6.37,0.04,1.09056,1.08885,1.09373,1.09052,BREAKEVEN,0.14,-0.12,-0.26,637.06,True
TR-EURUSD-2025-03-13T072000-0436,EURUSD,5,2025-03-13 07:20:00,2025-03-13 09:40:00,637.06,6.37,0.06,1.08864,1.08968,1.08671,1.08671,WIN,0.21,11.58,11.37,648.43,True
TR-EURUSD-2025-03-13T150000-0437,EURUSD,2,2025-03-13 15:00:00,2025-03-14 12:50:00,648.43,6.48,0.02,1.08431,1.08808,1.07693,1.08813,LOSS,0.07,-7.63,-7.7,640.73,True
TR-EURUSD-2025-03-17T034000-0438,EURUSD,2,2025-03-17 03:40:00,2025-03-17 09:40:00,640.73,6.41,0.09,1.08811,1.08729,1.08947,1.08724,LOSS,0.32,-7.79,-8.1,632.63,True
TR-EURUSD-2025-03-17T102000-0439,EURUSD,2,2025-03-17 10:20:00,2025-03-17 11:10:00,632.63,6.33,0.15,1.08765,1.08712,1.0884,1.0884,WIN,0.53,11.25,10.73,643.35,True
TR-EURUSD-2025-03-17T151000-0440,EURUSD,2,2025-03-17 15:10:00,2025-03-17 17:30:00,643.35,6.43,0.06,1.08997,1.08874,1.09216,1.09216,WIN,0.21,13.14,12.93,656.28,True
TR-EURUSD-2025-03-18T100000-0441,EURUSD,5,2025-03-18 10:00:00,2025-03-18 13:40:00,656.28,6.56,0.04,1.09316,1.09155,1.09604,1.09312,BREAKEVEN,0.14,-0.12,-0.26,656.02,True
TR-EURUSD-2025-03-19T152000-0442,EURUSD,2,2025-03-19 15:20:00,2025-03-19 19:30:00,656.02,6.56,0.04,1.08979,1.09153,1.08646,1.08646,WIN,0.14,13.32,13.18,669.2,True
TR-EURUSD-2025-03-20T104000-0443,EURUSD,5,2025-03-20 10:40:00,2025-03-20 11:30:00,669.2,6.69,0.05,1.08724,1.08871,1.08445,1.08445,WIN,0.18,13.95,13.78,682.98,True
TR-EURUSD-2025-03-20T150000-0444,EURUSD,2,2025-03-20 15:00:00,2025-03-20 15:50:00,682.98,6.83,0.08,1.08369,1.08463,1.08196,1.08196,WIN,0.28,13.84,13.56,696.54,True
TR-EURUSD-2025-03-21T101000-0445,EURUSD,5,2025-03-21 10:10:00,2025-03-21 13:50:00,696.54,6.97,0.06,1.08321,1.0845,1.08078,1.08455,LOSS,0.21,-8.04,-8.25,688.29,True
TR-EURUSD-2025-03-21T150000-0446,EURUSD,2,2025-03-21 15:00:00,2025-03-21 17:50:00,688.29,6.88,0.06,1.08351,1.08469,1.0813,1.0813,WIN,0.21,13.26,13.05,701.34,True
TR-EURUSD-2025-03-24T155000-0447,EURUSD,5,2025-03-24 15:50:00,2025-03-24 16:20:00,701.34,7.01,0.05,1.08144,1.08279,1.0789,1.08148,BREAKEVEN,0.18,-0.15,-0.33,701.01,True
TR-EURUSD-2025-03-25T083000-0448,EURUSD,5,2025-03-25 08:30:00,2025-03-25 10:10:00,701.01,7.01,0.09,1.0798,1.08066,1.07824,1.07824,WIN,0.32,14.04,13.73,714.74,True
TR-EURUSD-2025-03-26T025000-0449,EURUSD,2,2025-03-26 02:50:00,2025-03-26 04:00:00,714.74,7.15,0.1,1.07866,1.07943,1.07728,1.07948,LOSS,0.35,-8.15,-8.5,706.24,True
TR-EURUSD-2025-03-26T152000-0450,EURUSD,5,2025-03-26 15:20:00,2025-03-26 16:20:00,706.24,7.06,0.06,1.07788,1.07913,1.07553,1.07918,LOSS,0.21,-7.8,-8.01,698.23,True
TR-EURUSD-2025-03-27T093000-0451,EURUSD,5,2025-03-27 09:30:00,2025-03-27 11:00:00,698.23,6.98,0.06,1.07643,1.07764,1.07416,1.07769,LOSS,0.21,-7.56,-7.77,690.46,True
TR-EURUSD-2025-03-31T034000-0452,EURUSD,2,2025-03-31 03:40:00,2025-03-31 05:00:00,690.46,6.9,0.08,1.08338,1.08243,1.08496,1.08334,BREAKEVEN,0.28,-0.24,-0.52,689.94,True
TR-EURUSD-2025-03-31T095000-0453,EURUSD,2,2025-03-31 09:50:00,2025-03-31 10:40:00,689.94,6.9,0.06,1.08387,1.08257,1.08612,1.08252,LOSS,0.21,-8.07,-8.28,681.66,True
TR-EURUSD-2025-04-01T030000-0454,EURUSD,6,2025-04-01 03:00:00,2025-04-01 03:20:00,681.66,6.82,0.17,1.08156,1.08108,1.08227,1.08227,WIN,0.6,12.07,11.48,693.13,True
TR-EURUSD-2025-04-01T105000-0455,EURUSD,5,2025-04-01 10:50:00,2025-04-01 11:30:00,693.13,6.93,0.09,1.08015,1.08093,1.07874,1.08098,LOSS,0.32,-7.47,-7.79,685.35,True
TR-EURUSD-2025-04-01T155000-0456,EURUSD,2,2025-04-01 15:50:00,2025-04-01 17:10:00,685.35,6.85,0.07,1.07871,1.07979,1.0767,1.07984,LOSS,0.25,-7.91,-8.16,677.19,True
TR-EURUSD-2025-04-02T030000-0457,EURUSD,5,2025-04-02 03:00:00,2025-04-02 11:10:00,677.19,6.77,0.09,1.07948,1.08026,1.07808,1.07952,BREAKEVEN,0.32,-0.27,-0.59,676.61,True
TR-EURUSD-2025-04-03T020000-0458,EURUSD,5,2025-04-03 02:00:00,2025-04-03 02:30:00,676.61,6.77,0.04,1.08341,1.08147,1.08677,1.08677,WIN,0.14,13.44,13.3,689.91,True
TR-EURUSD-2025-04-03T024000-0459,EURUSD,2,2025-04-03 02:40:00,2025-04-03 09:40:00,689.91,6.9,0.02,1.08813,1.08418,1.0956,1.0956,WIN,0.07,14.94,14.87,704.78,True
TR-EURUSD-2025-04-03T100000-0460,EURUSD,2,2025-04-03 10:00:00,2025-04-03 13:20:00,704.78,7.05,0.02,1.09838,1.09412,1.10652,1.10652,WIN,0.07,16.3,16.23,721.01,True
TR-EURUSD-2025-04-03T150000-0461,EURUSD,2,2025-04-03 15:00:00,2025-04-03 18:20:00,721.01,7.21,0.02,1.10844,1.10534,1.11425,1.10841,BREAKEVEN,0.07,-0.06,-0.13,720.88,True
TR-EURUSD-2025-04-04T034000-0462,EURUSD,5,2025-04-04 03:40:00,2025-04-04 04:20:00,720.88,7.21,0.07,1.10451,1.10339,1.10654,1.10654,WIN,0.25,14.21,13.96,734.84,True
TR-EURUSD-2025-04-07T031000-0463,EURUSD,6,2025-04-07 03:10:00,2025-04-07 04:50:00,734.84,7.35,0.03,1.09772,1.10019,1.09293,1.09775,BREAKEVEN,0.1,-0.09,-0.2,734.65,True
TR-EURUSD-2025-04-07T153000-0464,EURUSD,2,2025-04-07 15:30:00,2025-04-07 15:50:00,734.65,7.35,0.04,1.09541,1.09728,1.09182,1.09733,LOSS,0.14,-7.68,-7.82,726.83,True
TR-EURUSD-2025-04-09T032000-0465,EURUSD,2,2025-04-09 03:20:00,2025-04-09 03:30:00,726.83,7.27,0.17,1.09776,1.0972,1.09849,1.09849,WIN,0.6,12.41,11.82,738.64,True
TR-EURUSD-2025-04-09T034000-0466,EURUSD,2,2025-04-09 03:40:00,2025-04-09 04:30:00,738.64,7.39,0.03,1.09928,1.09691,1.10365,1.10365,WIN,0.1,13.11,13.01,751.65,True
TR-EURUSD-2025-04-09T073000-0467,EURUSD,5,2025-04-09 07:30:00,2025-04-09 11:00:00,751.65,7.52,0.02,1.1049,1.10155,1.11123,1.1015,LOSS,0.07,-6.79,-6.86,744.79,True
TR-EURUSD-2025-04-09T153000-0468,EURUSD,2,2025-04-09 15:30:00,2025-04-09 19:10:00,744.79,7.45,0.02,1.10622,1.10308,1.1122,1.10303,LOSS,0.07,-6.38,-6.45,738.34,True
TR-EURUSD-2025-04-10T023000-0469,EURUSD,5,2025-04-10 02:30:00,2025-04-10 03:30:00,738.34,7.38,0.05,1.09494,1.09642,1.09213,1.09647,LOSS,0.18,-7.65,-7.83,730.51,True
TR-EURUSD-2025-04-10T091000-0470,EURUSD,5,2025-04-10 09:10:00,2025-04-10 10:20:00,730.51,7.31,0.04,1.09782,1.09957,1.09446,1.09962,LOSS,0.14,-7.22,-7.36,723.15,True
TR-EURUSD-2025-04-10T153000-0471,EURUSD,5,2025-04-10 15:30:00,2025-04-10 16:00:00,723.15,7.23,0.03,1.10933,1.10642,1.11461,1.1093,BREAKEVEN,0.1,-0.09,-0.2,722.96,True
TR-EURUSD-2025-04-11T033000-0472,EURUSD,5,2025-04-11 03:30:00,2025-04-11 03:40:00,722.96,7.23,0.04,1.12712,1.12506,1.131,1.131,WIN,0.14,15.52,15.38,738.34,True
TR-EURUSD-2025-04-11T100000-0473,EURUSD,2,2025-04-11 10:00:00,2025-04-11 10:10:00,738.34,7.38,0.03,1.12707,1.12437,1.13218,1.13218,WIN,0.1,15.33,15.22,753.56,True
TR-EURUSD-2025-04-11T102000-0474,EURUSD,5,2025-04-11 10:20:00,2025-04-11 11:20:00,753.56,7.54,0.02,1.13038,1.12662,1.13744,1.13744,WIN,0.07,14.12,14.05,767.61,True
TR-EURUSD-2025-04-11T152000-0475,EURUSD,2,2025-04-11 15:20:00,2025-04-11 16:00:00,767.61,7.68,0.03,1.1345,1.13209,1.13891,1.13891,WIN,0.1,13.23,13.13,780.74,True
TR-EURUSD-2025-04-14T030000-0476,EURUSD,5,2025-04-14 03:00:00,2025-04-14 03:10:00,780.74,7.81,0.06,1.13398,1.13255,1.1364,1.1364,WIN,0.21,14.52,14.31,795.05,True
TR-EURUSD-2025-04-14T091000-0477,EURUSD,2,2025-04-14 09:10:00,2025-04-14 09:40:00,795.05,7.95,0.07,1.1385,1.13729,1.14058,1.14058,WIN,0.25,14.56,14.31,809.36,True
TR-EURUSD-2025-04-14T100000-0478,EURUSD,2,2025-04-14 10:00:00,2025-04-14 10:20:00,809.36,8.09,0.2,1.14161,1.14111,1.14231,1.14106,LOSS,0.7,-11.0,-11.7,797.66,True
TR-EURUSD-2025-04-15T091000-0479,EURUSD,5,2025-04-15 09:10:00,2025-04-15 09:30:00,797.66,7.98,0.06,1.13596,1.13439,1.13871,1.13434,LOSS,0.21,-9.72,-9.93,787.73,True
TR-EURUSD-2025-04-15T105000-0480,EURUSD,2,2025-04-15 10:50:00,2025-04-15 11:10:00,787.73,7.88,0.06,1.13406,1.13264,1.1365,1.1365,WIN,0.21,14.64,14.43,802.16,True
TR-EURUSD-2025-04-15T154000-0481,EURUSD,2,2025-04-15 15:40:00,2025-04-15 17:10:00,802.16,8.02,0.06,1.13298,1.1343,1.13049,1.13049,WIN,0.21,14.94,14.73,816.89,True
TR-EURUSD-2025-04-16T093000-0482,EURUSD,5,2025-04-16 09:30:00,2025-04-16 10:30:00,816.89,8.17,0.08,1.13713,1.13594,1.13915,1.13915,WIN,0.28,16.16,15.88,832.77,True
TR-EURUSD-2025-04-17T105000-0483,EURUSD,5,2025-04-17 10:50:00,2025-04-17 11:40:00,832.77,8.33,0.08,1.13638,1.13519,1.13839,1.13839,WIN,0.28,16.0,15.72,848.49,True
TR-EURUSD-2025-04-18T033000-0484,EURUSD,2,2025-04-18 03:30:00,2025-04-18 08:40:00,848.49,8.48,0.09,1.138,1.13681,1.13957,1.13676,LOSS,0.32,-11.16,-11.48,837.02,True
TR-EURUSD-2025-04-18T090000-0485,EURUSD,2,2025-04-18 09:00:00,2025-04-18 10:00:00,837.02,8.37,0.12,1.13729,1.1364,1.1385,1.13635,LOSS,0.42,-11.28,-11.7,825.32,True
TR-EURUSD-2025-04-18T102000-0486,EURUSD,2,2025-04-18 10:20:00,2025-04-18 18:00:00,825.32,8.25,0.06,1.13693,1.13543,1.13939,1.13939,WIN,0.21,14.76,14.55,839.87,True
TR-EURUSD-2025-04-21T104000-0487,EURUSD,2,2025-04-21 10:40:00,2025-04-21 11:00:00,839.87,8.4,0.06,1.15252,1.1509,1.15546,1.15546,WIN,0.21,17.64,17.43,857.3,True
TR-EURUSD-2025-04-22T090000-0488,EURUSD,2,2025-04-22 09:00:00,2025-04-22 09:40:00,857.3,8.57,0.08,1.15363,1.15245,1.15569,1.1524,LOSS,0.28,-9.84,-10.12,847.18,True
TR-EURUSD-2025-04-23T105000-0489,EURUSD,2,2025-04-23 10:50:00,2025-04-23 12:00:00,847.18,8.47,0.05,1.1396,1.14122,1.13651,1.14127,LOSS,0.18,-8.35,-8.53,838.65,True
TR-EURUSD-2025-04-24T030000-0490,EURUSD,5,2025-04-24 03:00:00,2025-04-24 03:30:00,838.65,8.39,0.1,1.1328,1.13373,1.13111,1.13378,LOSS,0.35,-9.75,-10.1,828.55,True
TR-EURUSD-2025-04-25T070000-0491,EURUSD,5,2025-04-25 07:00:00,2025-04-25 09:40:00,828.55,8.29,0.04,1.13258,1.13499,1.12792,1.13504,LOSS,0.14,-9.82,-9.96,818.59,True
TR-EURUSD-2025-04-25T100000-0492,EURUSD,1,2025-04-25 10:00:00,2025-04-25 10:20:00,818.59,8.19,0.07,1.1349,1.13608,1.13268,1.13613,LOSS,0.25,-8.65,-8.89,809.7,True
TR-EURUSD-2025-04-28T095000-0493,EURUSD,5,2025-04-28 09:50:00,2025-04-28 10:40:00,809.7,8.1,0.04,1.13545,1.13761,1.1313,1.13549,BREAKEVEN,0.14,-0.12,-0.26,809.44,True
TR-EURUSD-2025-04-29T102000-0494,EURUSD,2,2025-04-29 10:20:00,2025-04-29 12:50:00,809.44,8.09,0.07,1.13967,1.13838,1.14192,1.13833,LOSS,0.25,-9.38,-9.63,799.82,False
TR-EURUSD-2025-04-29T154000-0495,EURUSD,2,2025-04-29 15:40:00,2025-04-29 16:00:00,799.82,8.0,0.06,1.1383,1.13686,1.14095,1.14095,WIN,0.21,15.9,15.69,815.51,True
TR-EURUSD-2025-04-30T091000-0496,EURUSD,5,2025-04-30 09:10:00,2025-04-30 09:30:00,815.51,8.16,0.06,1.13723,1.1386,1.13465,1.13865,LOSS,0.21,-8.49,-8.7,806.81,True
TR-EURUSD-2025-04-30T103000-0497,EURUSD,2,2025-04-30 10:30:00,2025-04-30 11:10:00,806.81,8.07,0.08,1.13823,1.13933,1.13618,1.13826,BREAKEVEN,0.28,-0.24,-0.52,806.29,True
TR-EURUSD-2025-04-30T153000-0498,EURUSD,5,2025-04-30 15:30:00,2025-04-30 18:30:00,806.29,8.06,0.05,1.13689,1.13871,1.1334,1.1334,WIN,0.18,17.45,17.27,823.56,True
TR-EURUSD-2025-05-01T081000-0499,EURUSD,5,2025-05-01 08:10:00,2025-05-01 09:10:00,823.56,8.24,0.1,1.13039,1.13125,1.12882,1.13042,BREAKEVEN,0.35,-0.3,-0.65,822.91,True
TR-EURUSD-2025-05-01T101000-0500,EURUSD,2,2025-05-01 10:10:00,2025-05-01 11:00:00,822.91,8.23,0.06,1.12987,1.1313,1.12716,1.13135,LOSS,0.21,-8.88,-9.09,813.82,True
TR-EURUSD-2025-05-01T150000-0501,EURUSD,5,2025-05-01 15:00:00,2025-05-01 15:30:00,813.82,8.14,0.06,1.13267,1.13414,1.12988,1.1327,BREAKEVEN,0.21,-0.18,-0.39,813.43,True
TR-EURUSD-2025-05-02T031000-0502,EURUSD,6,2025-05-02 03:10:00,2025-05-02 03:40:00,813.43,8.13,0.09,1.12932,1.13024,1.12764,1.12764,WIN,0.32,15.12,14.81,828.24,True
TR-EURUSD-2025-05-02T035000-0503,EURUSD,2,2025-05-02 03:50:00,2025-05-02 04:50:00,828.24,8.28,0.06,1.12788,1.12927,1.12525,1.12932,LOSS,0.21,-8.64,-8.85,819.39,True
TR-EURUSD-2025-05-05T080000-0504,EURUSD,2,2025-05-05 08:00:00,2025-05-05 08:50:00,819.39,8.19,0.1,1.1334,1.13249,1.1349,1.13337,BREAKEVEN,0.35,-0.3,-0.65,818.74,True
TR-EURUSD-2025-05-05T153000-0505,EURUSD,2,2025-05-05 15:30:00,2025-05-05 17:00:00,818.74,8.19,0.07,1.13511,1.13379,1.13745,1.13374,LOSS,0.25,-9.59,-9.84,808.9,True
TR-EURUSD-2025-05-06T030000-0506,EURUSD,5,2025-05-06 03:00:00,2025-05-06 03:20:00,808.9,8.09,0.13,1.13126,1.13194,1.13005,1.13005,WIN,0.46,15.73,15.28,824.18,True
TR-EURUSD-2025-05-06T033000-0507,EURUSD,2,2025-05-06 03:30:00,2025-05-06 07:00:00,824.18,8.24,0.04,1.12958,1.13156,1.12577,1.13161,LOSS,0.14,-8.12,-8.26,815.92,True
TR-EURUSD-2025-05-06T153000-0508,EURUSD,5,2025-05-06 15:30:00,2025-05-06 16:10:00,815.92,8.16,0.09,1.13292,1.13193,1.13472,1.13289,BREAKEVEN,0.32,-0.27,-0.59,815.33,True
TR-EURUSD-2025-05-08T081000-0509,EURUSD,2,2025-05-08 08:10:00,2025-05-08 09:40:00,815.33,8.15,0.05,1.13147,1.13317,1.12822,1.12822,WIN,0.18,16.25,16.07,831.41,True
TR-EURUSD-2025-05-08T100000-0510,EURUSD,5,2025-05-08 10:00:00,2025-05-08 10:40:00,831.41,8.31,0.07,1.12786,1.1291,1.12552,1.12915,LOSS,0.25,-9.07,-9.31,822.1,True
TR-EURUSD-2025-05-09T031000-0511,EURUSD,5,2025-05-09 03:10:00,2025-05-09 04:00:00,822.1,8.22,0.13,1.12261,1.12329,1.1214,1.12264,BREAKEVEN,0.46,-0.39,-0.85,821.25,True
TR-EURUSD-2025-05-09T044000-0512,EURUSD,2,2025-05-09 04:40:00,2025-05-09 06:00:00,821.25,8.21,0.06,1.12185,1.12322,1.11927,1.12188,BREAKEVEN,0.21,-0.18,-0.39,820.86,True
TR-EURUSD-2025-05-09T083000-0513,EURUSD,5,2025-05-09 08:30:00,2025-05-09 09:00:00,820.86,8.21,0.09,1.12225,1.12319,1.12053,1.12324,LOSS,0.32,-8.87,-9.18,811.68,True
TR-EURUSD-2025-05-12T032000-0514,EURUSD,5,2025-05-12 03:20:00,2025-05-12 04:00:00,811.68,8.12,0.07,1.12276,1.12406,1.12033,1.12411,LOSS,0.25,-9.42,-9.66,802.02,True
TR-EURUSD-2025-05-12T100000-0515,EURUSD,5,2025-05-12 10:00:00,2025-05-12 10:30:00,802.02,8.02,0.03,1.12032,1.12323,1.11463,1.11463,WIN,0.1,17.04,16.94,818.96,True
TR-EURUSD-2025-05-14T033000-0516,EURUSD,2,2025-05-14 03:30:00,2025-05-14 11:00:00,818.96,8.19,0.08,1.1191,1.11791,1.12106,1.12106,WIN,0.28,15.68,15.4,834.36,True
TR-EURUSD-2025-05-14T154000-0517,EURUSD,5,2025-05-14 15:40:00,2025-05-14 16:00:00,834.36,8.34,0.08,1.12203,1.12082,1.12409,1.122,BREAKEVEN,0.28,-0.24,-0.52,833.84,True
TR-EURUSD-2025-05-15T030000-0518,EURUSD,5,2025-05-15 03:00:00,2025-05-15 03:40:00,833.84,8.34,0.11,1.11825,1.11906,1.11679,1.11911,LOSS,0.39,-9.41,-9.79,824.05,True
TR-EURUSD-2025-05-15T081000-0519,EURUSD,5,2025-05-15 08:10:00,2025-05-15 08:40:00,824.05,8.24,0.11,1.11961,1.11873,1.12098,1.11868,LOSS,0.39,-10.23,-10.62,813.43,True
TR-EURUSD-2025-05-15T153000-0520,EURUSD,5,2025-05-15 15:30:00,2025-05-15 15:40:00,813.43,8.13,0.08,1.11908,1.11783,1.121,1.121,WIN,0.28,15.36,15.08,828.51,True
TR-EURUSD-2025-05-16T085000-0521,EURUSD,2,2025-05-16 08:50:00,2025-05-16 11:20:00,828.51,8.29,0.1,1.12131,1.12033,1.12293,1.12028,LOSS,0.35,-10.25,-10.6,817.91,True
TR-EURUSD-2025-05-19T093000-0522,EURUSD,5,2025-05-19 09:30:00,2025-05-19 10:40:00,817.91,8.18,0.05,1.11966,1.11781,1.12306,1.12306,WIN,0.18,17.0,16.82,834.74,True
TR-EURUSD-2025-05-19T105000-0523,EURUSD,5,2025-05-19 10:50:00,2025-05-19 12:40:00,834.74,8.35,0.04,1.12347,1.1212,1.12771,1.12771,WIN,0.14,16.96,16.82,851.56,True
TR-EURUSD-2025-05-20T041000-0524,EURUSD,5,2025-05-20 04:10:00,2025-05-20 06:00:00,851.56,8.52,0.06,1.12311,1.12159,1.12582,1.12308,BREAKEVEN,0.21,-0.18,-0.39,851.17,True
TR-EURUSD-2025-05-20T102000-0525,EURUSD,5,2025-05-20 10:20:00,2025-05-20 13:10:00,851.17,8.51,0.07,1.12629,1.12494,1.12863,1.12489,LOSS,0.25,-9.8,-10.05,841.12,True
TR-EURUSD-2025-05-22T030000-0526,EURUSD,2,2025-05-22 03:00:00,2025-05-22 07:20:00,841.12,8.41,0.1,1.13303,1.13204,1.13468,1.133,BREAKEVEN,0.35,-0.3,-0.65,840.47,True
TR-EURUSD-2025-05-22T155000-0527,EURUSD,5,2025-05-22 15:50:00,2025-05-22 18:10:00,840.47,8.4,0.05,1.12994,1.13153,1.12691,1.12691,WIN,0.18,15.15,14.98,855.45,True
TR-EURUSD-2025-05-23T023000-0528,EURUSD,2,2025-05-23 02:30:00,2025-05-23 03:30:00,855.45,8.55,0.13,1.12844,1.12913,1.12723,1.12918,LOSS,0.46,-9.56,-10.01,845.44,True
TR-EURUSD-2025-05-23T090000-0529,EURUSD,2,2025-05-23 09:00:00,2025-05-23 10:30:00,845.44,8.45,0.09,1.13161,1.13058,1.13337,1.13337,WIN,0.32,15.84,15.52,860.96,True
TR-EURUSD-2025-05-23T104000-0530,EURUSD,2,2025-05-23 10:40:00,2025-05-23 11:10:00,860.96,8.61,0.17,1.13327,1.13267,1.13417,1.13417,WIN,0.6,15.3,14.71,875.67,True
TR-EURUSD-2025-05-26T032000-0531,EURUSD,2,2025-05-26 03:20:00,2025-05-26 05:00:00,875.67,8.76,0.07,1.13825,1.13696,1.14055,1.14055,WIN,0.25,16.1,15.85,891.52,True
TR-EURUSD-2025-05-27T031000-0532,EURUSD,2,2025-05-27 03:10:00,2025-05-27 04:50:00,891.52,8.92,0.09,1.13946,1.13839,1.14131,1.13942,BREAKEVEN,0.32,-0.27,-0.59,890.94,False
TR-EURUSD-2025-05-28T042000-0533,EURUSD,2,2025-05-28 04:20:00,2025-05-28 06:00:00,890.94,8.91,0.07,1.13327,1.13458,1.1308,1.1308,WIN,0.25,17.29,17.05,907.98,True
TR-EURUSD-2025-05-28T150000-0534,EURUSD,2,2025-05-28 15:00:00,2025-05-28 16:10:00,907.98,9.08,0.11,1.13209,1.13295,1.13053,1.13053,WIN,0.39,17.16,16.78,924.76,True
TR-EURUSD-2025-05-29T020000-0535,EURUSD,5,2025-05-29 02:00:00,2025-05-29 02:20:00,924.76,9.25,0.11,1.12917,1.13004,1.12759,1.12759,WIN,0.39,17.38,17.0,941.75,True
TR-EURUSD-2025-05-29T083000-0536,EURUSD,2,2025-05-29 08:30:00,2025-05-29 08:50:00,941.75,9.42,0.16,1.12465,1.12528,1.12354,1.12354,WIN,0.56,17.76,17.2,958.95,True
TR-EURUSD-2025-05-30T042000-0537,EURUSD,5,2025-05-30 04:20:00,2025-05-30 04:50:00,958.95,9.59,0.06,1.13812,1.1363,1.14139,1.13625,LOSS,0.21,-11.19,-11.4,947.55,True
TR-EURUSD-2025-05-30T151000-0538,EURUSD,5,2025-05-30 15:10:00,2025-05-30 15:40:00,947.55,9.48,0.07,1.13338,1.13199,1.1358,1.1358,WIN,0.25,16.94,16.7,964.25,True
TR-EURUSD-2025-06-02T032000-0539,EURUSD,2,2025-06-02 03:20:00,2025-06-02 09:30:00,964.25,9.64,0.06,1.13654,1.13489,1.13945,1.13945,WIN,0.21,17.46,17.25,981.5,True
TR-EURUSD-2025-06-02T094000-0540,EURUSD,5,2025-06-02 09:40:00,2025-06-02 10:50:00,981.5,9.81,0.06,1.13942,1.1378,1.14236,1.14236,WIN,0.21,17.64,17.43,998.93,True
TR-EURUSD-2025-06-02T153000-0541,EURUSD,2,2025-06-02 15:30:00,2025-06-02 15:40:00,998.93,9.99,0.23,1.14142,1.14089,1.1422,1.1422,WIN,0.81,17.94,17.14,1016.06,False
TR-EURUSD-2025-06-03T154000-0542,EURUSD,5,2025-06-03 15:40:00,2025-06-03 16:10:00,1016.06,10.16,0.15,1.1382,1.13894,1.13687,1.13899,LOSS,0.53,-11.85,-12.38,1003.69,False
TR-EURUSD-2025-06-04T040000-0543,EURUSD,5,2025-06-04 04:00:00,2025-06-04 04:40:00,1003.69,10.04,0.1,1.13775,1.13876,1.13588,1.13881,LOSS,0.35,-10.6,-10.95,992.74,True
TR-EURUSD-2025-06-04T085000-0544,EURUSD,5,2025-06-04 08:50:00,2025-06-04 09:30:00,992.74,9.93,0.16,1.13646,1.13714,1.13524,1.13719,LOSS,0.56,-11.76,-12.32,980.42,True
TR-EURUSD-2025-06-05T022000-0545,EURUSD,5,2025-06-05 02:20:00,2025-06-05 04:20:00,980.42,9.8,0.15,1.14241,1.14161,1.14361,1.14238,BREAKEVEN,0.53,-0.45,-0.98,979.44,True
TR-EURUSD-2025-06-05T102000-0546,EURUSD,2,2025-06-05 10:20:00,2025-06-05 15:30:00,979.44,9.79,0.08,1.14168,1.14033,1.1441,1.1441,WIN,0.28,19.36,19.08,998.52,True
TR-EURUSD-2025-06-05T154000-0547,EURUSD,2,2025-06-05 15:40:00,2025-06-05 16:20:00,998.52,9.99,0.07,1.14328,1.14174,1.14606,1.14606,WIN,0.25,19.46,19.22,1017.74,True
TR-EURUSD-2025-06-06T151000-0548,EURUSD,5,2025-06-06 15:10:00,2025-06-06 15:30:00,1017.74,10.18,0.07,1.14151,1.14294,1.13881,1.13881,WIN,0.25,18.9,18.66,1036.39,True
TR-EURUSD-2025-06-06T154000-0549,EURUSD,2,2025-06-06 15:40:00,2025-06-06 17:20:00,1036.39,10.36,0.07,1.14013,1.14162,1.1373,1.14016,BREAKEVEN,0.25,-0.21,-0.46,1035.94,True
TR-EURUSD-2025-06-09T032000-0550,EURUSD,5,2025-06-09 03:20:00,2025-06-09 04:50:00,1035.94,10.36,0.11,1.14014,1.1411,1.13837,1.14115,LOSS,0.39,-11.11,-11.5,1024.44,True
TR-EURUSD-2025-06-09T100000-0551,EURUSD,2,2025-06-09 10:00:00,2025-06-09 12:20:00,1024.44,10.24,0.16,1.14241,1.14168,1.14358,1.14358,WIN,0.56,18.88,18.32,1042.76,True
TR-EURUSD-2025-06-10T031000-0552,EURUSD,2,2025-06-10 03:10:00,2025-06-10 04:30:00,1042.76,10.43,0.16,1.14275,1.14203,1.14397,1.14198,LOSS,0.56,-12.24,-12.8,1029.96,True
TR-EURUSD-2025-06-10T101000-0553,EURUSD,2,2025-06-10 10:10:00,2025-06-10 12:10:00,1029.96,10.3,0.04,1.13863,1.14097,1.1341,1.14102,LOSS,0.14,-9.56,-9.7,1020.26,True
TR-EURUSD-2025-06-11T100000-0554,EURUSD,2,2025-06-11 10:00:00,2025-06-11 10:50:00,1020.26,10.2,0.11,1.14125,1.14225,1.1394,1.1423,LOSS,0.39,-11.55,-11.94,1008.33,True
TR-EURUSD-2025-06-11T153000-0555,EURUSD,2,2025-06-11 15:30:00,2025-06-11 15:40:00,1008.33,10.08,0.21,1.14369,1.14309,1.1445,1.1445,WIN,0.73,17.01,16.27,1024.6,True
TR-EURUSD-2025-06-12T020000-0556,EURUSD,5,2025-06-12 02:00:00,2025-06-12 03:50:00,1024.6,10.25,0.09,1.15027,1.14902,1.15231,1.15231,WIN,0.32,18.36,18.04,1042.65,True
TR-EURUSD-2025-06-12T152000-0557,EURUSD,2,2025-06-12 15:20:00,2025-06-12 15:30:00,1042.65,10.43,0.07,1.15977,1.1582,1.16267,1.15974,BREAKEVEN,0.25,-0.21,-0.46,1042.19,True
TR-EURUSD-2025-06-12T154000-0558,EURUSD,2,2025-06-12 15:40:00,2025-06-12 16:50:00,1042.19,10.42,0.04,1.1615,1.159,1.16627,1.15895,LOSS,0.14,-10.22,-10.36,1031.83,True
TR-EURUSD-2025-06-13T101000-0559,EURUSD,2,2025-06-13 10:10:00,2025-06-13 12:00:00,1031.83,10.32,0.07,1.1545,1.15297,1.15723,1.15292,LOSS,0.25,-11.06,-11.31,1020.53,True
TR-EURUSD-2025-06-16T095000-0560,EURUSD,5,2025-06-16 09:50:00,2025-06-16 16:00:00,1020.53,10.21,0.06,1.1554,1.15362,1.15865,1.15865,WIN,0.21,19.5,19.29,1039.82,True
TR-EURUSD-2025-06-17T151000-0561,EURUSD,2,2025-06-17 15:10:00,2025-06-17 15:30:00,1039.82,10.4,0.13,1.1565,1.15566,1.158,1.15647,BREAKEVEN,0.46,-0.39,-0.85,1038.97,True
TR-EURUSD-2025-06-19T042000-0562,EURUSD,5,2025-06-19 04:20:00,2025-06-19 05:00:00,1038.97,10.39,0.12,1.14762,1.14853,1.14595,1.14595,WIN,0.42,20.04,19.62,1058.59,True
TR-EURUSD-2025-06-19T085000-0563,EURUSD,5,2025-06-19 08:50:00,2025-06-19 10:20:00,1058.59,10.59,0.09,1.14564,1.14688,1.14332,1.14693,LOSS,0.32,-11.57,-11.88,1046.71,True
TR-EURUSD-2025-06-19T105000-0564,EURUSD,5,2025-06-19 10:50:00,2025-06-19 11:30:00,1046.71,10.47,0.12,1.14705,1.14797,1.14535,1.14708,BREAKEVEN,0.42,-0.36,-0.78,1045.93,True
TR-EURUSD-2025-06-20T031000-0565,EURUSD,5,2025-06-20 03:10:00,2025-06-20 05:00:00,1045.93,10.46,0.15,1.15123,1.15041,1.15254,1.1512,BREAKEVEN,0.53,-0.45,-0.98,1044.96,True
TR-EURUSD-2025-06-20T105000-0566,EURUSD,2,2025-06-20 10:50:00,2025-06-20 11:20:00,1044.96,10.45,0.29,1.1512,1.15072,1.15182,1.15116,BREAKEVEN,1.01,-0.87,-1.89,1043.07,True
TR-EURUSD-2025-06-20T154000-0567,EURUSD,2,2025-06-20 15:40:00,2025-06-20 15:50:00,1043.07,10.43,0.1,1.15222,1.15109,1.15417,1.15104,LOSS,0.35,-11.75,-12.1,1030.97,True
TR-EURUSD-2025-06-23T031000-0568,EURUSD,2,2025-06-23 03:10:00,2025-06-23 05:00:00,1030.97,10.31,0.08,1.14966,1.15101,1.14712,1.1497,BREAKEVEN,0.28,-0.24,-0.52,1030.45,True
TR-EURUSD-2025-06-23T104000-0569,EURUSD,2,2025-06-23 10:40:00,2025-06-23 12:10:00,1030.45,10.3,0.08,1.14966,1.15105,1.14703,1.14703,WIN,0.28,21.04,20.76,1051.21,True
TR-EURUSD-2025-06-25T031000-0570,EURUSD,5,2025-06-25 03:10:00,2025-06-25 04:30:00,1051.21,10.51,0.12,1.16171,1.16075,1.16333,1.16168,BREAKEVEN,0.42,-0.36,-0.78,1050.43,True
TR-EURUSD-2025-06-26T094000-0571,EURUSD,2,2025-06-26 09:40:00,2025-06-26 10:00:00,1050.43,10.5,0.14,1.1681,1.16722,1.16954,1.16954,WIN,0.49,20.3,19.81,1070.24,True
TR-EURUSD-2025-06-26T101000-0572,EURUSD,2,2025-06-26 10:10:00,2025-06-26 11:00:00,1070.24,10.7,0.1,1.16908,1.1679,1.17117,1.17117,WIN,0.35,20.9,20.55,1090.79,True
TR-EURUSD-2025-06-26T155000-0573,EURUSD,2,2025-06-26 15:50:00,2025-06-26 19:40:00,1090.79,10.91,0.08,1.17083,1.16935,1.17346,1.17346,WIN,0.28,21.04,20.76,1111.55,True
TR-EURUSD-2025-06-27T100000-0574,EURUSD,2,2025-06-27 10:00:00,2025-06-27 15:50:00,1111.55,11.12,0.08,1.17118,1.16961,1.17404,1.17404,WIN,0.28,22.88,22.6,1134.15,True
TR-EURUSD-2025-06-30T021000-0575,EURUSD,2,2025-06-30 02:10:00,2025-06-30 03:10:00,1134.15,11.34,0.13,1.17332,1.17234,1.17492,1.17229,LOSS,0.46,-13.39,-13.85,1120.31,True
TR-EURUSD-2025-06-30T074000-0576,EURUSD,5,2025-06-30 07:40:00,2025-06-30 08:10:00,1120.31,11.2,0.15,1.1719,1.17105,1.17335,1.17335,WIN,0.53,21.75,21.23,1141.53,True
TR-EURUSD-2025-06-30T100000-0577,EURUSD,2,2025-06-30 10:00:00,2025-06-30 11:00:00,1141.53,11.42,0.08,1.17376,1.17232,1.17643,1.17227,LOSS,0.28,-11.92,-12.2,1129.33,True
TR-EURUSD-2025-07-01T083000-0578,EURUSD,2,2025-07-01 08:30:00,2025-07-01 09:20:00,1129.33,11.29,0.31,1.17836,1.1779,1.17901,1.17785,LOSS,1.08,-15.81,-16.9,1112.44,True
TR-EURUSD-2025-07-01T102000-0579,EURUSD,2,2025-07-01 10:20:00,2025-07-01 12:00:00,1112.44,11.12,0.11,1.17835,1.1773,1.18023,1.18023,WIN,0.39,20.68,20.3,1132.73,True
TR-EURUSD-2025-07-02T150000-0580,EURUSD,2,2025-07-02 15:00:00,2025-07-02 15:20:00,1132.73,11.33,0.08,1.17518,1.17669,1.17231,1.17674,LOSS,0.28,-12.48,-12.76,1119.97,True
TR-EURUSD-2025-07-03T030000-0581,EURUSD,2,2025-07-03 03:00:00,2025-07-03 03:20:00,1119.97,11.2,0.3,1.1799,1.17944,1.18055,1.18055,WIN,1.05,19.5,18.45,1138.42,True
TR-EURUSD-2025-07-03T100000-0582,EURUSD,2,2025-07-03 10:00:00,2025-07-03 12:30:00,1138.42,11.38,0.14,1.17996,1.17903,1.18148,1.17898,LOSS,0.49,-13.65,-14.14,1124.28,True
TR-EURUSD-2025-07-03T155000-0583,EURUSD,2,2025-07-03 15:50:00,2025-07-08 10:10:00,1124.28,11.24,0.03,1.17522,1.17917,1.16749,1.17526,BREAKEVEN,0.1,-0.09,-0.2,1124.09,True
TR-EURUSD-2025-07-08T150000-0584,EURUSD,5,2025-07-08 15:00:00,2025-07-08 16:30:00,1124.09,11.24,0.12,1.17262,1.17362,1.17077,1.17077,WIN,0.42,22.2,21.78,1145.87,True
TR-EURUSD-2025-07-09T031000-0585,EURUSD,5,2025-07-09 03:10:00,2025-07-09 05:50:00,1145.87,11.46,0.16,1.17206,1.17283,1.17066,1.17066,WIN,0.56,22.4,21.84,1167.71,True
TR-EURUSD-2025-07-09T104000-0586,EURUSD,2,2025-07-09 10:40:00,2025-07-09 15:00:00,1167.71,11.68,0.1,1.17167,1.17287,1.16943,1.16943,WIN,0.35,22.4,22.05,1189.76,True
TR-EURUSD-2025-07-09T151000-0587,EURUSD,2,2025-07-09 15:10:00,2025-07-09 15:20:00,1189.76,11.9,0.16,1.17003,1.17082,1.1686,1.17087,LOSS,0.56,-13.44,-14.0,1175.76,True
TR-EURUSD-2025-07-10T030000-0588,EURUSD,2,2025-07-10 03:00:00,2025-07-10 07:00:00,1175.76,11.76,0.14,1.17333,1.17238,1.17499,1.1733,BREAKEVEN,0.49,-0.42,-0.91,1174.85,True
TR-EURUSD-2025-07-11T031000-0589,EURUSD,2,2025-07-11 03:10:00,2025-07-11 03:20:00,1174.85,11.75,0.13,1.16983,1.17082,1.16801,1.16801,WIN,0.46,23.66,23.21,1198.05,True
TR-EURUSD-2025-07-11T033000-0590,EURUSD,5,2025-07-11 03:30:00,2025-07-15 17:10:00,1198.05,11.98,0.05,1.16825,1.1708,1.1633,1.1633,WIN,0.18,24.75,24.58,1222.63,True
TR-EURUSD-2025-07-16T031000-0591,EURUSD,6,2025-07-16 03:10:00,2025-07-16 03:40:00,1222.63,12.23,0.29,1.16074,1.16121,1.15996,1.16126,LOSS,1.01,-14.94,-15.95,1206.68,True
TR-EURUSD-2025-07-16T104000-0592,EURUSD,5,2025-07-16 10:40:00,2025-07-16 15:10:00,1206.68,12.07,0.12,1.16206,1.16309,1.16015,1.16015,WIN,0.42,22.92,22.5,1229.18,True
TR-EURUSD-2025-07-16T152000-0593,EURUSD,5,2025-07-16 15:20:00,2025-07-16 16:50:00,1229.18,12.29,0.09,1.15993,1.16135,1.15724,1.15724,WIN,0.32,24.21,23.9,1253.07,True
TR-EURUSD-2025-07-17T090000-0594,EURUSD,2,2025-07-17 09:00:00,2025-07-17 09:20:00,1253.07,12.53,0.12,1.16176,1.16289,1.15965,1.15965,WIN,0.42,25.32,24.9,1277.97,True
TR-EURUSD-2025-07-17T153000-0595,EURUSD,5,2025-07-17 15:30:00,2025-07-17 15:50:00,1277.97,12.78,0.07,1.1568,1.15882,1.15292,1.15887,LOSS,0.25,-14.46,-14.7,1263.27,True
TR-EURUSD-2025-07-18T100000-0596,EURUSD,2,2025-07-18 10:00:00,2025-07-18 10:10:00,1263.27,12.63,0.34,1.16185,1.16141,1.16252,1.16252,WIN,1.19,22.78,21.59,1284.86,True
TR-EURUSD-2025-07-18T151000-0597,EURUSD,5,2025-07-18 15:10:00,2025-07-18 17:00:00,1284.86,12.85,0.15,1.16489,1.16396,1.1665,1.1665,WIN,0.53,24.15,23.63,1308.49,True
TR-EURUSD-2025-07-21T085000-0598,EURUSD,2,2025-07-21 08:50:00,2025-07-21 09:40:00,1308.49,13.08,0.34,1.16316,1.1627,1.16386,1.16386,WIN,1.19,23.8,22.61,1331.1,True
TR-EURUSD-2025-07-22T025000-0599,EURUSD,5,2025-07-22 02:50:00,2025-07-22 03:10:00,1331.1,13.31,0.25,1.16936,1.1687,1.17032,1.16865,LOSS,0.88,-17.75,-18.63,1312.47,True
TR-EURUSD-2025-07-22T150000-0600,EURUSD,5,2025-07-22 15:00:00,2025-07-22 15:20:00,1312.47,13.12,0.17,1.17008,1.16925,1.1715,1.1692,LOSS,0.6,-14.96,-15.56,1296.92,True
TR-EURUSD-2025-07-23T100000-0601,EURUSD,2,2025-07-23 10:00:00,2025-07-23 10:50:00,1296.92,12.97,0.13,1.17376,1.1727,1.17561,1.17373,BREAKEVEN,0.46,-0.39,-0.85,1296.07,True
TR-EURUSD-2025-07-24T041000-0602,EURUSD,2,2025-07-24 04:10:00,2025-07-24 09:20:00,1296.07,12.96,0.14,1.17688,1.17588,1.17862,1.17684,BREAKEVEN,0.49,-0.42,-0.91,1295.16,True
TR-EURUSD-2025-07-25T154000-0603,EURUSD,5,2025-07-25 15:40:00,2025-07-25 16:20:00,1295.16,12.95,0.15,1.17201,1.17293,1.17032,1.17298,LOSS,0.53,-14.55,-15.08,1280.09,True
TR-EURUSD-2025-07-28T032000-0604,EURUSD,2,2025-07-28 03:20:00,2025-07-28 04:40:00,1280.09,12.8,0.11,1.17648,1.17519,1.17866,1.17514,LOSS,0.39,-14.69,-15.07,1265.02,True
TR-EURUSD-2025-07-28T103000-0605,EURUSD,2,2025-07-28 10:30:00,2025-07-28 11:00:00,1265.02,12.65,0.09,1.17126,1.17273,1.16848,1.16848,WIN,0.32,25.02,24.71,1289.72,True
TR-EURUSD-2025-07-29T031000-0606,EURUSD,1,2025-07-29 03:10:00,2025-07-29 04:00:00,1289.72,12.9,0.34,1.15936,1.15979,1.15865,1.15865,WIN,1.19,24.14,22.95,1312.67,True
TR-EURUSD-2025-07-29T093000-0607,EURUSD,5,2025-07-29 09:30:00,2025-07-29 09:50:00,1312.67,13.13,0.11,1.15754,1.15876,1.15527,1.15527,WIN,0.39,25.08,24.69,1337.37,True
TR-EURUSD-2025-07-29T101000-0608,EURUSD,5,2025-07-29 10:10:00,2025-07-29 11:20:00,1337.37,13.37,0.05,1.15408,1.15673,1.14892,1.15678,LOSS,0.18,-13.53,-13.7,1323.67,True
TR-EURUSD-2025-07-29T150000-0609,EURUSD,5,2025-07-29 15:00:00,2025-07-30 04:00:00,1323.67,13.24,0.06,1.15423,1.15661,1.14962,1.15666,LOSS,0.21,-14.58,-14.79,1308.88,True
TR-EURUSD-2025-07-30T104000-0610,EURUSD,5,2025-07-30 10:40:00,2025-07-30 14:10:00,1308.88,13.09,0.1,1.15579,1.1572,1.15312,1.15312,WIN,0.35,26.7,26.35,1335.23,True
TR-EURUSD-2025-07-30T151000-0611,EURUSD,5,2025-07-30 15:10:00,2025-07-30 15:40:00,1335.23,13.35,0.11,1.15252,1.15374,1.15022,1.15022,WIN,0.39,25.3,24.91,1360.14,True
TR-EURUSD-2025-07-31T152000-0612,EURUSD,2,2025-07-31 15:20:00,2025-07-31 16:10:00,1360.14,13.6,0.13,1.14419,1.1453,1.14213,1.14213,WIN,0.46,26.78,26.32,1386.47,True
TR-EURUSD-2025-08-01T044000-0613,EURUSD,5,2025-08-01 04:40:00,2025-08-01 06:10:00,1386.47,13.86,0.14,1.14188,1.14291,1.13999,1.14192,BREAKEVEN,0.49,-0.42,-0.91,1385.56,True
TR-EURUSD-2025-08-01T105000-0614,EURUSD,2,2025-08-01 10:50:00,2025-08-01 12:30:00,1385.56,13.86,0.14,1.14232,1.14338,1.14035,1.14035,WIN,0.49,27.58,27.09,1412.65,True
TR-EURUSD-2025-08-01T150000-0615,EURUSD,2,2025-08-01 15:00:00,2025-08-01 15:30:00,1412.65,14.13,0.16,1.14068,1.14162,1.13896,1.14071,BREAKEVEN,0.56,-0.48,-1.04,1411.61,True
TR-EURUSD-2025-08-04T153000-0616,EURUSD,2,2025-08-04 15:30:00,2025-08-04 19:20:00,1411.61,14.12,0.1,1.1575,1.15596,1.16032,1.15591,LOSS,0.35,-15.85,-16.2,1395.41,True
TR-EURUSD-2025-08-05T030000-0617,EURUSD,2,2025-08-05 03:00:00,2025-08-05 03:30:00,1395.41,13.95,0.39,1.1584,1.15793,1.15901,1.15788,LOSS,1.36,-20.28,-21.65,1373.76,True
TR-EURUSD-2025-08-05T150000-0618,EURUSD,2,2025-08-05 15:00:00,2025-08-05 15:10:00,1373.76,13.74,0.33,1.15364,1.15411,1.15286,1.15416,LOSS,1.16,-17.0,-18.15,1355.61,True
TR-EURUSD-2025-08-05T153000-0619,EURUSD,2,2025-08-05 15:30:00,2025-08-05 16:30:00,1355.61,13.56,0.14,1.15389,1.15491,1.15201,1.15496,LOSS,0.49,-14.91,-15.4,1340.21,True
TR-EURUSD-2025-08-06T030000-0620,EURUSD,2,2025-08-06 03:00:00,2025-08-06 04:10:00,1340.21,13.4,0.2,1.15792,1.15714,1.15918,1.15709,LOSS,0.7,-16.6,-17.3,1322.91,True
TR-EURUSD-2025-08-06T073000-0621,EURUSD,5,2025-08-06 07:30:00,2025-08-06 10:20:00,1322.91,13.23,0.27,1.1581,1.15754,1.15901,1.15749,LOSS,0.95,-16.47,-17.42,1305.5,True
TR-EURUSD-2025-08-06T105000-0622,EURUSD,5,2025-08-06 10:50:00,2025-08-06 13:10:00,1305.5,13.05,0.19,1.15769,1.15693,1.15901,1.15901,WIN,0.67,25.08,24.41,1329.91,True
TR-EURUSD-2025-08-07T045000-0623,EURUSD,5,2025-08-07 04:50:00,2025-08-07 09:50:00,1329.91,13.3,0.13,1.16573,1.16464,1.16769,1.16769,WIN,0.46,25.48,25.03,1354.94,True
TR-EURUSD-2025-08-07T104000-0624,EURUSD,2,2025-08-07 10:40:00,2025-08-07 11:20:00,1354.94,13.55,0.17,1.16815,1.16723,1.16968,1.16812,BREAKEVEN,0.6,-0.51,-1.11,1353.83,True
TR-EURUSD-2025-08-08T155000-0625,EURUSD,5,2025-08-08 15:50:00,2025-08-08 17:10:00,1353.83,13.54,0.16,1.16474,1.16563,1.16312,1.16568,LOSS,0.56,-14.96,-15.52,1338.31,True
TR-EURUSD-2025-08-11T151000-0626,EURUSD,2,2025-08-11 15:10:00,2025-08-11 17:40:00,1338.31,13.38,0.1,1.1623,1.16364,1.15978,1.15978,WIN,0.35,25.2,24.85,1363.16,True
TR-EURUSD-2025-08-12T073000-0627,EURUSD,5,2025-08-12 07:30:00,2025-08-12 07:50:00,1363.16,13.63,0.22,1.16173,1.1624,1.16054,1.16245,LOSS,0.77,-15.84,-16.61,1346.55,True
TR-EURUSD-2025-08-13T035000-0628,EURUSD,2,2025-08-13 03:50:00,2025-08-13 05:10:00,1346.55,13.47,0.19,1.16748,1.16671,1.1688,1.16744,BREAKEVEN,0.67,-0.57,-1.24,1345.32,True
TR-EURUSD-2025-08-13T093000-0629,EURUSD,2,2025-08-13 09:30:00,2025-08-13 09:40:00,1345.32,13.45,0.36,1.16788,1.16741,1.16853,1.16853,WIN,1.26,23.76,22.5,1367.82,True
TR-EURUSD-2025-08-13T103000-0630,EURUSD,5,2025-08-13 10:30:00,2025-08-13 15:50:00,1367.82,13.68,0.09,1.17048,1.16883,1.17356,1.17044,BREAKEVEN,0.32,-0.27,-0.59,1367.23,True
TR-EURUSD-2025-08-14T153000-0631,EURUSD,5,2025-08-14 15:30:00,2025-08-15 09:00:00,1367.23,13.67,0.06,1.1669,1.16932,1.1622,1.16693,BREAKEVEN,0.21,-0.18,-0.39,1366.84,True
TR-EURUSD-2025-08-15T151000-0632,EURUSD,5,2025-08-15 15:10:00,2025-08-15 16:00:00,1366.84,13.67,0.24,1.16865,1.16798,1.16972,1.16972,WIN,0.84,25.68,24.84,1391.68,True
TR-EURUSD-2025-08-18T103000-0633,EURUSD,5,2025-08-18 10:30:00,2025-08-18 11:00:00,1391.68,13.92,0.2,1.16984,1.16907,1.17111,1.16902,LOSS,0.7,-16.4,-17.1,1374.58,True
TR-EURUSD-2025-08-18T150000-0634,EURUSD,2,2025-08-18 15:00:00,2025-08-18 20:20:00,1374.58,13.75,0.13,1.16785,1.16898,1.16574,1.16574,WIN,0.46,27.43,26.98,1401.56,True
TR-EURUSD-2025-08-19T034000-0635,EURUSD,2,2025-08-19 03:40:00,2025-08-19 04:30:00,1401.56,14.02,0.23,1.16643,1.16709,1.16526,1.16526,WIN,0.81,26.91,26.11,1427.66,True
TR-EURUSD-2025-08-19T085000-0636,EURUSD,2,2025-08-19 08:50:00,2025-08-19 09:30:00,1427.66,14.28,0.19,1.16609,1.16691,1.16461,1.16613,BREAKEVEN,0.67,-0.57,-1.24,1426.43,True
TR-EURUSD-2025-08-20T031000-0637,EURUSD,5,2025-08-20 03:10:00,2025-08-20 06:40:00,1426.43,14.26,0.15,1.16365,1.16466,1.16179,1.16369,BREAKEVEN,0.53,-0.45,-0.98,1425.45,True
TR-EURUSD-2025-08-20T092000-0638,EURUSD,5,2025-08-20 09:20:00,2025-08-20 10:30:00,1425.45,14.25,0.12,1.16339,1.16459,1.16114,1.16464,LOSS,0.42,-15.0,-15.42,1410.03,True
TR-EURUSD-2025-08-21T032000-0639,EURUSD,5,2025-08-21 03:20:00,2025-08-21 04:40:00,1410.03,14.1,0.28,1.16495,1.16551,1.16398,1.16498,BREAKEVEN,0.98,-0.84,-1.82,1408.21,True
TR-EURUSD-2025-08-21T100000-0640,EURUSD,5,2025-08-21 10:00:00,2025-08-21 10:20:00,1408.21,14.08,0.15,1.16301,1.16399,1.16121,1.16404,LOSS,0.53,-15.38,-15.9,1392.31,True
TR-EURUSD-2025-08-21T150000-0641,EURUSD,2,2025-08-21 15:00:00,2025-08-21 15:40:00,1392.31,13.92,0.14,1.16435,1.16539,1.16242,1.16544,LOSS,0.49,-15.26,-15.75,1376.56,True
TR-EURUSD-2025-08-25T150000-0642,EURUSD,2,2025-08-25 15:00:00,2025-08-25 17:00:00,1376.56,13.77,0.18,1.16983,1.16896,1.17131,1.1698,BREAKEVEN,0.63,-0.54,-1.17,1375.39,True
TR-EURUSD-2025-08-26T030000-0643,EURUSD,5,2025-08-26 03:00:00,2025-08-26 03:10:00,1375.39,13.75,0.24,1.16135,1.16198,1.16024,1.16203,LOSS,0.84,-16.32,-17.16,1358.23,True
TR-EURUSD-2025-08-26T092000-0644,EURUSD,5,2025-08-26 09:20:00,2025-08-26 12:20:00,1358.23,13.58,0.08,1.16276,1.16445,1.15952,1.16279,BREAKEVEN,0.28,-0.24,-0.52,1357.71,True
TR-EURUSD-2025-08-27T035000-0645,EURUSD,2,2025-08-27 03:50:00,2025-08-27 07:00:00,1357.71,13.58,0.21,1.16372,1.16443,1.16246,1.16246,WIN,0.73,26.46,25.73,1383.44,True
TR-EURUSD-2025-08-27T103000-0646,EURUSD,2,2025-08-27 10:30:00,2025-08-27 11:40:00,1383.44,13.83,0.1,1.16107,1.16254,1.15828,1.15828,WIN,0.35,27.9,27.55,1410.99,True
TR-EURUSD-2025-08-28T091000-0647,EURUSD,2,2025-08-28 09:10:00,2025-08-28 11:10:00,1410.99,14.11,0.21,1.16404,1.16325,1.16527,1.1632,LOSS,0.73,-17.54,-18.27,1392.72,True
TR-EURUSD-2025-08-28T151000-0648,EURUSD,2,2025-08-28 15:10:00,2025-08-28 16:30:00,1392.72,13.93,0.12,1.1671,1.16588,1.16927,1.16583,LOSS,0.42,-15.24,-15.66,1377.06,True
TR-EURUSD-2025-08-29T090000-0649,EURUSD,2,2025-08-29 09:00:00,2025-08-29 11:30:00,1377.06,13.77,0.21,1.16674,1.16596,1.16796,1.16796,WIN,0.73,25.62,24.89,1401.94,True
TR-EURUSD-2025-09-01T035000-0650,EURUSD,2,2025-09-01 03:50:00,2025-09-01 04:30:00,1401.94,14.02,0.23,1.16964,1.16896,1.17079,1.16891,LOSS,0.81,-16.79,-17.6,1384.35,True
TR-EURUSD-2025-09-02T101000-0651,EURUSD,2,2025-09-02 10:10:00,2025-09-02 10:20:00,1384.35,13.84,0.2,1.17011,1.17087,1.16875,1.16875,WIN,0.7,27.2,26.5,1410.85,True
TR-EURUSD-2025-09-02T103000-0652,EURUSD,2,2025-09-02 10:30:00,2025-09-02 11:00:00,1410.85,14.11,0.06,1.16852,1.17076,1.16418,1.16418,WIN,0.21,26.04,25.83,1436.68,True
TR-EURUSD-2025-09-02T153000-0653,EURUSD,2,2025-09-02 15:30:00,2025-09-02 16:10:00,1436.68,14.37,0.1,1.16351,1.16504,1.16061,1.16354,BREAKEVEN,0.35,-0.3,-0.65,1436.03,True
TR-EURUSD-2025-09-03T101000-0654,EURUSD,2,2025-09-03 10:10:00,2025-09-03 10:20:00,1436.03,14.36,0.16,1.1634,1.16436,1.16163,1.16163,WIN,0.56,28.32,27.76,1463.79,True
TR-EURUSD-2025-09-03T103000-0655,EURUSD,2,2025-09-03 10:30:00,2025-09-03 11:00:00,1463.79,14.64,0.11,1.16237,1.16371,1.15984,1.16376,LOSS,0.39,-15.29,-15.68,1448.11,True
TR-EURUSD-2025-09-04T032000-0656,EURUSD,2,2025-09-04 03:20:00,2025-09-04 05:50:00,1448.11,14.48,0.17,1.16622,1.16532,1.16781,1.16527,LOSS,0.6,-16.15,-16.75,1431.37,True
TR-EURUSD-2025-09-04T105000-0657,EURUSD,2,2025-09-04 10:50:00,2025-09-04 11:40:00,1431.37,14.31,0.2,1.1651,1.16587,1.16372,1.16592,LOSS,0.7,-16.3,-17.0,1414.37,True
TR-EURUSD-2025-09-04T153000-0658,EURUSD,5,2025-09-04 15:30:00,2025-09-05 03:40:00,1414.37,14.14,0.1,1.16439,1.16583,1.16167,1.16588,LOSS,0.35,-14.85,-15.2,1399.17,True
TR-EURUSD-2025-09-05T093000-0659,EURUSD,2,2025-09-05 09:30:00,2025-09-05 10:00:00,1399.17,13.99,0.33,1.16746,1.16695,1.16823,1.1669,LOSS,1.16,-18.32,-19.47,1379.7,True
TR-EURUSD-2025-09-05T151000-0660,EURUSD,5,2025-09-05 15:10:00,2025-09-05 15:30:00,1379.7,13.8,0.11,1.16896,1.16757,1.17148,1.17148,WIN,0.39,27.83,27.44,1407.14,True
TR-EURUSD-2025-09-05T154000-0661,EURUSD,2,2025-09-05 15:40:00,2025-09-05 16:20:00,1407.14,14.07,0.07,1.17152,1.16939,1.17553,1.17148,BREAKEVEN,0.25,-0.21,-0.46,1406.69,True
TR-EURUSD-2025-09-08T040000-0662,EURUSD,5,2025-09-08 04:00:00,2025-09-08 10:00:00,1406.69,14.07,0.2,1.1711,1.1703,1.17239,1.17239,WIN,0.7,25.8,25.1,1431.79,True
TR-EURUSD-2025-09-10T022000-0663,EURUSD,2,2025-09-10 02:20:00,2025-09-10 04:30:00,1431.79,14.32,0.16,1.17073,1.17167,1.169,1.169,WIN,0.56,27.68,27.12,1458.91,True
TR-EURUSD-2025-09-10T085000-0664,EURUSD,2,2025-09-10 08:50:00,2025-09-10 10:00:00,1458.91,14.59,0.21,1.1711,1.17185,1.16975,1.16975,WIN,0.73,28.35,27.62,1486.52,True
TR-EURUSD-2025-09-10T152000-0665,EURUSD,5,2025-09-10 15:20:00,2025-09-10 15:30:00,1486.52,14.87,0.16,1.17004,1.17103,1.16821,1.17108,LOSS,0.56,-16.64,-17.2,1469.32,True
TR-EURUSD-2025-09-11T101000-0666,EURUSD,5,2025-09-11 10:10:00,2025-09-11 15:20:00,1469.32,14.69,0.24,1.16913,1.16979,1.16796,1.16796,WIN,0.84,28.08,27.24,1496.56,True
TR-EURUSD-2025-09-12T084000-0667,EURUSD,5,2025-09-12 08:40:00,2025-09-12 10:10:00,1496.56,14.97,0.19,1.17295,1.17209,1.17441,1.17441,WIN,0.67,27.74,27.08,1523.64,True
TR-EURUSD-2025-09-15T101000-0668,EURUSD,5,2025-09-15 10:10:00,2025-09-15 13:30:00,1523.64,15.24,0.11,1.1729,1.17149,1.17551,1.17551,WIN,0.39,28.71,28.32,1551.96,True
TR-EURUSD-2025-09-15T150000-0669,EURUSD,5,2025-09-15 15:00:00,2025-09-15 16:30:00,1551.96,15.52,0.22,1.17603,1.17524,1.17734,1.176,BREAKEVEN,0.77,-0.66,-1.43,1550.53,True
TR-EURUSD-2025-09-16T091000-0670,EURUSD,5,2025-09-16 09:10:00,2025-09-16 10:10:00,1550.53,15.51,0.24,1.17773,1.177,1.17895,1.17895,WIN,0.84,29.28,28.44,1578.97,True
TR-EURUSD-2025-09-18T030000-0671,EURUSD,5,2025-09-18 03:00:00,2025-09-18 04:00:00,1578.97,15.79,0.26,1.18248,1.18313,1.18133,1.18251,BREAKEVEN,0.91,-0.78,-1.69,1577.28,True
TR-EURUSD-2025-09-18T042000-0672,EURUSD,2,2025-09-18 04:20:00,2025-09-18 08:00:00,1577.28,15.77,0.13,1.18192,1.18322,1.17948,1.17948,WIN,0.46,31.72,31.27,1608.55,True
TR-EURUSD-2025-09-18T081000-0673,EURUSD,5,2025-09-18 08:10:00,2025-09-18 10:10:00,1608.55,16.09,0.13,1.17958,1.18092,1.17706,1.18097,LOSS,0.46,-18.01,-18.46,1590.09,True
TR-EURUSD-2025-09-18T150000-0674,EURUSD,5,2025-09-18 15:00:00,2025-09-18 15:30:00,1590.09,15.9,0.17,1.18244,1.18344,1.18061,1.18061,WIN,0.6,31.28,30.68,1620.77,True
TR-EURUSD-2025-09-19T031000-0675,EURUSD,5,2025-09-19 03:10:00,2025-09-19 06:10:00,1620.77,16.21,0.18,1.17835,1.17931,1.17658,1.17838,BREAKEVEN,0.63,-0.54,-1.17,1619.6,True
TR-EURUSD-2025-09-19T072000-0676,EURUSD,2,2025-09-19 07:20:00,2025-09-19 07:30:00,1619.6,16.2,0.38,1.17882,1.1793,1.17803,1.17803,WIN,1.33,30.4,29.07,1648.67,True
TR-EURUSD-2025-09-19T074000-0677,EURUSD,5,2025-09-19 07:40:00,2025-09-19 14:50:00,1648.67,16.49,0.11,1.17768,1.1793,1.1746,1.1746,WIN,0.39,33.88,33.49,1682.17,True
TR-EURUSD-2025-09-22T030000-0678,EURUSD,5,2025-09-22 03:00:00,2025-09-22 04:00:00,1682.17,16.82,0.25,1.17364,1.17435,1.17237,1.17367,BREAKEVEN,0.88,-0.75,-1.63,1680.54,True
TR-EURUSD-2025-09-22T151000-0679,EURUSD,2,2025-09-22 15:10:00,2025-09-22 15:40:00,1680.54,16.81,0.4,1.17724,1.17676,1.17801,1.17801,WIN,1.4,30.8,29.4,1709.94,True
TR-EURUSD-2025-09-22T155000-0680,EURUSD,2,2025-09-22 15:50:00,2025-09-22 17:10:00,1709.94,17.1,0.2,1.17796,1.17703,1.17958,1.17698,LOSS,0.7,-19.6,-20.3,1689.64,True
TR-EURUSD-2025-09-23T034000-0681,EURUSD,2,2025-09-23 03:40:00,2025-09-23 04:50:00,1689.64,16.9,0.22,1.18029,1.17943,1.1817,1.1817,WIN,0.77,31.02,30.25,1719.89,True
TR-EURUSD-2025-09-23T095000-0682,EURUSD,2,2025-09-23 09:50:00,2025-09-23 10:10:00,1719.89,17.2,0.19,1.17988,1.17889,1.18167,1.17884,LOSS,0.67,-19.86,-20.52,1699.37,True
TR-EURUSD-2025-09-23T155000-0683,EURUSD,2,2025-09-23 15:50:00,2025-09-23 20:40:00,1699.37,16.99,0.18,1.17942,1.17836,1.18122,1.18122,WIN,0.63,32.4,31.77,1731.14,True
TR-EURUSD-2025-09-24T153000-0684,EURUSD,5,2025-09-24 15:30:00,2025-09-24 16:40:00,1731.14,17.31,0.2,1.17521,1.17615,1.1735,1.1735,WIN,0.7,34.4,33.7,1764.84,True
TR-EURUSD-2025-09-25T103000-0685,EURUSD,2,2025-09-25 10:30:00,2025-09-25 12:00:00,1764.84,17.65,0.22,1.1742,1.17504,1.17267,1.17423,BREAKEVEN,0.77,-0.66,-1.43,1763.41,True
TR-EURUSD-2025-09-25T151000-0686,EURUSD,2,2025-09-25 15:10:00,2025-09-25 15:30:00,1763.41,17.63,0.44,1.174,1.17445,1.17325,1.17325,WIN,1.54,33.0,31.46,1794.87,True
TR-EURUSD-2025-09-25T154000-0687,EURUSD,2,2025-09-25 15:40:00,2025-09-25 20:10:00,1794.87,17.95,0.07,1.17169,1.17426,1.1667,1.1667,WIN,0.25,34.93,34.69,1829.56,True
TR-EURUSD-2025-09-26T095000-0688,EURUSD,2,2025-09-26 09:50:00,2025-09-26 11:40:00,1829.56,18.3,0.2,1.16748,1.16845,1.16569,1.1685,LOSS,0.7,-20.4,-21.1,1808.46,True
TR-EURUSD-2025-09-29T102000-0689,EURUSD,2,2025-09-29 10:20:00,2025-09-29 11:20:00,1808.46,18.08,0.19,1.17268,1.1716,1.1745,1.17155,LOSS,0.67,-21.38,-22.04,1786.42,True
TR-EURUSD-2025-09-29T150000-0690,EURUSD,5,2025-09-29 15:00:00,2025-09-29 20:40:00,1786.42,17.86,0.11,1.17228,1.17056,1.1755,1.17224,BREAKEVEN,0.39,-0.33,-0.72,1785.7,True
TR-EURUSD-2025-09-30T031000-0691,EURUSD,2,2025-09-30 03:10:00,2025-09-30 03:40:00,1785.7,17.86,0.33,1.173,1.17233,1.17396,1.17228,LOSS,1.16,-23.6,-24.75,1760.95,True
TR-EURUSD-2025-09-30T150000-0692,EURUSD,2,2025-09-30 15:00:00,2025-09-30 15:40:00,1760.95,17.61,0.43,1.17375,1.17328,1.17449,1.17372,BREAKEVEN,1.5,-1.29,-2.8,1758.16,True
TR-EURUSD-2025-10-01T073000-0693,EURUSD,5,2025-10-01 07:30:00,2025-10-01 08:00:00,1758.16,17.58,0.2,1.1744,1.17344,1.17604,1.17604,WIN,0.7,32.8,32.1,1790.26,True
TR-EURUSD-2025-10-01T100000-0694,EURUSD,2,2025-10-01 10:00:00,2025-10-01 10:30:00,1790.26,17.9,0.4,1.17706,1.17652,1.17787,1.17647,LOSS,1.4,-23.6,-25.0,1765.26,True
TR-EURUSD-2025-10-01T152000-0695,EURUSD,2,2025-10-01 15:20:00,2025-10-01 19:00:00,1765.26,17.65,0.07,1.17464,1.17203,1.17963,1.17198,LOSS,0.25,-18.66,-18.9,1746.36,True
TR-EURUSD-2025-10-02T032000-0696,EURUSD,5,2025-10-02 03:20:00,2025-10-02 04:40:00,1746.36,17.46,0.2,1.17294,1.17388,1.17121,1.17393,LOSS,0.7,-19.8,-20.5,1725.86,True
TR-EURUSD-2025-10-03T080000-0697,EURUSD,5,2025-10-03 08:00:00,2025-10-03 10:40:00,1725.86,17.26,0.21,1.17188,1.17276,1.17028,1.17281,LOSS,0.73,-19.43,-20.16,1705.7,True
TR-EURUSD-2025-10-06T070000-0698,EURUSD,5,2025-10-06 07:00:00,2025-10-06 09:10:00,1705.7,17.06,0.26,1.17261,1.17331,1.17137,1.17137,WIN,0.91,32.24,31.33,1737.03,True
TR-EURUSD-2025-10-06T104000-0699,EURUSD,5,2025-10-06 10:40:00,2025-10-06 10:50:00,1737.03,17.37,0.11,1.16981,1.1715,1.16658,1.16658,WIN,0.39,35.53,35.15,1772.17,True
TR-EURUSD-2025-10-07T074000-0700,EURUSD,5,2025-10-07 07:40:00,2025-10-07 08:30:00,1772.17,17.72,0.28,1.17036,1.17104,1.16916,1.16916,WIN,0.98,33.6,32.62,1804.79,True
TR-EURUSD-2025-10-07T105000-0701,EURUSD,2,2025-10-07 10:50:00,2025-10-07 18:30:00,1804.79,18.05,0.14,1.16751,1.16882,1.16506,1.16754,BREAKEVEN,0.49,-0.42,-0.91,1803.88,True
TR-EURUSD-2025-10-08T030000-0702,EURUSD,5,2025-10-08 03:00:00,2025-10-08 04:30:00,1803.88,18.04,0.2,1.16527,1.1662,1.16356,1.16356,WIN,0.7,34.2,33.5,1837.38,True
TR-EURUSD-2025-10-08T104000-0703,EURUSD,1,2025-10-08 10:40:00,2025-10-08 10:50:00,1837.38,18.37,0.44,1.16165,1.16212,1.16087,1.16217,LOSS,1.54,-22.66,-24.2,1813.18,True
TR-EURUSD-2025-10-09T094000-0704,EURUSD,5,2025-10-09 09:40:00,2025-10-09 13:00:00,1813.18,18.13,0.17,1.16247,1.1636,1.16038,1.16251,BREAKEVEN,0.6,-0.51,-1.11,1812.08,True
TR-EURUSD-2025-10-09T150000-0705,EURUSD,5,2025-10-09 15:00:00,2025-10-09 17:00:00,1812.08,18.12,0.21,1.16148,1.16238,1.15983,1.15983,WIN,0.73,34.65,33.91,1845.99,True
TR-EURUSD-2025-10-10T031000-0706,EURUSD,1,2025-10-10 03:10:00,2025-10-10 04:00:00,1845.99,18.46,0.3,1.15628,1.15696,1.15508,1.15701,LOSS,1.05,-21.75,-22.8,1823.19,True
TR-EURUSD-2025-10-10T072000-0707,EURUSD,2,2025-10-10 07:20:00,2025-10-10 08:20:00,1823.19,18.23,0.3,1.15698,1.15763,1.15583,1.15768,LOSS,1.05,-21.0,-22.05,1801.14,True
TR-EURUSD-2025-10-10T090000-0708,EURUSD,5,2025-10-10 09:00:00,2025-10-10 11:10:00,1801.14,18.01,0.21,1.15706,1.15797,1.15537,1.15802,LOSS,0.73,-20.27,-21.0,1780.14,True
TR-EURUSD-2025-10-13T035000-0709,EURUSD,2,2025-10-13 03:50:00,2025-10-13 05:10:00,1780.14,17.8,0.2,1.16088,1.15988,1.16249,1.16249,WIN,0.7,32.2,31.5,1811.64,True
TR-EURUSD-2025-10-13T092000-0710,EURUSD,2,2025-10-13 09:20:00,2025-10-13 10:00:00,1811.64,18.12,0.18,1.16217,1.16111,1.16408,1.16106,LOSS,0.63,-19.98,-20.61,1791.03,True
TR-EURUSD-2025-10-13T150000-0711,EURUSD,2,2025-10-13 15:00:00,2025-10-14 04:30:00,1791.03,17.91,0.12,1.15727,1.1588,1.15436,1.1573,BREAKEVEN,0.42,-0.36,-0.78,1790.25,True
TR-EURUSD-2025-10-14T103000-0712,EURUSD,2,2025-10-14 10:30:00,2025-10-14 16:20:00,1790.25,17.9,0.16,1.15647,1.15765,1.15426,1.1565,BREAKEVEN,0.56,-0.48,-1.04,1789.21,True
TR-EURUSD-2025-10-15T031000-0713,EURUSD,2,2025-10-15 03:10:00,2025-10-15 04:20:00,1789.21,17.89,0.3,1.16049,1.15982,1.16159,1.16159,WIN,1.05,33.0,31.95,1821.16,True
TR-EURUSD-2025-10-15T095000-0714,EURUSD,2,2025-10-15 09:50:00,2025-10-15 10:30:00,1821.16,18.21,0.2,1.16294,1.16193,1.16469,1.16291,BREAKEVEN,0.7,-0.6,-1.3,1819.86,True
TR-EURUSD-2025-10-16T032000-0715,EURUSD,2,2025-10-16 03:20:00,2025-10-16 03:40:00,1819.86,18.2,0.23,1.16486,1.16394,1.16631,1.16631,WIN,0.81,33.35,32.54,1852.41,True
TR-EURUSD-2025-10-16T085000-0716,EURUSD,2,2025-10-16 08:50:00,2025-10-16 10:20:00,1852.41,18.52,0.28,1.16585,1.16512,1.16707,1.16507,LOSS,0.98,-21.84,-22.82,1829.59,True
TR-EURUSD-2025-10-17T035000-0717,EURUSD,5,2025-10-17 03:50:00,2025-10-17 08:40:00,1829.59,18.3,0.25,1.17039,1.16958,1.17182,1.17182,WIN,0.88,35.75,34.88,1864.46,True
TR-EURUSD-2025-10-17T105000-0718,EURUSD,2,2025-10-17 10:50:00,2025-10-17 12:00:00,1864.46,18.64,0.16,1.17098,1.16971,1.17316,1.16966,LOSS,0.56,-21.12,-21.68,1842.78,True
TR-EURUSD-2025-10-20T100000-0719,EURUSD,6,2025-10-20 10:00:00,2025-10-20 15:20:00,1842.78,18.43,0.22,1.16591,1.1668,1.16429,1.16594,BREAKEVEN,0.77,-0.66,-1.43,1841.35,True
TR-EURUSD-2025-10-21T151000-0720,EURUSD,2,2025-10-21 15:10:00,2025-10-21 19:10:00,1841.35,18.41,0.15,1.16102,1.16231,1.15859,1.16236,LOSS,0.53,-20.1,-20.63,1820.73,True
TR-EURUSD-2025-10-22T091000-0721,EURUSD,2,2025-10-22 09:10:00,2025-10-22 11:20:00,1820.73,18.21,0.19,1.16089,1.16188,1.15907,1.15907,WIN,0.67,34.58,33.92,1854.64,True
TR-EURUSD-2025-10-22T154000-0722,EURUSD,6,2025-10-22 15:40:00,2025-10-22 16:30:00,1854.64,18.55,0.22,1.1583,1.1592,1.15665,1.15925,LOSS,0.77,-20.9,-21.67,1832.97,True
TR-EURUSD-2025-10-23T031000-0723,EURUSD,2,2025-10-23 03:10:00,2025-10-23 11:20:00,1832.97,18.33,0.25,1.16038,1.16117,1.15894,1.16041,BREAKEVEN,0.88,-0.75,-1.63,1831.35,True
TR-EURUSD-2025-10-23T152000-0724,EURUSD,2,2025-10-23 15:20:00,2025-10-23 15:40:00,1831.35,18.31,0.21,1.15877,1.15969,1.15708,1.15974,LOSS,0.73,-20.37,-21.11,1810.24,True
TR-EURUSD-2025-10-24T094000-0725,EURUSD,2,2025-10-24 09:40:00,2025-10-24 10:30:00,1810.24,18.1,0.2,1.16079,1.15981,1.1625,1.16076,BREAKEVEN,0.7,-0.6,-1.3,1808.94,True
TR-EURUSD-2025-10-24T104000-0726,EURUSD,2,2025-10-24 10:40:00,2025-10-24 15:30:00,1808.94,18.09,0.13,1.16169,1.16019,1.1643,1.16166,BREAKEVEN,0.46,-0.39,-0.85,1808.1,True
TR-EURUSD-2025-10-24T154000-0727,EURUSD,2,2025-10-24 15:40:00,2025-10-27 06:10:00,1808.1,18.08,0.11,1.16258,1.16077,1.16587,1.16255,BREAKEVEN,0.39,-0.33,-0.72,1807.38,True
TR-EURUSD-2025-10-27T081000-0728,EURUSD,5,2025-10-27 08:10:00,2025-10-27 09:30:00,1807.38,18.07,0.28,1.16281,1.16207,1.164,1.16202,LOSS,0.98,-21.98,-22.96,1784.42,True
TR-EURUSD-2025-10-27T102000-0729,EURUSD,2,2025-10-27 10:20:00,2025-10-27 12:10:00,1784.42,17.84,0.2,1.16243,1.16144,1.16415,1.16415,WIN,0.7,34.4,33.7,1818.12,True
TR-EURUSD-2025-10-28T103000-0730,EURUSD,5,2025-10-28 10:30:00,2025-10-28 11:10:00,1818.12,18.18,0.23,1.1656,1.16472,1.16709,1.16467,LOSS,0.81,-21.39,-22.2,1795.93,True
TR-EURUSD-2025-10-29T020000-0731,EURUSD,2,2025-10-29 02:00:00,2025-10-29 04:30:00,1795.93,17.96,0.22,1.16541,1.16448,1.16692,1.16443,LOSS,0.77,-21.45,-22.22,1773.71,True
TR-EURUSD-2025-10-29T102000-0732,EURUSD,2,2025-10-29 10:20:00,2025-10-29 11:40:00,1773.71,17.74,0.22,1.16292,1.16378,1.16136,1.16383,LOSS,0.77,-19.91,-20.68,1753.03,True
TR-EURUSD-2025-10-30T102000-0733,EURUSD,2,2025-10-30 10:20:00,2025-10-30 11:30:00,1753.03,17.53,0.19,1.16136,1.16235,1.15954,1.1624,LOSS,0.67,-19.67,-20.33,1732.7,True
TR-EURUSD-2025-10-31T040000-0734,EURUSD,5,2025-10-31 04:00:00,2025-10-31 11:00:00,1732.7,17.33,0.19,1.15708,1.15804,1.15531,1.15711,BREAKEVEN,0.67,-0.57,-1.24,1731.46,True
TR-EURUSD-2025-10-31T152000-0735,EURUSD,2,2025-10-31 15:20:00,2025-10-31 16:20:00,1731.46,17.31,0.17,1.15512,1.15618,1.15316,1.15316,WIN,0.6,33.32,32.73,1764.19,True
TR-EURUSD-2025-11-03T022000-0736,EURUSD,2,2025-11-03 02:20:00,2025-11-03 06:10:00,1764.19,17.64,0.25,1.15266,1.15342,1.15128,1.15347,LOSS,0.88,-20.38,-21.25,1742.94,True
TR-EURUSD-2025-11-03T101000-0737,EURUSD,2,2025-11-03 10:10:00,2025-11-03 10:50:00,1742.94,17.43,0.17,1.15334,1.15439,1.15138,1.15138,WIN,0.6,33.32,32.72,1775.66,True
TR-EURUSD-2025-11-03T152000-0738,EURUSD,5,2025-11-03 15:20:00,2025-11-03 18:00:00,1775.66,17.76,0.16,1.15132,1.15247,1.14917,1.15252,LOSS,0.56,-19.2,-19.76,1755.9,True
TR-EURUSD-2025-11-04T105000-0739,EURUSD,2,2025-11-04 10:50:00,2025-11-04 12:00:00,1755.9,17.56,0.21,1.15221,1.15311,1.15057,1.15057,WIN,0.73,34.44,33.71,1789.61,True
TR-EURUSD-2025-11-05T031000-0740,EURUSD,2,2025-11-05 03:10:00,2025-11-05 03:30:00,1789.61,17.9,0.3,1.14816,1.14881,1.14702,1.14886,LOSS,1.05,-20.85,-21.9,1767.71,True
TR-EURUSD-2025-11-05T152000-0741,EURUSD,2,2025-11-05 15:20:00,2025-11-05 16:00:00,1767.71,17.68,0.25,1.14874,1.14951,1.14736,1.14736,WIN,0.88,34.5,33.62,1801.33,True
TR-EURUSD-2025-11-06T030000-0742,EURUSD,5,2025-11-06 03:00:00,2025-11-06 08:10:00,1801.33,18.01,0.32,1.15002,1.14938,1.15106,1.15106,WIN,1.12,33.28,32.16,1833.49,True
TR-EURUSD-2025-11-06T101000-0743,EURUSD,2,2025-11-06 10:10:00,2025-11-06 11:20:00,1833.49,18.33,0.26,1.15124,1.15045,1.15258,1.15121,BREAKEVEN,0.91,-0.78,-1.69,1831.8,True
TR-EURUSD-2025-11-06T154000-0744,EURUSD,5,2025-11-06 15:40:00,2025-11-06 16:40:00,1831.8,18.32,0.22,1.15364,1.15273,1.15526,1.15268,LOSS,0.77,-21.23,-22.0,1809.8,True
TR-EURUSD-2025-11-07T101000-0745,EURUSD,2,2025-11-07 10:10:00,2025-11-07 13:20:00,1809.8,18.1,0.21,1.15369,1.15274,1.15532,1.15532,WIN,0.73,34.23,33.5,1843.3,True
TR-EURUSD-2025-11-07T151000-0746,EURUSD,2,2025-11-07 15:10:00,2025-11-07 16:10:00,1843.3,18.43,0.27,1.15601,1.15521,1.15727,1.15727,WIN,0.95,34.02,33.08,1876.37,False
TR-EURUSD-2025-11-10T152000-0747,EURUSD,2,2025-11-10 15:20:00,2025-11-10 16:50:00,1876.37,18.76,0.17,1.15724,1.15607,1.15934,1.15602,LOSS,0.6,-20.74,-21.34,1855.04,True
TR-EURUSD-2025-11-11T103000-0748,EURUSD,2,2025-11-11 10:30:00,2025-11-11 11:00:00,1855.04,18.55,0.23,1.15645,1.15557,1.158,1.15552,LOSS,0.81,-21.39,-22.2,1832.84,True
TR-EURUSD-2025-11-11T150000-0749,EURUSD,2,2025-11-11 15:00:00,2025-11-11 15:20:00,1832.84,18.33,0.45,1.15732,1.15684,1.15806,1.15806,WIN,1.57,33.3,31.73,1864.57,True
TR-EURUSD-2025-11-11T153000-0750,EURUSD,2,2025-11-11 15:30:00,2025-11-12 12:30:00,1864.57,18.65,0.1,1.15856,1.1567,1.16206,1.15665,LOSS,0.35,-19.15,-19.5,1845.07,True
TR-EURUSD-2025-11-13T094000-0751,EURUSD,5,2025-11-13 09:40:00,2025-11-13 11:00:00,1845.07,18.45,0.13,1.15963,1.15813,1.16236,1.16236,WIN,0.46,35.49,35.04,1880.1,True
TR-EURUSD-2025-11-14T073000-0752,EURUSD,2,2025-11-14 07:30:00,2025-11-14 08:50:00,1880.1,18.8,0.43,1.16441,1.16388,1.1652,1.16383,LOSS,1.5,-24.94,-26.45,1853.66,True
TR-EURUSD-2025-11-14T150000-0753,EURUSD,2,2025-11-14 15:00:00,2025-11-14 16:50:00,1853.66,18.54,0.1,1.1645,1.16265,1.16799,1.1626,LOSS,0.35,-19.0,-19.35,1834.31,True
TR-EURUSD-2025-11-17T021000-0754,EURUSD,5,2025-11-17 02:10:00,2025-11-17 09:30:00,1834.31,18.34,0.18,1.16123,1.16229,1.15927,1.16126,BREAKEVEN,0.63,-0.54,-1.17,1833.14,True
TR-EURUSD-2025-11-17T102000-0755,EURUSD,5,2025-11-17 10:20:00,2025-11-17 15:10:00,1833.14,18.33,0.21,1.16093,1.16184,1.15927,1.15927,WIN,0.73,34.86,34.12,1867.26,True
TR-EURUSD-2025-11-18T030000-0756,EURUSD,6,2025-11-18 03:00:00,2025-11-18 03:40:00,1867.26,18.67,0.37,1.1587,1.15925,1.15775,1.1593,LOSS,1.29,-22.2,-23.5,1843.77,True
TR-EURUSD-2025-11-18T100000-0757,EURUSD,2,2025-11-18 10:00:00,2025-11-18 10:10:00,1843.77,18.44,0.29,1.15932,1.16001,1.15809,1.16006,LOSS,1.01,-21.46,-22.48,1821.29,True
TR-EURUSD-2025-11-18T104000-0758,EURUSD,5,2025-11-18 10:40:00,2025-11-18 15:20:00,1821.29,18.21,0.15,1.15966,1.1609,1.15733,1.15969,BREAKEVEN,0.53,-0.45,-0.98,1820.32,True
TR-EURUSD-2025-11-19T101000-0759,EURUSD,2,2025-11-19 10:10:00,2025-11-19 14:00:00,1820.32,18.2,0.16,1.15862,1.1598,1.15639,1.15865,BREAKEVEN,0.56,-0.48,-1.04,1819.28,True
TR-EURUSD-2025-11-19T150000-0760,EURUSD,2,2025-11-19 15:00:00,2025-11-19 15:20:00,1819.28,18.19,0.24,1.158,1.15882,1.15652,1.15887,LOSS,0.84,-20.76,-21.6,1797.68,True
TR-EURUSD-2025-11-19T154000-0761,EURUSD,2,2025-11-19 15:40:00,2025-11-19 16:20:00,1797.68,17.98,0.17,1.15831,1.15944,1.1562,1.1562,WIN,0.6,35.87,35.27,1832.95,True
TR-EURUSD-2025-11-20T101000-0762,EURUSD,2,2025-11-20 10:10:00,2025-11-20 11:30:00,1832.95,18.33,0.28,1.15168,1.1524,1.1504,1.15245,LOSS,0.98,-21.42,-22.4,1810.55,True
TR-EURUSD-2025-11-21T102000-0763,EURUSD,2,2025-11-21 10:20:00,2025-11-21 11:10:00,1810.55,18.11,0.24,1.15445,1.1536,1.15591,1.15355,LOSS,0.84,-21.6,-22.44,1788.11,True
TR-EURUSD-2025-11-25T085000-0764,EURUSD,5,2025-11-25 08:50:00,2025-11-25 09:10:00,1788.11,17.88,0.33,1.1518,1.15239,1.15079,1.15244,LOSS,1.16,-20.96,-22.11,1766.0,True
TR-EURUSD-2025-11-25T152000-0765,EURUSD,2,2025-11-25 15:20:00,2025-11-25 20:10:00,1766.0,17.66,0.1,1.15516,1.15334,1.1585,1.1585,WIN,0.35,33.4,33.05,1799.05,True
TR-EURUSD-2025-11-26T033000-0766,EURUSD,5,2025-11-26 03:30:00,2025-11-26 04:30:00,1799.05,17.99,0.24,1.15718,1.15636,1.1586,1.1586,WIN,0.84,34.08,33.24,1832.29,True
TR-EURUSD-2025-11-26T152000-0767,EURUSD,2,2025-11-26 15:20:00,2025-11-26 15:40:00,1832.29,18.32,0.21,1.15769,1.15675,1.15936,1.1567,LOSS,0.73,-20.79,-21.53,1810.77,True
TR-EURUSD-2025-11-27T034000-0768,EURUSD,5,2025-11-27 03:40:00,2025-11-27 05:00:00,1810.77,18.11,0.28,1.16045,1.15971,1.16164,1.16042,BREAKEVEN,0.98,-0.84,-1.82,1808.95,True
TR-EURUSD-2025-11-27T152000-0769,EURUSD,5,2025-11-27 15:20:00,2025-11-28 03:40:00,1808.95,18.09,0.25,1.15876,1.15794,1.16015,1.15872,BREAKEVEN,0.88,-0.75,-1.63,1807.32,True
TR-EURUSD-2025-11-28T100000-0770,EURUSD,5,2025-11-28 10:00:00,2025-11-28 13:00:00,1807.32,18.07,0.16,1.15807,1.15924,1.15588,1.15588,WIN,0.56,35.04,34.48,1841.8,True
TR-EURUSD-2025-12-01T031000-0771,EURUSD,2,2025-12-01 03:10:00,2025-12-01 04:20:00,1841.8,18.42,0.17,1.16093,1.15974,1.16303,1.15969,LOSS,0.6,-21.0,-21.59,1820.21,True
TR-EURUSD-2025-12-01T091000-0772,EURUSD,5,2025-12-01 09:10:00,2025-12-01 09:50:00,1820.21,18.2,0.26,1.1597,1.15891,1.16101,1.16101,WIN,0.91,34.06,33.15,1853.36,True
TR-EURUSD-2025-12-01T102000-0773,EURUSD,5,2025-12-01 10:20:00,2025-12-01 14:40:00,1853.36,18.53,0.16,1.16132,1.16005,1.16359,1.16359,WIN,0.56,36.32,35.76,1889.12,True
TR-EURUSD-2025-12-02T150000-0774,EURUSD,2,2025-12-02 15:00:00,2025-12-02 17:10:00,1889.12,18.89,0.3,1.16158,1.16087,1.16279,1.16082,LOSS,1.05,-22.8,-23.85,1865.27,True
TR-EURUSD-2025-12-03T030000-0775,EURUSD,2,2025-12-03 03:00:00,2025-12-03 04:50:00,1865.27,18.65,0.48,1.16312,1.16265,1.16381,1.16381,WIN,1.68,33.12,31.44,1896.71,True
TR-EURUSD-2025-12-04T075000-0776,EURUSD,5,2025-12-04 07:50:00,2025-12-04 08:30:00,1896.71,18.97,0.35,1.16604,1.16542,1.16702,1.16537,LOSS,1.22,-23.63,-24.85,1871.86,True
TR-EURUSD-2025-12-04T095000-0777,EURUSD,5,2025-12-04 09:50:00,2025-12-04 10:20:00,1871.86,18.72,0.3,1.16599,1.16525,1.16714,1.16714,WIN,1.05,34.5,33.45,1905.31,True
TR-EURUSD-2025-12-04T104000-0778,EURUSD,2,2025-12-04 10:40:00,2025-12-04 15:30:00,1905.31,19.05,0.15,1.16762,1.16622,1.17013,1.16617,LOSS,0.53,-21.68,-22.2,1883.11,True
TR-EURUSD-2025-12-05T152000-0779,EURUSD,2,2025-12-05 15:20:00,2025-12-05 16:10:00,1883.11,18.83,0.23,1.16476,1.16564,1.16315,1.16569,LOSS,0.81,-21.39,-22.2,1860.92,True
TR-EURUSD-2025-12-08T150000-0780,EURUSD,2,2025-12-08 15:00:00,2025-12-08 17:00:00,1860.92,18.61,0.27,1.16518,1.16441,1.16651,1.16436,LOSS,0.95,-22.14,-23.09,1837.83,True
TR-EURUSD-2025-12-09T081000-0781,EURUSD,2,2025-12-09 08:10:00,2025-12-09 10:30:00,1837.83,18.38,0.26,1.16449,1.16526,1.16311,1.16452,BREAKEVEN,0.91,-0.78,-1.69,1836.14,True
TR-EURUSD-2025-12-10T033000-0782,EURUSD,5,2025-12-10 03:30:00,2025-12-10 08:20:00,1836.14,18.36,0.27,1.16242,1.16314,1.16113,1.16319,LOSS,0.95,-20.79,-21.74,1814.41,True
TR-EURUSD-2025-12-10T154000-0783,EURUSD,5,2025-12-10 15:40:00,2025-12-10 17:10:00,1814.41,18.14,0.24,1.16324,1.16241,1.16464,1.16464,WIN,0.84,33.6,32.76,1847.17,True
TR-EURUSD-2025-12-11T091000-0784,EURUSD,5,2025-12-11 09:10:00,2025-12-11 10:40:00,1847.17,18.47,0.26,1.16899,1.16818,1.17028,1.17028,WIN,0.91,33.54,32.63,1879.8,True
TR-EURUSD-2025-12-11T153000-0785,EURUSD,5,2025-12-11 15:30:00,2025-12-11 15:50:00,1879.8,18.8,0.25,1.17184,1.17099,1.17324,1.17324,WIN,0.88,35.0,34.13,1913.92,True
TR-EURUSD-2025-12-12T020000-0786,EURUSD,5,2025-12-12 02:00:00,2025-12-12 03:50:00,1913.92,19.14,0.37,1.17402,1.17342,1.17497,1.17337,LOSS,1.29,-23.87,-25.16,1888.76,True
TR-EURUSD-2025-12-12T101000-0787,EURUSD,2,2025-12-12 10:10:00,2025-12-12 11:00:00,1888.76,18.89,0.44,1.17379,1.17326,1.17455,1.17321,LOSS,1.54,-25.52,-27.06,1861.7,True
TR-EURUSD-2025-12-12T151000-0788,EURUSD,2,2025-12-12 15:10:00,2025-12-12 17:10:00,1861.7,18.62,0.2,1.17262,1.1716,1.17445,1.17445,WIN,0.7,36.6,35.9,1897.6,True
TR-EURUSD-2025-12-15T035000-0789,EURUSD,2,2025-12-15 03:50:00,2025-12-15 15:40:00,1897.6,18.98,0.18,1.17381,1.17267,1.17582,1.17582,WIN,0.63,36.18,35.55,1933.15,True
TR-EURUSD-2025-12-16T100000-0790,EURUSD,2,2025-12-16 10:00:00,2025-12-16 10:10:00,1933.15,19.33,0.52,1.17499,1.17451,1.17562,1.17562,WIN,1.82,32.76,30.94,1964.09,True
TR-EURUSD-2025-12-16T102000-0791,EURUSD,2,2025-12-16 10:20:00,2025-12-16 15:30:00,1964.09,19.64,0.18,1.17578,1.17463,1.17783,1.17783,WIN,0.63,36.9,36.27,2000.36,True
TR-EURUSD-2025-12-17T041000-0792,EURUSD,5,2025-12-17 04:10:00,2025-12-17 07:00:00,2000.36,20.0,0.29,1.17435,1.17509,1.17302,1.17302,WIN,1.01,38.57,37.56,2037.92,True
TR-EURUSD-2025-12-18T104000-0793,EURUSD,2,2025-12-18 10:40:00,2025-12-18 14:20:00,2037.92,20.38,0.26,1.17318,1.17402,1.17166,1.17166,WIN,0.91,39.52,38.61,2076.53,True
TR-EURUSD-2025-12-19T033000-0794,EURUSD,5,2025-12-19 03:30:00,2025-12-19 09:50:00,2076.53,20.77,0.29,1.17239,1.17315,1.17102,1.17102,WIN,1.01,39.73,38.72,2115.24,False
TR-EURUSD-2025-12-19T150000-0795,EURUSD,5,2025-12-19 15:00:00,2025-12-19 16:00:00,2115.24,21.15,0.28,1.17088,1.17169,1.16942,1.17174,LOSS,0.98,-23.94,-24.92,2090.32,True
TR-EURUSD-2025-12-22T105000-0796,EURUSD,2,2025-12-22 10:50:00,2025-12-22 16:30:00,2090.32,20.9,0.19,1.17334,1.17217,1.17547,1.17547,WIN,0.67,40.47,39.81,2130.13,True
TR-EURUSD-2025-12-23T034000-0797,EURUSD,2,2025-12-23 03:40:00,2025-12-23 04:50:00,2130.13,21.3,0.45,1.17684,1.17627,1.1777,1.1777,WIN,1.57,38.7,37.12,2167.25,True
TR-EURUSD-2025-12-23T072000-0798,EURUSD,2,2025-12-23 07:20:00,2025-12-23 08:40:00,2167.25,21.67,0.35,1.17775,1.17707,1.17892,1.17702,LOSS,1.22,-25.73,-26.95,2140.3,True
TR-EURUSD-2025-12-23T100000-0799,EURUSD,2,2025-12-23 10:00:00,2025-12-23 12:30:00,2140.3,21.4,0.23,1.17784,1.17683,1.17965,1.17965,WIN,0.81,41.63,40.83,2181.13,True
TR-EURUSD-2025-12-24T030000-0800,EURUSD,2,2025-12-24 03:00:00,2025-12-24 05:10:00,2181.13,21.81,0.31,1.17963,1.17882,1.18096,1.1796,BREAKEVEN,1.08,-0.93,-2.02,2179.11,True
TR-EURUSD-2025-12-25T094000-0801,EURUSD,2,2025-12-25 09:40:00,2025-12-25 09:50:00,2179.11,21.79,0.3,1.17725,1.17803,1.17584,1.17808,LOSS,1.05,-24.9,-25.95,2153.16,True
TR-USDJPY-2024-01-02T034000-0001,USDJPY,2,2024-01-02 03:40:00,2024-01-02 08:00:00,200.0,2.0,0.01,141.3465,141.15,141.7035,141.3435,BREAKEVEN,0.04,-0.03,-0.06,199.94,True
TR-USDJPY-2024-01-02T085000-0002,USDJPY,5,2024-01-02 08:50:00,2024-01-02 10:10:00,199.94,2.0,0.02,141.4315,141.322,141.6145,141.4285,BREAKEVEN,0.07,-0.06,-0.13,199.81,True
TR-USDJPY-2024-01-02T104000-0003,USDJPY,2,2024-01-02 10:40:00,2024-01-02 11:40:00,199.81,2.0,0.02,141.399,141.26,141.641,141.396,BREAKEVEN,0.07,-0.06,-0.13,199.68,True
TR-USDJPY-2024-01-02T155000-0004,USDJPY,5,2024-01-02 15:50:00,2024-01-02 16:20:00,199.68,2.0,0.02,141.998,141.875,142.205,141.995,BREAKEVEN,0.07,-0.06,-0.13,199.55,True
TR-USDJPY-2024-01-03T030000-0005,USDJPY,1,2024-01-03 03:00:00,2024-01-03 03:40:00,199.55,2.0,0.02,141.9335,141.826,142.1155,141.9305,BREAKEVEN,0.07,-0.06,-0.13,199.42,True
TR-USDJPY-2024-01-03T071000-0006,USDJPY,5,2024-01-03 07:10:00,2024-01-03 09:20:00,199.42,1.99,0.02,141.97,141.869,142.13,142.13,WIN,0.07,3.2,3.13,202.55,True
TR-USDJPY-2024-01-03T100000-0007,USDJPY,5,2024-01-03 10:00:00,2024-01-03 10:30:00,202.55,2.03,0.02,142.3935,142.289,142.5725,142.5725,WIN,0.07,3.58,3.51,206.06,True
TR-USDJPY-2024-01-04T033000-0008,USDJPY,2,2024-01-04 03:30:00,2024-01-04 05:30:00,206.06,2.06,0.01,143.283,143.103,143.607,143.28,BREAKEVEN,0.04,-0.03,-0.06,205.99,True
TR-USDJPY-2024-01-04T070000-0009,USDJPY,5,2024-01-04 07:00:00,2024-01-04 07:40:00,205.99,2.06,0.02,143.513,143.385,143.733,143.733,WIN,0.07,4.4,4.33,210.32,True
TR-USDJPY-2024-01-04T153000-0010,USDJPY,5,2024-01-04 15:30:00,2024-01-04 15:40:00,210.32,2.1,0.02,144.25,144.133,144.445,144.445,WIN,0.07,3.9,3.83,214.15,True
TR-USDJPY-2024-01-04T155000-0011,USDJPY,2,2024-01-04 15:50:00,2024-01-04 16:50:00,214.15,2.14,0.01,144.433,144.214,144.826,144.826,WIN,0.04,3.93,3.9,218.05,True
TR-USDJPY-2024-01-05T045000-0012,USDJPY,5,2024-01-05 04:50:00,2024-01-05 07:20:00,218.05,2.18,0.02,144.7635,144.651,144.9525,144.7605,BREAKEVEN,0.07,-0.06,-0.13,217.92,True
TR-USDJPY-2024-01-05T081000-0013,USDJPY,5,2024-01-05 08:10:00,2024-01-05 08:30:00,217.92,2.18,0.01,144.8005,144.63,145.1115,145.1115,WIN,0.04,3.11,3.08,220.99,True
TR-USDJPY-2024-01-05T085000-0014,USDJPY,5,2024-01-05 08:50:00,2024-01-05 10:20:00,220.99,2.21,0.01,145.2355,144.929,145.8185,144.924,LOSS,0.04,-3.11,-3.15,217.84,True
TR-USDJPY-2024-01-05T153000-0015,USDJPY,2,2024-01-05 15:30:00,2024-01-05 15:40:00,217.84,2.18,0.04,145.119,145.053,145.203,145.203,WIN,0.14,3.36,3.22,221.06,True
TR-USDJPY-2024-01-05T155000-0016,USDJPY,2,2024-01-05 15:50:00,2024-01-05 16:30:00,221.06,2.21,0.01,145.57,145.053,146.571,145.048,LOSS,0.04,-5.22,-5.25,215.81,True
TR-USDJPY-2024-01-08T082000-0017,USDJPY,5,2024-01-08 08:20:00,2024-01-08 09:20:00,215.81,2.16,0.01,144.3235,144.478,144.0295,144.3265,BREAKEVEN,0.04,-0.03,-0.06,215.74,True
TR-USDJPY-2024-01-08T153000-0018,USDJPY,5,2024-01-08 15:30:00,2024-01-08 16:50:00,215.74,2.16,0.01,144.4435,144.608,144.1295,144.1295,WIN,0.04,3.14,3.11,218.85,True
TR-USDJPY-2024-01-09T023000-0019,USDJPY,5,2024-01-09 02:30:00,2024-01-09 04:00:00,218.85,2.19,0.01,144.028,144.293,143.513,143.513,WIN,0.04,5.15,5.11,223.96,True
TR-USDJPY-2024-01-09T154000-0020,USDJPY,2,2024-01-09 15:40:00,2024-01-09 17:30:00,223.96,2.24,0.01,143.983,144.173,143.618,143.986,BREAKEVEN,0.04,-0.03,-0.06,223.9,True
TR-USDJPY-2024-01-10T031000-0021,USDJPY,5,2024-01-10 03:10:00,2024-01-10 09:00:00,223.9,2.24,0.01,144.67,144.492,145.002,145.002,WIN,0.04,3.32,3.29,227.18,True
TR-USDJPY-2024-01-10T105000-0022,USDJPY,5,2024-01-10 10:50:00,2024-01-10 14:50:00,227.18,2.27,0.02,144.957,144.815,145.208,145.208,WIN,0.07,5.02,4.95,232.13,True
TR-USDJPY-2024-01-10T150000-0023,USDJPY,5,2024-01-10 15:00:00,2024-01-10 18:10:00,232.13,2.32,0.01,145.2475,145.0,145.7095,145.7095,WIN,0.04,4.62,4.59,236.72,True
TR-USDJPY-2024-01-11T105000-0024,USDJPY,2,2024-01-11 10:50:00,2024-01-11 13:00:00,236.72,2.37,0.02,145.4195,145.297,145.6405,145.4165,BREAKEVEN,0.07,-0.06,-0.13,236.59,True
TR-USDJPY-2024-01-11T153000-0025,USDJPY,2,2024-01-11 15:30:00,2024-01-11 15:40:00,236.59,2.37,0.04,145.3845,145.299,145.4985,145.4985,WIN,0.14,4.56,4.42,241.01,True
TR-USDJPY-2024-01-11T155000-0026,USDJPY,2,2024-01-11 15:50:00,2024-01-12 05:10:00,241.01,2.41,0.01,145.8945,144.933,147.7815,144.928,LOSS,0.04,-9.66,-9.7,231.31,True
TR-USDJPY-2024-01-12T095000-0027,USDJPY,5,2024-01-12 09:50:00,2024-01-12 10:10:00,231.31,2.31,0.03,145.183,145.268,145.028,145.028,WIN,0.1,4.65,4.55,235.85,False
TR-USDJPY-2024-01-12T102000-0028,USDJPY,2,2024-01-12 10:20:00,2024-01-12 12:20:00,235.85,2.36,0.01,145.025,145.205,144.68,145.21,LOSS,0.04,-1.85,-1.88,233.97,True
TR-USDJPY-2024-01-12T153000-0029,USDJPY,5,2024-01-12 15:30:00,2024-01-12 17:10:00,233.97,2.34,0.01,145.2195,145.601,144.4715,144.4715,WIN,0.04,7.48,7.44,241.41,True
TR-USDJPY-2024-01-15T103000-0030,USDJPY,5,2024-01-15 10:30:00,2024-01-15 11:40:00,241.41,2.41,0.03,145.396,145.3,145.552,145.552,WIN,0.1,4.68,4.58,245.99,True
TR-USDJPY-2024-01-16T025000-0031,USDJPY,5,2024-01-16 02:50:00,2024-01-16 04:30:00,245.99,2.46,0.02,145.768,145.593,146.079,146.079,WIN,0.07,6.22,6.15,252.14,True
TR-USDJPY-2024-01-16T074000-0032,USDJPY,5,2024-01-16 07:40:00,2024-01-16 08:40:00,252.14,2.52,0.02,146.172,146.051,146.378,146.046,LOSS,0.07,-2.52,-2.59,249.55,True
TR-USDJPY-2024-01-16T092000-0033,USDJPY,2,2024-01-16 09:20:00,2024-01-16 09:50:00,249.55,2.5,0.03,146.1465,146.039,146.3285,146.034,LOSS,0.1,-3.37,-3.48,246.07,True
TR-USDJPY-2024-01-16T100000-0034,USDJPY,2,2024-01-16 10:00:00,2024-01-16 10:40:00,246.07,2.46,0.02,146.124,145.995,146.361,146.361,WIN,0.07,4.74,4.67,250.74,True
TR-USDJPY-2024-01-17T020000-0035,USDJPY,2,2024-01-17 02:00:00,2024-01-17 02:10:00,250.74,2.51,0.06,147.2725,147.216,147.3495,147.3495,WIN,0.21,4.62,4.41,255.15,True
TR-USDJPY-2024-01-17T071000-0036,USDJPY,5,2024-01-17 07:10:00,2024-01-17 07:40:00,255.15,2.55,0.02,147.371,147.256,147.568,147.568,WIN,0.07,3.94,3.87,259.02,True
TR-USDJPY-2024-01-17T153000-0037,USDJPY,2,2024-01-17 15:30:00,2024-01-17 15:40:00,259.02,2.59,0.05,147.7075,147.637,147.7915,147.7915,WIN,0.18,4.2,4.03,263.04,True
TR-USDJPY-2024-01-18T020000-0038,USDJPY,2,2024-01-18 02:00:00,2024-01-18 02:40:00,263.04,2.63,0.06,148.1545,148.101,148.2225,148.2225,WIN,0.21,4.08,3.87,266.91,True
TR-USDJPY-2024-01-18T150000-0039,USDJPY,2,2024-01-18 15:00:00,2024-01-18 15:30:00,266.91,2.67,0.02,147.921,147.79,148.15,148.15,WIN,0.07,4.58,4.51,271.42,True
TR-USDJPY-2024-01-19T032000-0040,USDJPY,5,2024-01-19 03:20:00,2024-01-19 07:20:00,271.42,2.71,0.02,148.1355,147.97,148.4305,148.4305,WIN,0.07,5.9,5.83,277.25,True
TR-USDJPY-2024-01-19T074000-0041,USDJPY,5,2024-01-19 07:40:00,2024-01-19 09:00:00,277.25,2.77,0.02,148.531,148.348,148.861,148.528,BREAKEVEN,0.07,-0.06,-0.13,277.12,True
TR-USDJPY-2024-01-22T023000-0042,USDJPY,2,2024-01-22 02:30:00,2024-01-22 03:10:00,277.12,2.77,0.02,148.123,147.983,148.361,147.978,LOSS,0.07,-2.9,-2.97,274.15,True
TR-USDJPY-2024-01-22T044000-0043,USDJPY,5,2024-01-22 04:40:00,2024-01-22 07:30:00,274.15,2.74,0.02,147.8405,147.959,147.6185,147.964,LOSS,0.07,-2.47,-2.54,271.61,True
TR-USDJPY-2024-01-22T154000-0044,USDJPY,5,2024-01-22 15:40:00,2024-01-22 18:10:00,271.61,2.72,0.02,147.802,147.928,147.565,147.933,LOSS,0.07,-2.62,-2.69,268.92,True
TR-USDJPY-2024-01-23T042000-0045,USDJPY,5,2024-01-23 04:20:00,2024-01-23 05:10:00,268.92,2.69,0.02,148.182,148.058,148.382,148.382,WIN,0.07,4.0,3.93,272.85,True
TR-USDJPY-2024-01-23T085000-0046,USDJPY,5,2024-01-23 08:50:00,2024-01-23 09:40:00,272.85,2.73,0.01,147.7085,148.194,146.7525,147.7115,BREAKEVEN,0.04,-0.03,-0.06,272.79,True
TR-USDJPY-2024-01-24T100000-0047,USDJPY,5,2024-01-24 10:00:00,2024-01-24 11:30:00,272.79,2.73,0.02,147.767,147.928,147.46,147.46,WIN,0.07,6.14,6.07,278.86,True
TR-USDJPY-2024-01-24T150000-0048,USDJPY,5,2024-01-24 15:00:00,2024-01-24 15:30:00,278.86,2.79,0.02,147.2645,147.437,146.9345,146.9345,WIN,0.07,6.6,6.53,285.39,True
TR-USDJPY-2024-01-24T155000-0049,USDJPY,5,2024-01-24 15:50:00,2024-01-24 16:50:00,285.39,2.85,0.02,146.8945,147.073,146.5525,146.8975,BREAKEVEN,0.07,-0.06,-0.13,285.26,True
TR-USDJPY-2024-01-25T102000-0050,USDJPY,2,2024-01-25 10:20:00,2024-01-25 13:40:00,285.26,2.85,0.01,147.763,147.532,148.192,147.527,LOSS,0.04,-2.36,-2.39,282.86,True
TR-USDJPY-2024-01-25T154000-0051,USDJPY,2,2024-01-25 15:40:00,2024-01-26 11:10:00,282.86,2.83,0.01,147.5095,147.971,146.6015,147.976,LOSS,0.04,-4.66,-4.7,278.16,True
TR-USDJPY-2024-01-26T153000-0052,USDJPY,2,2024-01-26 15:30:00,2024-01-26 15:40:00,278.16,2.78,0.07,147.703,147.637,147.76,147.76,WIN,0.25,3.99,3.75,281.91,True
TR-USDJPY-2024-01-30T035000-0053,USDJPY,2,2024-01-30 03:50:00,2024-01-30 05:00:00,281.91,2.82,0.02,147.31,147.45,147.045,147.455,LOSS,0.07,-2.9,-2.97,278.94,True
TR-USDJPY-2024-01-30T072000-0054,USDJPY,5,2024-01-30 07:20:00,2024-01-30 10:10:00,278.94,2.79,0.04,147.3345,147.416,147.1865,147.3375,BREAKEVEN,0.14,-0.12,-0.26,278.68,True
TR-USDJPY-2024-01-31T022000-0055,USDJPY,5,2024-01-31 02:20:00,2024-01-31 03:50:00,278.68,2.79,0.01,147.284,147.533,146.801,147.538,LOSS,0.04,-2.54,-2.57,276.1,True
TR-USDJPY-2024-02-01T100000-0056,USDJPY,5,2024-02-01 10:00:00,2024-02-01 11:40:00,276.1,2.76,0.02,146.852,147.019,146.533,146.855,BREAKEVEN,0.07,-0.06,-0.13,275.97,True
TR-USDJPY-2024-02-01T153000-0057,USDJPY,5,2024-02-01 15:30:00,2024-02-01 16:30:00,275.97,2.76,0.01,146.828,147.035,146.429,146.429,WIN,0.04,3.99,3.96,279.93,True
TR-USDJPY-2024-02-02T021000-0058,USDJPY,5,2024-02-02 02:10:00,2024-02-02 03:40:00,279.93,2.8,0.02,146.409,146.546,146.15,146.412,BREAKEVEN,0.07,-0.06,-0.13,279.8,True
TR-USDJPY-2024-02-02T154000-0059,USDJPY,2,2024-02-02 15:40:00,2024-02-02 18:40:00,279.8,2.8,0.01,147.1715,146.556,148.3665,148.3665,WIN,0.04,11.95,11.91,291.71,True
TR-USDJPY-2024-02-05T023000-0060,USDJPY,5,2024-02-05 02:30:00,2024-02-05 03:10:00,291.71,2.92,0.02,148.5875,148.393,148.9345,148.5845,BREAKEVEN,0.07,-0.06,-0.13,291.58,True
TR-USDJPY-2024-02-05T071000-0061,USDJPY,2,2024-02-05 07:10:00,2024-02-05 08:00:00,291.58,2.92,0.02,148.4455,148.319,148.6715,148.314,LOSS,0.07,-2.63,-2.7,288.88,True
TR-USDJPY-2024-02-05T100000-0062,USDJPY,2,2024-02-05 10:00:00,2024-02-05 11:10:00,288.88,2.89,0.03,148.4415,148.328,148.6325,148.4385,BREAKEVEN,0.1,-0.09,-0.19,288.69,True
TR-USDJPY-2024-02-05T150000-0063,USDJPY,5,2024-02-05 15:00:00,2024-02-05 17:00:00,288.69,2.89,0.02,148.5685,148.4,148.8815,148.395,LOSS,0.07,-3.47,-3.54,285.15,True
TR-USDJPY-2024-02-06T025000-0064,USDJPY,2,2024-02-06 02:50:00,2024-02-06 03:10:00,285.15,2.85,0.04,148.648,148.563,148.785,148.558,LOSS,0.14,-3.6,-3.74,281.41,True
TR-USDJPY-2024-02-06T102000-0065,USDJPY,2,2024-02-06 10:20:00,2024-02-06 15:00:00,281.41,2.81,0.02,148.58,148.439,148.832,148.577,BREAKEVEN,0.07,-0.06,-0.13,281.28,True
TR-USDJPY-2024-02-07T030000-0066,USDJPY,2,2024-02-07 03:00:00,2024-02-07 04:10:00,281.28,2.81,0.03,147.847,147.958,147.64,147.85,BREAKEVEN,0.1,-0.09,-0.19,281.08,True
TR-USDJPY-2024-02-07T092000-0067,USDJPY,2,2024-02-07 09:20:00,2024-02-07 12:40:00,281.08,2.81,0.02,147.9145,148.091,147.5765,148.096,LOSS,0.07,-3.63,-3.7,277.38,True
TR-USDJPY-2024-02-08T033000-0068,USDJPY,5,2024-02-08 03:30:00,2024-02-08 03:40:00,277.38,2.77,0.02,147.985,148.103,147.764,148.108,LOSS,0.07,-2.46,-2.53,274.85,True
TR-USDJPY-2024-02-08T101000-0069,USDJPY,2,2024-02-08 10:10:00,2024-02-08 11:00:00,274.85,2.75,0.05,148.7895,148.729,148.8805,148.724,LOSS,0.18,-3.27,-3.45,271.4,True
TR-USDJPY-2024-02-08T153000-0070,USDJPY,2,2024-02-08 15:30:00,2024-02-08 15:40:00,271.4,2.71,0.04,149.1945,149.122,149.3035,149.3035,WIN,0.14,4.36,4.22,275.62,True
TR-USDJPY-2024-02-08T155000-0071,USDJPY,2,2024-02-08 15:50:00,2024-02-12 10:10:00,275.62,2.76,0.01,149.3525,149.063,149.9015,149.058,LOSS,0.04,-2.94,-2.98,272.64,True
TR-USDJPY-2024-02-12T102000-0072,USDJPY,2,2024-02-12 10:20:00,2024-02-12 11:00:00,272.64,2.73,0.03,149.068,149.167,148.885,149.172,LOSS,0.1,-3.12,-3.23,269.42,True
TR-USDJPY-2024-02-13T032000-0073,USDJPY,2,2024-02-13 03:20:00,2024-02-13 05:10:00,269.42,2.69,0.04,149.345,149.258,149.474,149.474,WIN,0.14,5.16,5.02,274.44,True
TR-USDJPY-2024-02-13T092000-0074,USDJPY,5,2024-02-13 09:20:00,2024-02-13 12:00:00,274.44,2.74,0.03,149.5455,149.424,149.7525,149.5425,BREAKEVEN,0.1,-0.09,-0.19,274.24,True
TR-USDJPY-2024-02-13T153000-0075,USDJPY,2,2024-02-13 15:30:00,2024-02-13 15:40:00,274.24,2.74,0.07,149.336,149.279,149.405,149.405,WIN,0.25,4.83,4.59,278.83,True
TR-USDJPY-2024-02-13T155000-0076,USDJPY,2,2024-02-13 15:50:00,2024-02-27 15:40:00,278.83,2.79,0.01,150.2065,149.189,152.2085,150.286,WIN,0.04,0.8,0.76,279.59,True
TR-USDJPY-2024-02-28T031000-0077,USDJPY,5,2024-02-28 03:10:00,2024-02-28 06:40:00,279.59,2.8,0.04,150.4615,150.378,150.5925,150.5925,WIN,0.14,5.24,5.1,284.69,True
TR-USDJPY-2024-02-28T150000-0078,USDJPY,2,2024-02-28 15:00:00,2024-02-28 19:00:00,284.69,2.85,0.03,150.6935,150.594,150.8625,150.6905,BREAKEVEN,0.1,-0.09,-0.19,284.49,True
TR-USDJPY-2024-02-29T035000-0079,USDJPY,5,2024-02-29 03:50:00,2024-02-29 04:20:00,284.49,2.84,0.02,150.354,150.507,150.063,150.063,WIN,0.07,5.82,5.75,290.24,True
TR-USDJPY-2024-02-29T153000-0080,USDJPY,5,2024-02-29 15:30:00,2024-02-29 17:00:00,290.24,2.9,0.01,149.9705,150.183,149.5605,149.5605,WIN,0.04,4.1,4.06,294.31,True
TR-USDJPY-2024-03-01T100000-0081,USDJPY,2,2024-03-01 10:00:00,2024-03-01 10:40:00,294.31,2.94,0.04,150.477,150.398,150.605,150.605,WIN,0.14,5.12,4.98,299.29,True
TR-USDJPY-2024-03-01T105000-0082,USDJPY,5,2024-03-01 10:50:00,2024-03-01 11:10:00,299.29,2.99,0.03,150.637,150.528,150.822,150.523,LOSS,0.1,-3.42,-3.52,295.76,True
TR-USDJPY-2024-03-04T024000-0083,USDJPY,5,2024-03-04 02:40:00,2024-03-04 03:10:00,295.76,2.96,0.02,149.921,150.09,149.598,150.095,LOSS,0.07,-3.48,-3.55,292.21,True
TR-USDJPY-2024-03-04T105000-0084,USDJPY,2,2024-03-04 10:50:00,2024-03-04 15:20:00,292.21,2.92,0.02,150.2935,150.164,150.5225,150.5225,WIN,0.07,4.58,4.51,296.72,True
TR-USDJPY-2024-03-04T153000-0085,USDJPY,5,2024-03-04 15:30:00,2024-03-04 17:00:00,296.72,2.97,0.03,150.522,150.399,150.747,150.394,LOSS,0.1,-3.84,-3.94,292.78,True
TR-USDJPY-2024-03-05T154000-0086,USDJPY,2,2024-03-05 15:40:00,2024-03-05 17:00:00,292.78,2.93,0.03,150.206,150.317,149.999,149.999,WIN,0.1,6.21,6.1,298.88,True
TR-USDJPY-2024-03-06T082000-0087,USDJPY,5,2024-03-06 08:20:00,2024-03-06 09:10:00,298.88,2.99,0.04,149.8745,149.955,149.7285,149.7285,WIN,0.14,5.84,5.7,304.58,True
TR-USDJPY-2024-03-06T151000-0088,USDJPY,5,2024-03-06 15:10:00,2024-03-06 15:30:00,304.58,3.05,0.03,149.572,149.681,149.369,149.575,BREAKEVEN,0.1,-0.09,-0.19,304.39,True
TR-USDJPY-2024-03-07T150000-0089,USDJPY,5,2024-03-07 15:00:00,2024-03-07 15:30:00,304.39,3.04,0.04,147.831,147.909,147.69,147.69,WIN,0.14,5.64,5.5,309.89,True
TR-USDJPY-2024-03-08T021000-0090,USDJPY,5,2024-03-08 02:10:00,2024-03-08 03:10:00,309.89,3.1,0.02,147.794,147.972,147.453,147.797,BREAKEVEN,0.07,-0.06,-0.13,309.76,True
TR-USDJPY-2024-03-08T035000-0091,USDJPY,1,2024-03-08 03:50:00,2024-03-08 08:10:00,309.76,3.1,0.02,147.9685,148.099,147.7225,147.9715,BREAKEVEN,0.07,-0.06,-0.13,309.63,True
TR-USDJPY-2024-03-08T094000-0092,USDJPY,5,2024-03-08 09:40:00,2024-03-08 11:20:00,309.63,3.1,0.02,147.926,148.079,147.635,147.635,WIN,0.07,5.82,5.75,315.38,True
TR-USDJPY-2024-03-08T153000-0093,USDJPY,5,2024-03-08 15:30:00,2024-03-12 07:50:00,315.38,3.15,0.01,146.9715,147.531,145.8675,147.536,LOSS,0.04,-5.65,-5.68,309.7,True
TR-USDJPY-2024-03-12T102000-0094,USDJPY,2,2024-03-12 10:20:00,2024-03-12 14:30:00,309.7,3.1,0.03,147.4025,147.28,147.6175,147.3995,BREAKEVEN,0.1,-0.09,-0.19,309.5,True
TR-USDJPY-2024-03-12T150000-0095,USDJPY,2,2024-03-12 15:00:00,2024-03-13 02:10:00,309.5,3.1,0.01,147.514,147.052,148.399,147.511,BREAKEVEN,0.04,-0.03,-0.06,309.44,True
TR-USDJPY-2024-03-13T103000-0096,USDJPY,2,2024-03-13 10:30:00,2024-03-13 11:00:00,309.44,3.09,0.06,147.7325,147.673,147.8215,147.8215,WIN,0.21,5.34,5.13,314.57,True
TR-USDJPY-2024-03-14T025000-0097,USDJPY,2,2024-03-14 02:50:00,2024-03-14 04:40:00,314.57,3.15,0.03,147.638,147.535,147.811,147.811,WIN,0.1,5.19,5.09,319.65,False
TR-USDJPY-2024-03-14T104000-0098,USDJPY,5,2024-03-14 10:40:00,2024-03-14 13:00:00,319.65,3.2,0.04,147.8345,147.738,148.0005,147.733,LOSS,0.14,-4.06,-4.2,315.45,True
TR-USDJPY-2024-03-14T150000-0099,USDJPY,2,2024-03-14 15:00:00,2024-03-14 15:20:00,315.45,3.15,0.02,147.7845,147.569,148.1825,147.7815,BREAKEVEN,0.07,-0.06,-0.13,315.32,True
TR-USDJPY-2024-03-14T155000-0100,USDJPY,2,2024-03-14 15:50:00,2024-03-15 10:40:00,315.32,3.15,0.01,147.956,147.53,148.757,148.757,WIN,0.04,8.01,7.97,323.3,True
TR-USDJPY-2024-03-15T153000-0101,USDJPY,5,2024-03-15 15:30:00,2024-03-15 17:50:00,323.3,3.23,0.03,148.8395,148.71,149.0655,149.0655,WIN,0.1,6.78,6.67,329.97,True
TR-USDJPY-2024-03-18T022000-0102,USDJPY,5,2024-03-18 02:20:00,2024-03-18 03:00:00,329.97,3.3,0.03,149.038,148.901,149.276,149.276,WIN,0.1,7.14,7.03,337.01,True
TR-USDJPY-2024-03-18T031000-0103,USDJPY,2,2024-03-18 03:10:00,2024-03-18 04:30:00,337.01,3.37,0.02,149.2605,149.088,149.5755,149.083,LOSS,0.07,-3.55,-3.62,333.39,True
TR-USDJPY-2024-03-18T091000-0104,USDJPY,5,2024-03-18 09:10:00,2024-03-18 10:00:00,333.39,3.33,0.03,149.234,149.124,149.424,149.119,LOSS,0.1,-3.45,-3.56,329.83,True
TR-USDJPY-2024-03-18T105000-0105,USDJPY,1,2024-03-18 10:50:00,2024-03-18 13:10:00,329.83,3.3,0.04,149.115,149.02,149.272,149.112,BREAKEVEN,0.14,-0.12,-0.26,329.57,True
TR-USDJPY-2024-03-19T030000-0106,USDJPY,2,2024-03-19 03:00:00,2024-03-19 05:40:00,329.57,3.3,0.04,149.228,149.126,149.399,149.399,WIN,0.14,6.84,6.7,336.27,True
TR-USDJPY-2024-03-19T153000-0107,USDJPY,5,2024-03-19 15:30:00,2024-03-19 17:30:00,336.27,3.36,0.03,150.548,150.416,150.776,150.776,WIN,0.1,6.84,6.74,343.01,True
TR-USDJPY-2024-03-20T101000-0108,USDJPY,2,2024-03-20 10:10:00,2024-03-20 11:50:00,343.01,3.43,0.03,151.486,151.339,151.741,151.741,WIN,0.1,7.65,7.55,350.55,True
TR-USDJPY-2024-03-21T031000-0109,USDJPY,2,2024-03-21 03:10:00,2024-03-21 07:10:00,350.55,3.51,0.01,150.5445,150.804,150.0405,150.809,LOSS,0.04,-2.64,-2.68,347.87,True
TR-USDJPY-2024-03-21T153000-0110,USDJPY,2,2024-03-21 15:30:00,2024-03-21 17:30:00,347.87,3.48,0.02,151.296,151.125,151.605,151.605,WIN,0.07,6.18,6.11,353.98,True
TR-USDJPY-2024-03-22T033000-0111,USDJPY,5,2024-03-22 03:30:00,2024-03-22 03:40:00,353.98,3.54,0.03,151.5915,151.461,151.8195,151.8195,WIN,0.1,6.84,6.73,360.72,False
TR-USDJPY-2024-03-22T035000-0112,USDJPY,2,2024-03-22 03:50:00,2024-03-22 04:50:00,360.72,3.61,0.01,151.748,151.486,152.236,151.481,LOSS,0.04,-2.67,-2.7,358.01,True
TR-USDJPY-2024-03-22T105000-0113,USDJPY,2,2024-03-22 10:50:00,2024-03-22 14:10:00,358.01,3.58,0.03,151.523,151.375,151.786,151.37,LOSS,0.1,-4.59,-4.69,353.32,True
TR-USDJPY-2024-03-25T032000-0114,USDJPY,5,2024-03-25 03:20:00,2024-03-25 03:50:00,353.32,3.53,0.04,151.24,151.342,151.051,151.243,BREAKEVEN,0.14,-0.12,-0.26,353.06,True
TR-USDJPY-2024-03-25T041000-0115,USDJPY,2,2024-03-25 04:10:00,2024-03-25 06:10:00,353.06,3.53,0.03,151.1795,151.301,150.9515,151.306,LOSS,0.1,-3.79,-3.9,349.16,True
TR-USDJPY-2024-03-25T080000-0116,USDJPY,5,2024-03-25 08:00:00,2024-03-25 09:10:00,349.16,3.49,0.03,151.222,151.35,150.981,151.355,LOSS,0.1,-3.99,-4.09,345.06,True
TR-USDJPY-2024-03-26T103000-0117,USDJPY,2,2024-03-26 10:30:00,2024-03-26 13:50:00,345.06,3.45,0.04,151.2685,151.372,151.0765,151.377,LOSS,0.14,-4.34,-4.48,340.58,True
TR-USDJPY-2024-03-27T032000-0118,USDJPY,5,2024-03-27 03:20:00,2024-03-27 03:40:00,340.58,3.41,0.03,151.546,151.425,151.764,151.764,WIN,0.1,6.54,6.44,347.02,True
TR-USDJPY-2024-03-27T103000-0119,USDJPY,2,2024-03-27 10:30:00,2024-03-27 11:10:00,347.02,3.47,0.03,151.7425,151.632,151.9305,151.627,LOSS,0.1,-3.46,-3.57,343.45,True
TR-USDJPY-2024-03-28T150000-0120,USDJPY,5,2024-03-28 15:00:00,2024-03-29 00:20:00,343.45,3.43,0.02,151.222,151.435,150.811,151.44,LOSS,0.07,-4.36,-4.43,339.02,True
TR-USDJPY-2024-03-29T100000-0121,USDJPY,2,2024-03-29 10:00:00,2024-03-29 14:50:00,339.02,3.39,0.06,151.3445,151.405,151.2385,151.2385,WIN,0.21,6.36,6.15,345.17,True
TR-USDJPY-2024-03-29T150000-0122,USDJPY,2,2024-03-29 15:00:00,2024-03-29 19:30:00,345.17,3.45,0.03,151.227,151.358,150.98,151.363,LOSS,0.1,-4.08,-4.18,340.98,True
TR-USDJPY-2024-04-01T032000-0123,USDJPY,2,2024-04-01 03:20:00,2024-04-01 15:10:00,340.98,3.41,0.03,151.352,151.464,151.143,151.469,LOSS,0.1,-3.51,-3.61,337.37,True
TR-USDJPY-2024-04-01T152000-0124,USDJPY,5,2024-04-01 15:20:00,2024-04-01 16:50:00,337.37,3.37,0.04,151.434,151.342,151.579,151.579,WIN,0.14,5.8,5.66,343.03,True
TR-USDJPY-2024-04-02T155000-0125,USDJPY,2,2024-04-02 15:50:00,2024-04-02 16:30:00,343.03,3.43,0.04,151.672,151.579,151.828,151.574,LOSS,0.14,-3.92,-4.06,338.97,True
TR-USDJPY-2024-04-03T030000-0126,USDJPY,5,2024-04-03 03:00:00,2024-04-03 04:10:00,338.97,3.39,0.05,151.5305,151.599,151.4085,151.604,LOSS,0.18,-3.67,-3.85,335.12,True
TR-USDJPY-2024-04-03T100000-0127,USDJPY,5,2024-04-03 10:00:00,2024-04-03 14:50:00,335.12,3.35,0.05,151.659,151.587,151.773,151.773,WIN,0.18,5.7,5.52,340.64,True
TR-USDJPY-2024-04-03T152000-0128,USDJPY,2,2024-04-03 15:20:00,2024-04-03 16:50:00,340.64,3.41,0.05,151.799,151.72,151.927,151.927,WIN,0.18,6.4,6.22,346.87,True
TR-USDJPY-2024-04-04T030000-0129,USDJPY,2,2024-04-04 03:00:00,2024-04-04 03:30:00,346.87,3.47,0.05,151.58,151.657,151.441,151.662,LOSS,0.18,-4.1,-4.27,342.59,False
TR-USDJPY-2024-04-04T041000-0130,USDJPY,5,2024-04-04 04:10:00,2024-04-04 05:40:00,342.59,3.43,0.05,151.611,151.686,151.476,151.691,LOSS,0.18,-4.0,-4.18,338.42,True
TR-USDJPY-2024-04-04T100000-0131,USDJPY,2,2024-04-04 10:00:00,2024-04-04 12:20:00,338.42,3.38,0.09,151.6815,151.635,151.7445,151.7445,WIN,0.32,5.67,5.35,343.77,True
TR-USDJPY-2024-04-04T151000-0132,USDJPY,2,2024-04-04 15:10:00,2024-04-04 15:30:00,343.77,3.44,0.05,151.762,151.684,151.891,151.679,LOSS,0.18,-4.15,-4.32,339.45,True
TR-USDJPY-2024-04-05T032000-0133,USDJPY,2,2024-04-05 03:20:00,2024-04-05 05:10:00,339.45,3.39,0.02,151.154,151.334,150.809,151.157,BREAKEVEN,0.07,-0.06,-0.13,339.32,True
TR-USDJPY-2024-04-05T152000-0134,USDJPY,2,2024-04-05 15:20:00,2024-04-05 15:30:00,339.32,3.39,0.04,151.343,151.444,151.156,151.449,LOSS,0.14,-4.24,-4.38,334.94,True
TR-USDJPY-2024-04-08T030000-0135,USDJPY,2,2024-04-08 03:00:00,2024-04-08 04:10:00,334.94,3.35,0.08,151.6735,151.623,151.7415,151.7415,WIN,0.28,5.44,5.16,340.1,True
TR-USDJPY-2024-04-09T021000-0136,USDJPY,5,2024-04-09 02:10:00,2024-04-09 12:30:00,340.1,3.4,0.06,151.823,151.749,151.932,151.82,BREAKEVEN,0.21,-0.18,-0.39,339.71,True
TR-USDJPY-2024-04-10T032000-0137,USDJPY,5,2024-04-10 03:20:00,2024-04-10 09:00:00,339.71,3.4,0.05,151.7485,151.817,151.6265,151.822,LOSS,0.18,-3.67,-3.85,335.86,True
TR-USDJPY-2024-04-10T153000-0138,USDJPY,2,2024-04-10 15:30:00,2024-04-10 15:40:00,335.86,3.36,0.09,151.845,151.792,151.909,151.909,WIN,0.32,5.76,5.45,341.3,True
TR-USDJPY-2024-04-10T155000-0139,USDJPY,2,2024-04-10 15:50:00,2024-04-11 11:50:00,341.3,3.41,0.01,152.278,151.764,153.27,153.27,WIN,0.04,9.92,9.88,351.19,True
TR-USDJPY-2024-04-12T030000-0140,USDJPY,2,2024-04-12 03:00:00,2024-04-12 03:10:00,351.19,3.51,0.08,153.2075,153.155,153.2795,153.15,LOSS,0.28,-4.6,-4.88,346.31,True
TR-USDJPY-2024-04-12T090000-0141,USDJPY,5,2024-04-12 09:00:00,2024-04-12 10:10:00,346.31,3.46,0.04,153.1885,153.096,153.3405,153.3405,WIN,0.14,6.08,5.94,352.25,True
TR-USDJPY-2024-04-12T102000-0142,USDJPY,2,2024-04-12 10:20:00,2024-04-12 15:00:00,352.25,3.52,0.03,153.334,153.203,153.569,153.198,LOSS,0.1,-4.08,-4.18,348.06,True
TR-USDJPY-2024-04-15T033000-0143,USDJPY,2,2024-04-15 03:30:00,2024-04-15 04:00:00,348.06,3.48,0.09,153.311,153.26,153.38,153.38,WIN,0.32,6.21,5.9,353.96,True
TR-USDJPY-2024-04-15T151000-0144,USDJPY,2,2024-04-15 15:10:00,2024-04-15 15:30:00,353.96,3.54,0.04,153.935,153.838,154.102,154.102,WIN,0.14,6.68,6.54,360.5,True
TR-USDJPY-2024-04-15T154000-0145,USDJPY,2,2024-04-15 15:40:00,2024-04-15 20:30:00,360.5,3.6,0.02,154.1455,153.899,154.6055,154.1425,BREAKEVEN,0.07,-0.06,-0.13,360.37,True
TR-USDJPY-2024-04-16T033000-0146,USDJPY,2,2024-04-16 03:30:00,2024-04-16 09:30:00,360.37,3.6,0.04,154.246,154.137,154.437,154.437,WIN,0.14,7.64,7.5,367.87,True
TR-USDJPY-2024-04-17T040000-0147,USDJPY,5,2024-04-17 04:00:00,2024-04-17 09:00:00,367.87,3.68,0.05,154.684,154.598,154.82,154.593,LOSS,0.18,-4.55,-4.72,363.14,True
TR-USDJPY-2024-04-17T151000-0148,USDJPY,2,2024-04-17 15:10:00,2024-04-17 16:20:00,363.14,3.63,0.05,154.654,154.575,154.788,154.57,LOSS,0.18,-4.2,-4.38,358.77,True
TR-USDJPY-2024-04-18T033000-0149,USDJPY,1,2024-04-18 03:30:00,2024-04-18 04:10:00,358.77,3.59,0.06,154.368,154.438,154.243,154.243,WIN,0.21,7.5,7.29,366.06,True
TR-USDJPY-2024-04-18T103000-0150,USDJPY,5,2024-04-18 10:30:00,2024-04-18 11:00:00,366.06,3.66,0.06,154.2755,154.339,154.1635,154.2785,BREAKEVEN,0.21,-0.18,-0.39,365.67,True
TR-USDJPY-2024-04-18T151000-0151,USDJPY,2,2024-04-18 15:10:00,2024-04-18 16:40:00,365.67,3.66,0.02,154.365,154.523,154.064,154.528,LOSS,0.07,-3.26,-3.33,362.34,True
TR-USDJPY-2024-04-19T034000-0152,USDJPY,2,2024-04-19 03:40:00,2024-04-19 04:10:00,362.34,3.62,0.05,154.602,154.511,154.751,154.506,LOSS,0.18,-4.8,-4.98,357.36,True
TR-USDJPY-2024-04-19T080000-0153,USDJPY,5,2024-04-19 08:00:00,2024-04-19 10:30:00,357.36,3.57,0.03,154.336,154.475,154.073,154.48,LOSS,0.1,-4.32,-4.42,352.94,True
TR-USDJPY-2024-04-23T030000-0154,USDJPY,2,2024-04-23 03:00:00,2024-04-23 03:20:00,352.94,3.53,0.1,154.796,154.751,154.859,154.746,LOSS,0.35,-5.0,-5.35,347.59,True
TR-USDJPY-2024-04-23T101000-0155,USDJPY,2,2024-04-23 10:10:00,2024-04-23 16:50:00,347.59,3.48,0.05,154.7615,154.686,154.8885,154.7585,BREAKEVEN,0.18,-0.15,-0.32,347.26,True
TR-USDJPY-2024-04-24T031000-0156,USDJPY,2,2024-04-24 03:10:00,2024-04-24 06:30:00,347.26,3.47,0.09,154.7715,154.724,154.8365,154.8365,WIN,0.32,5.85,5.54,352.8,True
TR-USDJPY-2024-04-24T155000-0157,USDJPY,2,2024-04-24 15:50:00,2024-04-24 20:30:00,352.8,3.53,0.03,154.917,154.768,155.188,155.188,WIN,0.1,8.13,8.03,360.82,True
TR-USDJPY-2024-04-25T154000-0158,USDJPY,2,2024-04-25 15:40:00,2024-04-26 10:00:00,360.82,3.61,0.01,155.658,155.27,156.392,156.392,WIN,0.04,7.34,7.31,368.13,True
TR-USDJPY-2024-04-26T151000-0159,USDJPY,2,2024-04-26 15:10:00,2024-04-26 15:30:00,368.13,3.68,0.03,156.853,156.706,157.111,156.701,LOSS,0.1,-4.56,-4.66,363.46,False
TR-USDJPY-2024-04-26T154000-0160,USDJPY,2,2024-04-26 15:40:00,2024-04-26 17:50:00,363.46,3.63,0.02,156.774,156.571,157.132,157.132,WIN,0.07,7.16,7.09,370.55,True
TR-USDJPY-2024-04-29T034000-0161,USDJPY,5,2024-04-29 03:40:00,2024-04-29 04:10:00,370.55,3.71,0.05,158.154,158.068,158.296,158.296,WIN,0.18,7.1,6.92,377.48,True
TR-USDJPY-2024-04-30T091000-0162,USDJPY,2,2024-04-30 09:10:00,2024-04-30 15:10:00,377.48,3.77,0.03,156.7985,156.677,157.0145,157.0145,WIN,0.1,6.48,6.38,383.85,True
TR-USDJPY-2024-04-30T152000-0163,USDJPY,5,2024-04-30 15:20:00,2024-04-30 15:30:00,383.85,3.84,0.04,156.9905,156.882,157.1685,157.1685,WIN,0.14,7.12,6.98,390.83,True
TR-USDJPY-2024-04-30T154000-0164,USDJPY,2,2024-04-30 15:40:00,2024-04-30 20:40:00,390.83,3.91,0.02,157.1825,156.958,157.5985,157.5985,WIN,0.07,8.32,8.25,399.08,True
TR-USDJPY-2024-05-01T031000-0165,USDJPY,2,2024-05-01 03:10:00,2024-05-01 05:50:00,399.08,3.99,0.05,157.7325,157.647,157.8735,157.8735,WIN,0.18,7.05,6.88,405.96,True
TR-USDJPY-2024-05-01T152000-0166,USDJPY,2,2024-05-01 15:20:00,2024-05-01 15:40:00,405.96,4.06,0.1,157.8695,157.82,157.9385,157.815,LOSS,0.35,-5.45,-5.8,400.16,True
TR-USDJPY-2024-05-02T070000-0167,USDJPY,5,2024-05-02 07:00:00,2024-05-02 09:00:00,400.16,4.0,0.03,155.98,156.132,155.691,155.691,WIN,0.1,8.67,8.56,408.72,True
TR-USDJPY-2024-05-02T101000-0168,USDJPY,5,2024-05-02 10:10:00,2024-05-02 11:00:00,408.72,4.09,0.03,155.3705,155.501,155.1245,155.506,LOSS,0.1,-4.07,-4.17,404.55,True
TR-USDJPY-2024-05-02T151000-0169,USDJPY,5,2024-05-02 15:10:00,2024-05-02 15:30:00,404.55,4.05,0.03,154.8025,154.928,154.5665,154.8055,BREAKEVEN,0.1,-0.09,-0.19,404.36,True
TR-USDJPY-2024-05-02T154000-0170,USDJPY,2,2024-05-02 15:40:00,2024-05-02 18:10:00,404.36,4.04,0.01,154.5855,154.869,154.0335,154.0335,WIN,0.04,5.52,5.49,409.84,False
TR-USDJPY-2024-05-03T152000-0171,USDJPY,5,2024-05-03 15:20:00,2024-05-03 15:30:00,409.84,4.1,0.04,153.1735,153.271,152.9935,153.1765,BREAKEVEN,0.14,-0.12,-0.26,409.58,True
TR-USDJPY-2024-05-03T154000-0172,USDJPY,2,2024-05-03 15:40:00,2024-05-06 02:40:00,409.58,4.1,0.01,152.521,153.257,151.064,153.262,LOSS,0.04,-7.41,-7.44,402.14,True
TR-USDJPY-2024-05-06T105000-0173,USDJPY,5,2024-05-06 10:50:00,2024-05-06 11:50:00,402.14,4.02,0.05,153.7375,153.651,153.8805,153.7345,BREAKEVEN,0.18,-0.15,-0.32,401.81,True
TR-USDJPY-2024-05-07T030000-0174,USDJPY,2,2024-05-07 03:00:00,2024-05-07 03:30:00,401.81,4.02,0.06,154.2215,154.146,154.3365,154.141,LOSS,0.21,-4.83,-5.04,396.77,True
TR-USDJPY-2024-05-07T043000-0175,USDJPY,2,2024-05-07 04:30:00,2024-05-07 10:40:00,396.77,3.97,0.01,154.224,153.877,154.894,154.221,BREAKEVEN,0.04,-0.03,-0.06,396.71,True
TR-USDJPY-2024-05-07T150000-0176,USDJPY,2,2024-05-07 15:00:00,2024-05-07 15:30:00,396.71,3.97,0.04,154.488,154.385,154.664,154.485,BREAKEVEN,0.14,-0.12,-0.26,396.45,True
TR-USDJPY-2024-05-08T030000-0177,USDJPY,2,2024-05-08 03:00:00,2024-05-08 04:00:00,396.45,3.96,0.07,154.759,154.696,154.855,154.855,WIN,0.25,6.72,6.47,402.92,True
TR-USDJPY-2024-05-08T092000-0178,USDJPY,2,2024-05-08 09:20:00,2024-05-08 14:30:00,402.92,4.03,0.03,155.217,155.08,155.464,155.464,WIN,0.1,7.41,7.31,410.23,True
TR-USDJPY-2024-05-08T150000-0179,USDJPY,2,2024-05-08 15:00:00,2024-05-08 15:40:00,410.23,4.1,0.06,155.4795,155.404,155.6065,155.6065,WIN,0.21,7.62,7.41,417.64,True
TR-USDJPY-2024-05-09T040000-0180,USDJPY,5,2024-05-09 04:00:00,2024-05-09 12:10:00,417.64,4.18,0.03,155.5645,155.394,155.8815,155.8815,WIN,0.1,9.51,9.41,427.04,True
TR-USDJPY-2024-05-10T042000-0181,USDJPY,5,2024-05-10 04:20:00,2024-05-10 04:50:00,427.04,4.27,0.04,155.491,155.601,155.286,155.606,LOSS,0.14,-4.6,-4.74,422.3,True
TR-USDJPY-2024-05-10T104000-0182,USDJPY,2,2024-05-10 10:40:00,2024-05-10 11:10:00,422.3,4.22,0.05,155.745,155.651,155.909,155.646,LOSS,0.18,-4.95,-5.12,417.18,True
TR-USDJPY-2024-05-10T154000-0183,USDJPY,2,2024-05-10 15:40:00,2024-05-10 16:20:00,417.18,4.17,0.05,155.784,155.691,155.943,155.686,LOSS,0.18,-4.9,-5.08,412.1,True
TR-USDJPY-2024-05-13T030000-0184,USDJPY,2,2024-05-13 03:00:00,2024-05-13 04:10:00,412.1,4.12,0.06,155.8225,155.739,155.9535,155.8195,BREAKEVEN,0.21,-0.18,-0.39,411.71,True
TR-USDJPY-2024-05-13T044000-0185,USDJPY,5,2024-05-13 04:40:00,2024-05-13 18:10:00,411.71,4.12,0.04,155.8335,155.708,156.0545,156.0545,WIN,0.14,8.84,8.7,420.41,True
TR-USDJPY-2024-05-14T030000-0186,USDJPY,2,2024-05-14 03:00:00,2024-05-14 04:20:00,420.41,4.2,0.05,156.252,156.155,156.401,156.401,WIN,0.18,7.45,7.27,427.69,True
TR-USDJPY-2024-05-14T091000-0187,USDJPY,5,2024-05-14 09:10:00,2024-05-14 12:30:00,427.69,4.28,0.04,156.483,156.371,156.677,156.366,LOSS,0.14,-4.68,-4.82,422.87,True
TR-USDJPY-2024-05-14T153000-0188,USDJPY,2,2024-05-14 15:30:00,2024-05-14 15:40:00,422.87,4.23,0.12,156.439,156.393,156.501,156.501,WIN,0.42,7.44,7.02,429.89,True
TR-USDJPY-2024-05-15T151000-0189,USDJPY,2,2024-05-15 15:10:00,2024-05-15 15:30:00,429.89,4.3,0.03,155.5865,155.74,155.2945,155.2945,WIN,0.1,8.76,8.66,438.54,True
TR-USDJPY-2024-05-15T155000-0190,USDJPY,2,2024-05-15 15:50:00,2024-05-15 16:30:00,438.54,4.39,0.02,155.391,155.643,154.902,155.394,BREAKEVEN,0.07,-0.06,-0.13,438.41,True
TR-USDJPY-2024-05-16T033000-0191,USDJPY,2,2024-05-16 03:30:00,2024-05-16 04:00:00,438.41,4.38,0.02,154.235,154.499,153.722,153.722,WIN,0.07,10.26,10.19,448.6,True
TR-USDJPY-2024-05-17T024000-0192,USDJPY,2,2024-05-17 02:40:00,2024-05-17 03:30:00,448.6,4.49,0.06,155.3945,155.312,155.5235,155.5235,WIN,0.21,7.74,7.53,456.13,True
TR-USDJPY-2024-05-17T034000-0193,USDJPY,2,2024-05-17 03:40:00,2024-05-17 04:10:00,456.13,4.56,0.05,155.4485,155.349,155.6205,155.6205,WIN,0.18,8.6,8.43,464.56,True
TR-USDJPY-2024-05-17T101000-0194,USDJPY,2,2024-05-17 10:10:00,2024-05-17 11:40:00,464.56,4.65,0.05,155.705,155.59,155.896,155.896,WIN,0.18,9.55,9.38,473.93,True
TR-USDJPY-2024-05-17T152000-0195,USDJPY,2,2024-05-17 15:20:00,2024-05-17 15:40:00,473.93,4.74,0.11,155.855,155.802,155.931,155.797,LOSS,0.39,-6.38,-6.77,467.17,True
TR-USDJPY-2024-05-20T031000-0196,USDJPY,5,2024-05-20 03:10:00,2024-05-20 06:30:00,467.17,4.67,0.05,155.787,155.684,155.963,155.784,BREAKEVEN,0.18,-0.15,-0.32,466.84,False
TR-USDJPY-2024-05-20T074000-0197,USDJPY,5,2024-05-20 07:40:00,2024-05-20 10:20:00,466.84,4.67,0.07,155.7295,155.647,155.8555,155.642,LOSS,0.25,-6.13,-6.37,460.47,True
TR-USDJPY-2024-05-20T151000-0198,USDJPY,2,2024-05-20 15:10:00,2024-05-20 15:40:00,460.47,4.6,0.04,155.7795,155.662,155.9845,155.9845,WIN,0.14,8.2,8.06,468.53,True
TR-USDJPY-2024-05-20T155000-0199,USDJPY,2,2024-05-20 15:50:00,2024-05-21 10:20:00,468.53,4.69,0.02,156.055,155.8,156.541,156.052,BREAKEVEN,0.07,-0.06,-0.13,468.4,True
TR-USDJPY-2024-05-21T151000-0200,USDJPY,5,2024-05-21 15:10:00,2024-05-21 16:10:00,468.4,4.68,0.03,156.3345,156.191,156.5945,156.186,LOSS,0.1,-4.45,-4.56,463.84,True
TR-USDJPY-2024-05-22T040000-0201,USDJPY,5,2024-05-22 04:00:00,2024-05-22 11:30:00,463.84,4.64,0.04,156.2475,156.113,156.4685,156.4685,WIN,0.14,8.84,8.7,472.54,True
TR-USDJPY-2024-05-23T034000-0202,USDJPY,5,2024-05-23 03:40:00,2024-05-23 04:50:00,472.54,4.73,0.06,156.7615,156.666,156.9105,156.7585,BREAKEVEN,0.21,-0.18,-0.39,472.15,True
TR-USDJPY-2024-05-23T105000-0203,USDJPY,2,2024-05-23 10:50:00,2024-05-23 15:10:00,472.15,4.72,0.04,156.685,156.557,156.914,156.552,LOSS,0.14,-5.32,-5.46,466.69,True
TR-USDJPY-2024-05-24T032000-0204,USDJPY,2,2024-05-24 03:20:00,2024-05-24 18:50:00,466.69,4.67,0.04,157.015,156.889,157.228,156.884,LOSS,0.14,-5.24,-5.38,461.31,True
TR-USDJPY-2024-05-27T030000-0205,USDJPY,5,2024-05-27 03:00:00,2024-05-27 04:10:00,461.31,4.61,0.07,156.854,156.926,156.725,156.725,WIN,0.25,9.03,8.79,470.1,True
TR-USDJPY-2024-05-27T153000-0206,USDJPY,5,2024-05-27 15:30:00,2024-05-27 18:40:00,470.1,4.7,0.06,156.8345,156.919,156.6805,156.8375,BREAKEVEN,0.21,-0.18,-0.39,469.71,True
TR-USDJPY-2024-05-28T040000-0207,USDJPY,5,2024-05-28 04:00:00,2024-05-28 05:10:00,469.71,4.7,0.04,156.8575,156.744,157.0575,156.739,LOSS,0.14,-4.74,-4.88,464.83,True
TR-USDJPY-2024-05-28T151000-0208,USDJPY,5,2024-05-28 15:10:00,2024-05-28 16:50:00,464.83,4.65,0.05,156.731,156.839,156.53,156.734,BREAKEVEN,0.18,-0.15,-0.32,464.5,True
TR-USDJPY-2024-05-30T101000-0209,USDJPY,2,2024-05-30 10:10:00,2024-05-30 10:30:00,464.5,4.65,0.04,156.6685,156.798,156.4245,156.803,LOSS,0.14,-5.38,-5.52,458.98,True
TR-USDJPY-2024-05-30T155000-0210,USDJPY,2,2024-05-30 15:50:00,2024-05-31 02:30:00,458.98,4.59,0.03,156.694,156.872,156.353,156.877,LOSS,0.1,-5.49,-5.59,453.39,True
TR-USDJPY-2024-05-31T034000-0211,USDJPY,2,2024-05-31 03:40:00,2024-05-31 03:50:00,453.39,4.53,0.04,156.859,156.977,156.638,156.638,WIN,0.14,8.84,8.7,462.09,True
TR-USDJPY-2024-05-31T043000-0212,USDJPY,2,2024-05-31 04:30:00,2024-05-31 06:30:00,462.09,4.62,0.04,156.824,156.958,156.571,156.827,BREAKEVEN,0.14,-0.12,-0.26,461.83,True
TR-USDJPY-2024-05-31T075000-0213,USDJPY,5,2024-05-31 07:50:00,2024-05-31 09:10:00,461.83,4.62,0.05,156.7645,156.861,156.5865,156.866,LOSS,0.18,-5.07,-5.25,456.58,True
TR-USDJPY-2024-06-03T030000-0214,USDJPY,6,2024-06-03 03:00:00,2024-06-03 03:10:00,456.58,4.57,0.1,157.1685,157.117,157.2475,157.2475,WIN,0.35,7.9,7.55,464.13,True
TR-USDJPY-2024-06-03T155000-0215,USDJPY,2,2024-06-03 15:50:00,2024-06-03 17:00:00,464.13,4.64,0.03,156.7635,156.925,156.4555,156.4555,WIN,0.1,9.24,9.13,473.26,True
TR-USDJPY-2024-06-04T030000-0216,USDJPY,5,2024-06-04 03:00:00,2024-06-04 03:40:00,473.26,4.73,0.03,156.059,156.237,155.718,156.242,LOSS,0.1,-5.49,-5.59,467.67,True
TR-USDJPY-2024-06-04T101000-0217,USDJPY,2,2024-06-04 10:10:00,2024-06-04 11:40:00,467.67,4.68,0.02,155.8415,156.139,155.2615,155.2615,WIN,0.07,11.6,11.53,479.2,True
TR-USDJPY-2024-06-04T152000-0218,USDJPY,2,2024-06-04 15:20:00,2024-06-04 16:00:00,479.2,4.79,0.01,154.798,155.135,154.139,155.14,LOSS,0.04,-3.42,-3.45,475.74,True
TR-USDJPY-2024-06-05T104000-0219,USDJPY,5,2024-06-05 10:40:00,2024-06-05 11:40:00,475.74,4.76,0.04,155.9575,155.825,156.1895,156.1895,WIN,0.14,9.28,9.14,484.88,True
TR-USDJPY-2024-06-06T102000-0220,USDJPY,2,2024-06-06 10:20:00,2024-06-06 11:20:00,484.88,4.85,0.05,156.118,156.011,156.308,156.308,WIN,0.18,9.5,9.33,494.21,True
TR-USDJPY-2024-06-06T154000-0221,USDJPY,2,2024-06-06 15:40:00,2024-06-06 19:40:00,494.21,4.94,0.01,156.209,155.837,156.923,155.832,LOSS,0.04,-3.77,-3.8,490.4,False
TR-USDJPY-2024-06-07T045000-0222,USDJPY,5,2024-06-07 04:50:00,2024-06-07 07:40:00,490.4,4.9,0.04,155.7695,155.887,155.5495,155.5495,WIN,0.14,8.8,8.66,499.06,True
TR-USDJPY-2024-06-07T085000-0223,USDJPY,5,2024-06-07 08:50:00,2024-06-07 09:10:00,499.06,4.99,0.04,155.597,155.726,155.354,155.354,WIN,0.14,9.72,9.58,508.64,True
TR-USDJPY-2024-06-07T092000-0224,USDJPY,5,2024-06-07 09:20:00,2024-06-07 15:00:00,508.64,5.09,0.02,155.346,155.611,154.831,155.616,LOSS,0.07,-5.4,-5.47,503.17,True
TR-USDJPY-2024-06-10T034000-0225,USDJPY,2,2024-06-10 03:40:00,2024-06-10 11:10:00,503.17,5.03,0.02,156.9035,156.69,157.2975,156.9005,BREAKEVEN,0.07,-0.06,-0.13,503.04,True
TR-USDJPY-2024-06-10T153000-0226,USDJPY,5,2024-06-10 15:30:00,2024-06-11 00:10:00,503.04,5.03,0.03,156.9185,156.762,157.2015,156.9155,BREAKEVEN,0.1,-0.09,-0.19,502.85,True
TR-USDJPY-2024-06-11T031000-0227,USDJPY,2,2024-06-11 03:10:00,2024-06-11 06:00:00,502.85,5.03,0.05,157.1045,156.996,157.2855,157.2855,WIN,0.18,9.05,8.87,511.72,True
TR-USDJPY-2024-06-11T103000-0228,USDJPY,5,2024-06-11 10:30:00,2024-06-11 12:00:00,511.72,5.12,0.06,157.316,157.228,157.465,157.223,LOSS,0.21,-5.58,-5.79,505.93,True
TR-USDJPY-2024-06-12T031000-0229,USDJPY,5,2024-06-12 03:10:00,2024-06-12 04:20:00,505.93,5.06,0.05,157.125,157.02,157.308,157.122,BREAKEVEN,0.18,-0.15,-0.32,505.61,True
TR-USDJPY-2024-06-12T084000-0230,USDJPY,2,2024-06-12 08:40:00,2024-06-12 11:00:00,505.61,5.06,0.07,157.253,157.173,157.389,157.25,BREAKEVEN,0.25,-0.21,-0.45,505.15,False
TR-USDJPY-2024-06-13T104000-0231,USDJPY,2,2024-06-13 10:40:00,2024-06-13 15:20:00,505.15,5.05,0.04,157.2425,157.112,157.4705,157.107,LOSS,0.14,-5.42,-5.56,499.59,True
TR-USDJPY-2024-06-14T030000-0232,USDJPY,2,2024-06-14 03:00:00,2024-06-14 03:40:00,499.59,5.0,0.12,157.105,157.053,157.182,157.182,WIN,0.42,9.24,8.82,508.41,True
TR-USDJPY-2024-06-14T035000-0233,USDJPY,2,2024-06-14 03:50:00,2024-06-14 04:20:00,508.41,5.08,0.1,157.175,157.113,157.272,157.272,WIN,0.35,9.7,9.35,517.76,True
TR-USDJPY-2024-06-14T043000-0234,USDJPY,5,2024-06-14 04:30:00,2024-06-14 06:10:00,517.76,5.18,0.05,157.265,157.16,157.445,157.262,BREAKEVEN,0.18,-0.15,-0.32,517.44,True
TR-USDJPY-2024-06-14T090000-0235,USDJPY,2,2024-06-14 09:00:00,2024-06-14 09:40:00,517.44,5.17,0.02,158.065,157.828,158.512,157.823,LOSS,0.07,-4.84,-4.91,512.53,True
TR-USDJPY-2024-06-17T081000-0236,USDJPY,5,2024-06-17 08:10:00,2024-06-17 09:00:00,512.53,5.13,0.06,157.4005,157.308,157.5495,157.3975,BREAKEVEN,0.21,-0.18,-0.39,512.14,True
TR-USDJPY-2024-06-17T102000-0237,USDJPY,2,2024-06-17 10:20:00,2024-06-17 11:10:00,512.14,5.12,0.05,157.4125,157.294,157.6165,157.6165,WIN,0.18,10.2,10.02,522.16,True
TR-USDJPY-2024-06-17T150000-0238,USDJPY,2,2024-06-17 15:00:00,2024-06-18 03:10:00,522.16,5.22,0.03,157.8225,157.635,158.1675,157.63,LOSS,0.1,-5.77,-5.88,516.28,True
TR-USDJPY-2024-06-18T075000-0239,USDJPY,2,2024-06-18 07:50:00,2024-06-18 08:50:00,516.28,5.16,0.06,157.661,157.568,157.823,157.823,WIN,0.21,9.72,9.51,525.79,True
TR-USDJPY-2024-06-19T030000-0240,USDJPY,2,2024-06-19 03:00:00,2024-06-19 03:20:00,525.79,5.26,0.15,157.836,157.789,157.897,157.897,WIN,0.53,9.15,8.62,534.42,True
TR-USDJPY-2024-06-19T104000-0241,USDJPY,5,2024-06-19 10:40:00,2024-06-19 11:20:00,534.42,5.34,0.07,157.702,157.78,157.561,157.785,LOSS,0.25,-5.81,-6.05,528.36,True
TR-USDJPY-2024-06-19T151000-0242,USDJPY,2,2024-06-19 15:10:00,2024-06-19 23:40:00,528.36,5.28,0.07,157.9245,157.838,158.0735,158.0735,WIN,0.25,10.43,10.19,538.55,True
TR-USDJPY-2024-06-20T031000-0243,USDJPY,5,2024-06-20 03:10:00,2024-06-20 08:00:00,538.55,5.39,0.06,157.992,157.896,158.151,158.151,WIN,0.21,9.54,9.33,547.88,True
TR-USDJPY-2024-06-20T104000-0244,USDJPY,5,2024-06-20 10:40:00,2024-06-20 16:00:00,547.88,5.48,0.03,158.1945,158.016,158.5245,158.5245,WIN,0.1,9.9,9.8,557.67,True
TR-USDJPY-2024-06-21T030000-0245,USDJPY,2,2024-06-21 03:00:00,2024-06-21 04:00:00,557.67,5.58,0.14,158.9315,158.882,159.0035,159.0035,WIN,0.49,10.08,9.59,567.26,True
TR-USDJPY-2024-06-21T083000-0246,USDJPY,2,2024-06-21 08:30:00,2024-06-21 10:20:00,567.26,5.67,0.07,158.8705,158.781,159.0195,158.8675,BREAKEVEN,0.25,-0.21,-0.45,566.81,True
TR-USDJPY-2024-06-21T153000-0247,USDJPY,5,2024-06-21 15:30:00,2024-06-21 16:50:00,566.81,5.67,0.07,158.9315,158.843,159.0845,159.0845,WIN,0.25,10.71,10.46,577.27,True
TR-USDJPY-2024-06-24T073000-0248,USDJPY,2,2024-06-24 07:30:00,2024-06-24 09:00:00,577.27,5.77,0.1,159.731,159.664,159.832,159.728,BREAKEVEN,0.35,-0.3,-0.65,576.62,True
TR-USDJPY-2024-06-25T105000-0249,USDJPY,2,2024-06-25 10:50:00,2024-06-25 14:00:00,576.62,5.77,0.08,159.436,159.514,159.295,159.439,BREAKEVEN,0.28,-0.24,-0.52,576.1,True
TR-USDJPY-2024-06-26T030000-0250,USDJPY,2,2024-06-26 03:00:00,2024-06-26 04:20:00,576.1,5.76,0.11,159.6705,159.606,159.7665,159.7665,WIN,0.39,10.56,10.18,586.28,True
TR-USDJPY-2024-06-26T094000-0251,USDJPY,2,2024-06-26 09:40:00,2024-06-26 11:50:00,586.28,5.86,0.1,159.8385,159.772,159.9415,159.9415,WIN,0.35,10.3,9.95,596.23,True
TR-USDJPY-2024-06-27T034000-0252,USDJPY,5,2024-06-27 03:40:00,2024-06-27 04:30:00,596.23,5.96,0.06,160.5895,160.48,160.7815,160.5865,BREAKEVEN,0.21,-0.18,-0.39,595.84,True
TR-USDJPY-2024-06-27T104000-0253,USDJPY,2,2024-06-27 10:40:00,2024-06-27 15:30:00,595.84,5.96,0.04,160.526,160.365,160.815,160.36,LOSS,0.14,-6.64,-6.78,589.06,True
TR-USDJPY-2024-06-28T035000-0254,USDJPY,5,2024-06-28 03:50:00,2024-06-28 04:00:00,589.06,5.89,0.07,160.718,160.626,160.866,160.866,WIN,0.25,10.36,10.12,599.17,True
TR-USDJPY-2024-06-28T043000-0255,USDJPY,5,2024-06-28 04:30:00,2024-06-28 05:40:00,599.17,5.99,0.04,161.102,160.932,161.415,160.927,LOSS,0.14,-7.0,-7.14,592.03,True
TR-USDJPY-2024-07-01T025000-0256,USDJPY,2,2024-07-01 02:50:00,2024-07-01 03:50:00,592.03,5.92,0.07,160.8445,160.748,161.0045,161.0045,WIN,0.25,11.2,10.96,602.99,True
TR-USDJPY-2024-07-01T103000-0257,USDJPY,2,2024-07-01 10:30:00,2024-07-01 15:40:00,602.99,6.03,0.04,161.0,160.832,161.306,161.306,WIN,0.14,12.24,12.1,615.09,True
TR-USDJPY-2024-07-01T155000-0258,USDJPY,2,2024-07-01 15:50:00,2024-07-01 17:00:00,615.09,6.15,0.04,161.321,161.148,161.637,161.143,LOSS,0.14,-7.12,-7.26,607.83,True
TR-USDJPY-2024-07-02T030000-0259,USDJPY,5,2024-07-02 03:00:00,2024-07-02 04:00:00,607.83,6.08,0.06,161.5,161.391,161.688,161.497,BREAKEVEN,0.21,-0.18,-0.39,607.44,True
TR-USDJPY-2024-07-02T074000-0260,USDJPY,5,2024-07-02 07:40:00,2024-07-02 08:20:00,607.44,6.07,0.08,161.6535,161.566,161.7985,161.6505,BREAKEVEN,0.28,-0.24,-0.52,606.92,True
TR-USDJPY-2024-07-03T031000-0261,USDJPY,2,2024-07-03 03:10:00,2024-07-03 04:30:00,606.92,6.07,0.1,161.478,161.408,161.582,161.582,WIN,0.35,10.4,10.05,616.97,True
TR-USDJPY-2024-07-03T074000-0262,USDJPY,5,2024-07-03 07:40:00,2024-07-03 08:10:00,616.97,6.17,0.08,161.66,161.577,161.799,161.799,WIN,0.28,11.12,10.84,627.81,True
TR-USDJPY-2024-07-04T100000-0263,USDJPY,2,2024-07-04 10:00:00,2024-07-04 13:20:00,627.81,6.28,0.07,161.3725,161.473,161.1865,161.1865,WIN,0.25,13.02,12.77,640.58,True
TR-USDJPY-2024-07-04T150000-0264,USDJPY,2,2024-07-04 15:00:00,2024-07-04 15:50:00,640.58,6.41,0.05,160.995,161.132,160.736,161.137,LOSS,0.18,-7.1,-7.27,633.31,True
TR-USDJPY-2024-07-05T033000-0265,USDJPY,5,2024-07-05 03:30:00,2024-07-05 06:10:00,633.31,6.33,0.03,161.22,161.429,160.817,160.817,WIN,0.1,12.09,11.99,645.29,True
TR-USDJPY-2024-07-05T152000-0266,USDJPY,5,2024-07-05 15:20:00,2024-07-05 15:30:00,645.29,6.45,0.06,160.791,160.901,160.586,160.794,BREAKEVEN,0.21,-0.18,-0.39,644.9,True
TR-USDJPY-2024-07-08T030000-0267,USDJPY,2,2024-07-08 03:00:00,2024-07-08 05:00:00,644.9,6.45,0.06,160.6345,160.747,160.4245,160.4245,WIN,0.21,12.6,12.39,657.29,True
TR-USDJPY-2024-07-09T154000-0268,USDJPY,2,2024-07-09 15:40:00,2024-07-09 17:00:00,657.29,6.57,0.06,161.125,161.001,161.34,160.996,LOSS,0.21,-7.74,-7.95,649.34,True
TR-USDJPY-2024-07-10T020000-0269,USDJPY,5,2024-07-10 02:00:00,2024-07-10 03:40:00,649.34,6.49,0.11,161.323,161.253,161.424,161.424,WIN,0.39,11.11,10.72,660.07,False
TR-USDJPY-2024-07-10T035000-0270,USDJPY,5,2024-07-10 03:50:00,2024-07-10 06:50:00,660.07,6.6,0.06,161.4325,161.307,161.6535,161.4295,BREAKEVEN,0.21,-0.18,-0.39,659.68,True
TR-USDJPY-2024-07-10T082000-0271,USDJPY,5,2024-07-10 08:20:00,2024-07-10 09:00:00,659.68,6.6,0.09,161.4705,161.393,161.6015,161.4675,BREAKEVEN,0.32,-0.27,-0.58,659.09,True
TR-USDJPY-2024-07-11T155000-0272,USDJPY,2,2024-07-11 15:50:00,2024-07-17 11:40:00,659.09,6.59,0.01,159.9365,161.648,156.5285,156.5285,WIN,0.04,34.08,34.04,693.14,True
TR-USDJPY-2024-07-18T021000-0273,USDJPY,5,2024-07-18 02:10:00,2024-07-18 02:40:00,693.14,6.93,0.03,156.0095,156.275,155.4935,155.4935,WIN,0.1,15.48,15.38,708.51,True
TR-USDJPY-2024-07-18T100000-0274,USDJPY,5,2024-07-18 10:00:00,2024-07-18 11:40:00,708.51,7.09,0.04,156.2025,156.403,155.8165,156.408,LOSS,0.14,-8.22,-8.36,700.15,True
TR-USDJPY-2024-07-18T153000-0275,USDJPY,5,2024-07-18 15:30:00,2024-07-18 15:50:00,700.15,7.0,0.03,156.321,156.534,155.91,156.539,LOSS,0.1,-6.54,-6.64,693.51,True
TR-USDJPY-2024-07-19T032000-0276,USDJPY,5,2024-07-19 03:20:00,2024-07-19 08:10:00,693.51,6.94,0.04,157.261,157.077,157.599,157.599,WIN,0.14,13.52,13.38,706.89,True
TR-USDJPY-2024-07-19T151000-0277,USDJPY,2,2024-07-19 15:10:00,2024-07-19 16:30:00,706.89,7.07,0.05,157.489,157.348,157.744,157.486,BREAKEVEN,0.18,-0.15,-0.32,706.56,False
TR-USDJPY-2024-07-22T030000-0278,USDJPY,2,2024-07-22 03:00:00,2024-07-22 08:20:00,706.56,7.07,0.05,157.3145,157.15,157.6135,157.3115,BREAKEVEN,0.18,-0.15,-0.32,706.24,True
TR-USDJPY-2024-07-22T093000-0279,USDJPY,5,2024-07-22 09:30:00,2024-07-22 18:40:00,706.24,7.06,0.01,156.5835,157.095,155.5755,157.1,LOSS,0.04,-5.16,-5.2,701.04,True
TR-USDJPY-2024-07-23T022000-0280,USDJPY,5,2024-07-23 02:20:00,2024-07-23 03:10:00,701.04,7.01,0.07,157.02,157.125,156.825,156.825,WIN,0.25,13.65,13.4,714.44,True
TR-USDJPY-2024-07-23T040000-0281,USDJPY,5,2024-07-23 04:00:00,2024-07-23 07:00:00,714.44,7.14,0.03,156.687,156.901,156.274,156.274,WIN,0.1,12.39,12.29,726.73,True
TR-USDJPY-2024-07-23T101000-0282,USDJPY,5,2024-07-23 10:10:00,2024-07-23 10:50:00,726.73,7.27,0.07,156.5205,156.63,156.3165,156.3165,WIN,0.25,14.28,14.04,740.76,True
TR-USDJPY-2024-07-23T155000-0283,USDJPY,2,2024-07-23 15:50:00,2024-07-23 20:10:00,740.76,7.41,0.04,156.0925,156.288,155.7165,155.7165,WIN,0.14,15.04,14.9,755.66,True
TR-USDJPY-2024-07-24T041000-0284,USDJPY,5,2024-07-24 04:10:00,2024-07-24 07:00:00,755.66,7.56,0.02,155.6835,156.017,155.0315,155.0315,WIN,0.07,13.04,12.97,768.63,True
TR-USDJPY-2024-07-24T090000-0285,USDJPY,5,2024-07-24 09:00:00,2024-07-24 10:10:00,768.63,7.69,0.06,154.646,154.778,154.397,154.649,BREAKEVEN,0.21,-0.18,-0.39,768.24,True
TR-USDJPY-2024-07-25T031000-0286,USDJPY,5,2024-07-25 03:10:00,2024-07-25 03:30:00,768.24,7.68,0.04,153.7845,154.003,153.3625,153.3625,WIN,0.14,16.88,16.74,784.98,True
TR-USDJPY-2024-07-25T034000-0287,USDJPY,2,2024-07-25 03:40:00,2024-07-25 06:20:00,784.98,7.85,0.02,153.3845,153.868,152.4325,152.4325,WIN,0.07,19.04,18.97,803.95,True
TR-USDJPY-2024-07-25T102000-0288,USDJPY,2,2024-07-25 10:20:00,2024-07-25 10:40:00,803.95,8.04,0.04,152.7335,152.964,152.2875,152.2875,WIN,0.14,17.84,17.7,821.65,True
TR-USDJPY-2024-07-25T105000-0289,USDJPY,2,2024-07-25 10:50:00,2024-07-25 11:50:00,821.65,8.22,0.02,152.2695,152.616,151.5915,152.621,LOSS,0.07,-7.03,-7.1,814.55,True
TR-USDJPY-2024-07-26T034000-0290,USDJPY,5,2024-07-26 03:40:00,2024-07-26 04:40:00,814.55,8.15,0.03,153.742,153.447,154.293,153.739,BREAKEVEN,0.1,-0.09,-0.19,814.36,True
TR-USDJPY-2024-07-26T101000-0291,USDJPY,2,2024-07-26 10:10:00,2024-07-26 10:40:00,814.36,8.14,0.04,153.725,153.531,154.08,154.08,WIN,0.14,14.2,14.06,828.42,True
TR-USDJPY-2024-07-29T032000-0292,USDJPY,2,2024-07-29 03:20:00,2024-07-29 04:00:00,828.42,8.28,0.03,154.2335,153.96,154.7385,153.955,LOSS,0.1,-8.35,-8.46,819.96,True
TR-USDJPY-2024-07-29T100000-0293,USDJPY,5,2024-07-29 10:00:00,2024-07-29 10:10:00,819.96,8.2,0.06,153.297,153.432,153.042,153.437,LOSS,0.21,-8.4,-8.61,811.35,True
TR-USDJPY-2024-07-30T034000-0294,USDJPY,2,2024-07-30 03:40:00,2024-07-30 07:50:00,811.35,8.11,0.04,153.8505,153.611,154.2935,154.2935,WIN,0.14,17.72,17.58,828.93,True
TR-USDJPY-2024-07-30T150000-0295,USDJPY,2,2024-07-30 15:00:00,2024-07-30 15:50:00,828.93,8.29,0.06,154.868,154.719,155.112,154.865,BREAKEVEN,0.21,-0.18,-0.39,828.54,True
TR-USDJPY-2024-07-31T033000-0296,USDJPY,5,2024-07-31 03:30:00,2024-07-31 04:50:00,828.54,8.29,0.03,152.514,152.772,152.013,152.517,BREAKEVEN,0.1,-0.09,-0.19,828.34,True
TR-USDJPY-2024-07-31T100000-0297,USDJPY,5,2024-07-31 10:00:00,2024-07-31 10:50:00,828.34,8.28,0.02,152.484,152.872,151.723,151.723,WIN,0.07,15.22,15.15,843.49,True
TR-USDJPY-2024-08-01T030000-0298,USDJPY,5,2024-08-01 03:00:00,2024-08-01 04:10:00,843.49,8.43,0.03,149.805,150.098,149.234,149.234,WIN,0.1,17.13,17.02,860.52,True
TR-USDJPY-2024-08-01T090000-0299,USDJPY,5,2024-08-01 09:00:00,2024-08-01 09:30:00,860.52,8.61,0.03,149.757,150.038,149.21,150.043,LOSS,0.1,-8.58,-8.68,851.83,True
TR-USDJPY-2024-08-02T021000-0300,USDJPY,5,2024-08-02 02:10:00,2024-08-02 03:50:00,851.83,8.52,0.04,149.2425,149.478,148.7865,149.2455,BREAKEVEN,0.14,-0.12,-0.26,851.57,True
TR-USDJPY-2024-08-02T081000-0301,USDJPY,5,2024-08-02 08:10:00,2024-08-02 09:00:00,851.57,8.52,0.04,149.263,149.477,148.85,148.85,WIN,0.14,16.52,16.38,867.95,True
TR-USDJPY-2024-08-02T100000-0302,USDJPY,2,2024-08-02 10:00:00,2024-08-02 10:40:00,867.95,8.68,0.03,148.884,149.202,148.263,149.207,LOSS,0.1,-9.69,-9.79,858.16,True
TR-USDJPY-2024-08-02T153000-0303,USDJPY,5,2024-08-02 15:30:00,2024-08-02 18:00:00,858.16,8.58,0.01,148.2755,149.088,146.6655,146.6655,WIN,0.04,16.1,16.06,874.22,True
TR-USDJPY-2024-08-05T150000-0304,USDJPY,2,2024-08-05 15:00:00,2024-08-05 16:10:00,874.22,8.74,0.02,142.5095,142.885,141.7735,142.5125,BREAKEVEN,0.07,-0.06,-0.13,874.09,True
TR-USDJPY-2024-08-06T083000-0305,USDJPY,5,2024-08-06 08:30:00,2024-08-06 08:40:00,874.09,8.74,0.03,145.4235,145.105,145.9945,145.9945,WIN,0.1,17.13,17.03,891.12,True
TR-USDJPY-2024-08-06T101000-0306,USDJPY,2,2024-08-06 10:10:00,2024-08-06 10:50:00,891.12,8.91,0.03,145.7725,145.446,146.3655,145.441,LOSS,0.1,-9.94,-10.05,881.07,True
TR-USDJPY-2024-08-07T074000-0307,USDJPY,5,2024-08-07 07:40:00,2024-08-07 08:50:00,881.07,8.81,0.03,147.5855,147.278,148.1345,147.273,LOSS,0.1,-9.38,-9.48,871.59,True
TR-USDJPY-2024-08-08T100000-0308,USDJPY,5,2024-08-08 10:00:00,2024-08-08 11:50:00,871.59,8.72,0.04,146.127,146.36,145.676,146.13,BREAKEVEN,0.14,-0.12,-0.26,871.33,True
TR-USDJPY-2024-08-08T151000-0309,USDJPY,5,2024-08-08 15:10:00,2024-08-08 15:30:00,871.33,8.71,0.07,146.14,146.279,145.877,146.284,LOSS,0.25,-10.08,-10.33,861.0,True
TR-USDJPY-2024-08-09T021000-0310,USDJPY,2,2024-08-09 02:10:00,2024-08-09 02:50:00,861.0,8.61,0.06,147.3705,147.212,147.6365,147.6365,WIN,0.21,15.96,15.75,876.75,True
TR-USDJPY-2024-08-09T034000-0311,USDJPY,2,2024-08-09 03:40:00,2024-08-09 04:00:00,876.75,8.77,0.12,147.308,147.218,147.446,147.446,WIN,0.42,16.56,16.14,892.89,True
TR-USDJPY-2024-08-12T040000-0312,USDJPY,5,2024-08-12 04:00:00,2024-08-12 06:40:00,892.89,8.93,0.05,146.842,147.025,146.491,147.03,LOSS,0.18,-9.4,-9.58,883.32,False
TR-USDJPY-2024-08-12T081000-0313,USDJPY,5,2024-08-12 08:10:00,2024-08-12 11:30:00,883.32,8.83,0.08,147.1425,147.024,147.3465,147.3465,WIN,0.28,16.32,16.04,899.36,True
TR-USDJPY-2024-08-12T155000-0314,USDJPY,2,2024-08-12 15:50:00,2024-08-12 16:10:00,899.36,8.99,0.08,147.653,147.532,147.868,147.868,WIN,0.28,17.2,16.92,916.28,True
TR-USDJPY-2024-08-13T040000-0315,USDJPY,2,2024-08-13 04:00:00,2024-08-13 04:20:00,916.28,9.16,0.06,147.1965,147.024,147.4935,147.4935,WIN,0.21,17.82,17.61,933.89,True
TR-USDJPY-2024-08-13T105000-0316,USDJPY,2,2024-08-13 10:50:00,2024-08-13 11:20:00,933.89,9.34,0.08,147.8685,147.744,148.0785,147.739,LOSS,0.28,-10.36,-10.64,923.25,True
TR-USDJPY-2024-08-14T043000-0317,USDJPY,5,2024-08-14 04:30:00,2024-08-14 05:20:00,923.25,9.23,0.04,146.9735,147.191,146.5535,146.5535,WIN,0.14,16.8,16.66,939.91,True
TR-USDJPY-2024-08-15T043000-0318,USDJPY,5,2024-08-15 04:30:00,2024-08-15 06:10:00,939.91,9.4,0.05,147.3625,147.162,147.7185,147.3595,BREAKEVEN,0.18,-0.15,-0.32,939.58,True
TR-USDJPY-2024-08-15T152000-0319,USDJPY,5,2024-08-15 15:20:00,2024-08-15 15:30:00,939.58,9.4,0.12,147.2455,147.156,147.4005,147.4005,WIN,0.42,18.6,18.18,957.76,True
TR-USDJPY-2024-08-15T154000-0320,USDJPY,2,2024-08-15 15:40:00,2024-08-16 14:40:00,957.76,9.58,0.01,147.9815,147.197,149.5085,147.9785,BREAKEVEN,0.04,-0.03,-0.06,957.7,True
TR-USDJPY-2024-08-19T031000-0321,USDJPY,2,2024-08-19 03:10:00,2024-08-19 04:40:00,957.7,9.58,0.05,147.869,148.069,147.484,147.484,WIN,0.18,19.25,19.07,976.77,True
TR-USDJPY-2024-08-19T150000-0322,USDJPY,2,2024-08-19 15:00:00,2024-08-19 16:00:00,976.77,9.77,0.06,146.0765,146.239,145.7665,146.244,LOSS,0.21,-10.05,-10.26,966.51,True
TR-USDJPY-2024-08-20T031000-0323,USDJPY,2,2024-08-20 03:10:00,2024-08-20 04:40:00,966.51,9.67,0.03,146.482,146.803,145.855,146.485,BREAKEVEN,0.1,-0.09,-0.19,966.32,True
TR-USDJPY-2024-08-20T104000-0324,USDJPY,5,2024-08-20 10:40:00,2024-08-20 19:40:00,966.32,9.66,0.02,146.621,147.193,145.492,145.492,WIN,0.07,22.58,22.51,988.83,True
TR-USDJPY-2024-08-21T023000-0325,USDJPY,2,2024-08-21 02:30:00,2024-08-21 03:00:00,988.83,9.89,0.06,145.117,145.282,144.802,145.287,LOSS,0.21,-10.2,-10.41,978.42,True
TR-USDJPY-2024-08-21T033000-0326,USDJPY,5,2024-08-21 03:30:00,2024-08-21 04:00:00,978.42,9.78,0.04,145.212,145.461,144.729,145.466,LOSS,0.14,-10.16,-10.3,968.12,True
TR-USDJPY-2024-08-21T041000-0327,USDJPY,5,2024-08-21 04:10:00,2024-08-21 07:40:00,968.12,9.68,0.05,145.3785,145.578,144.9945,145.583,LOSS,0.18,-10.22,-10.4,957.72,True
TR-USDJPY-2024-08-21T155000-0328,USDJPY,5,2024-08-21 15:50:00,2024-08-21 16:00:00,957.72,9.58,0.1,145.892,145.989,145.713,145.713,WIN,0.35,17.9,17.55,975.27,True
TR-USDJPY-2024-08-22T083000-0329,USDJPY,5,2024-08-22 08:30:00,2024-08-22 09:00:00,975.27,9.75,0.05,145.0505,145.238,144.6905,145.243,LOSS,0.18,-9.62,-9.8,965.47,True
TR-USDJPY-2024-08-22T103000-0330,USDJPY,5,2024-08-22 10:30:00,2024-08-22 11:20:00,965.47,9.65,0.05,145.2735,145.484,144.8675,145.489,LOSS,0.18,-10.77,-10.95,954.52,True
TR-USDJPY-2024-08-23T030000-0331,USDJPY,5,2024-08-23 03:00:00,2024-08-23 03:40:00,954.52,9.55,0.06,146.175,146.012,146.459,146.007,LOSS,0.21,-10.08,-10.29,944.23,True
TR-USDJPY-2024-08-23T035000-0332,USDJPY,5,2024-08-23 03:50:00,2024-08-23 04:20:00,944.23,9.44,0.06,146.139,145.972,146.428,145.967,LOSS,0.21,-10.32,-10.53,933.7,True
TR-USDJPY-2024-08-23T094000-0333,USDJPY,5,2024-08-23 09:40:00,2024-08-23 10:30:00,933.7,9.34,0.04,145.6135,145.827,145.2015,145.6165,BREAKEVEN,0.14,-0.12,-0.26,933.44,True
TR-USDJPY-2024-08-23T152000-0334,USDJPY,2,2024-08-23 15:20:00,2024-08-23 15:30:00,933.44,9.33,0.15,145.981,145.908,146.097,146.097,WIN,0.53,17.4,16.87,950.31,True
TR-USDJPY-2024-08-26T031000-0335,USDJPY,2,2024-08-26 03:10:00,2024-08-26 04:50:00,950.31,9.5,0.04,143.8335,144.058,143.3995,143.8365,BREAKEVEN,0.14,-0.12,-0.26,950.05,True
TR-USDJPY-2024-08-26T090000-0336,USDJPY,5,2024-08-26 09:00:00,2024-08-26 09:40:00,950.05,9.5,0.08,144.063,144.194,143.816,143.816,WIN,0.28,19.76,19.48,969.53,True
TR-USDJPY-2024-08-26T102000-0337,USDJPY,2,2024-08-26 10:20:00,2024-08-26 10:50:00,969.53,9.7,0.07,143.688,143.833,143.413,143.838,LOSS,0.25,-10.5,-10.75,958.79,True
TR-USDJPY-2024-08-26T155000-0338,USDJPY,2,2024-08-26 15:50:00,2024-08-26 16:30:00,958.79,9.59,0.06,144.0775,144.251,143.7455,144.0805,BREAKEVEN,0.21,-0.18,-0.39,958.4,True
TR-USDJPY-2024-08-27T085000-0339,USDJPY,5,2024-08-27 08:50:00,2024-08-27 10:30:00,958.4,9.58,0.06,144.781,144.613,145.078,145.078,WIN,0.21,17.82,17.61,976.01,True
TR-USDJPY-2024-08-28T152000-0340,USDJPY,2,2024-08-28 15:20:00,2024-08-28 16:10:00,976.01,9.76,0.06,144.458,144.274,144.802,144.802,WIN,0.21,20.64,20.43,996.44,True
TR-USDJPY-2024-08-29T032000-0341,USDJPY,2,2024-08-29 03:20:00,2024-08-29 08:10:00,996.44,9.96,0.05,144.4845,144.29,144.8435,144.8435,WIN,0.18,17.95,17.77,1014.21,True
TR-USDJPY-2024-08-29T153000-0342,USDJPY,2,2024-08-29 15:30:00,2024-08-29 15:40:00,1014.21,10.14,0.22,144.644,144.58,144.721,144.721,WIN,0.77,16.94,16.17,1030.38,True
TR-USDJPY-2024-08-30T022000-0343,USDJPY,2,2024-08-30 02:20:00,2024-08-30 02:30:00,1030.38,10.3,0.22,144.9055,144.842,144.9815,144.9025,BREAKEVEN,0.77,-0.66,-1.43,1028.95,True
TR-USDJPY-2024-08-30T024000-0344,USDJPY,2,2024-08-30 02:40:00,2024-08-30 03:10:00,1028.95,10.29,0.05,145.014,144.798,145.419,144.793,LOSS,0.18,-11.05,-11.23,1017.73,True
TR-USDJPY-2024-08-30T035000-0345,USDJPY,2,2024-08-30 03:50:00,2024-08-30 04:00:00,1017.73,10.18,0.21,144.7915,144.734,144.8795,144.729,LOSS,0.73,-13.12,-13.86,1003.87,True
TR-USDJPY-2024-08-30T084000-0346,USDJPY,5,2024-08-30 08:40:00,2024-08-30 09:20:00,1003.87,10.04,0.15,144.835,144.757,144.955,144.955,WIN,0.53,18.0,17.48,1021.34,True
TR-USDJPY-2024-08-30T154000-0347,USDJPY,2,2024-08-30 15:40:00,2024-08-30 16:20:00,1021.34,10.21,0.05,145.431,145.224,145.812,145.428,BREAKEVEN,0.18,-0.15,-0.32,1021.02,True
TR-USDJPY-2024-09-02T081000-0348,USDJPY,2,2024-09-02 08:10:00,2024-09-02 09:10:00,1021.02,10.21,0.08,145.988,145.849,146.239,146.239,WIN,0.28,20.08,19.8,1040.82,True
TR-USDJPY-2024-09-02T104000-0349,USDJPY,2,2024-09-02 10:40:00,2024-09-02 10:50:00,1040.82,10.41,0.16,146.2375,146.161,146.3575,146.3575,WIN,0.56,19.2,18.64,1059.46,True
TR-USDJPY-2024-09-03T033000-0350,USDJPY,2,2024-09-03 03:30:00,2024-09-03 04:40:00,1059.46,10.59,0.06,146.835,146.661,147.156,146.832,BREAKEVEN,0.21,-0.18,-0.39,1059.07,True
TR-USDJPY-2024-09-03T154000-0351,USDJPY,5,2024-09-03 15:40:00,2024-09-03 16:10:00,1059.07,10.59,0.06,146.11,146.282,145.781,145.781,WIN,0.21,19.74,19.53,1078.6,True
TR-USDJPY-2024-09-04T033000-0352,USDJPY,5,2024-09-04 03:30:00,2024-09-04 03:40:00,1078.6,10.79,0.08,145.334,145.468,145.081,145.081,WIN,0.28,20.24,19.96,1098.56,True
TR-USDJPY-2024-09-04T070000-0353,USDJPY,2,2024-09-04 07:00:00,2024-09-04 08:10:00,1098.56,10.99,0.08,145.39,145.541,145.103,145.103,WIN,0.28,22.96,22.68,1121.24,True
TR-USDJPY-2024-09-04T100000-0354,USDJPY,2,2024-09-04 10:00:00,2024-09-04 17:00:00,1121.24,11.21,0.03,144.9985,145.338,144.3345,144.3345,WIN,0.1,19.92,19.81,1141.05,True
TR-USDJPY-2024-09-05T023000-0355,USDJPY,5,2024-09-05 02:30:00,2024-09-05 03:30:00,1141.05,11.41,0.05,143.462,143.685,143.031,143.69,LOSS,0.18,-11.4,-11.58,1129.48,True
TR-USDJPY-2024-09-05T091000-0356,USDJPY,5,2024-09-05 09:10:00,2024-09-05 10:10:00,1129.48,11.29,0.06,143.343,143.529,142.986,143.346,BREAKEVEN,0.21,-0.18,-0.39,1129.09,True
TR-USDJPY-2024-09-05T150000-0357,USDJPY,5,2024-09-05 15:00:00,2024-09-05 15:20:00,1129.09,11.29,0.11,143.4485,143.555,143.2505,143.2505,WIN,0.39,21.78,21.39,1150.48,True
TR-USDJPY-2024-09-05T153000-0358,USDJPY,2,2024-09-05 15:30:00,2024-09-05 16:20:00,1150.48,11.5,0.04,143.204,143.507,142.613,143.207,BREAKEVEN,0.14,-0.12,-0.26,1150.22,True
TR-USDJPY-2024-09-06T025000-0359,USDJPY,5,2024-09-06 02:50:00,2024-09-06 04:00:00,1150.22,11.5,0.12,143.4015,143.506,143.2075,143.2075,WIN,0.42,23.28,22.86,1173.08,True
TR-USDJPY-2024-09-06T153000-0360,USDJPY,5,2024-09-06 15:30:00,2024-09-12 03:10:00,1173.08,11.73,0.01,142.763,144.076,140.152,142.766,BREAKEVEN,0.04,-0.03,-0.06,1173.02,True
TR-USDJPY-2024-09-12T032000-0361,USDJPY,2,2024-09-12 03:20:00,2024-09-12 04:00:00,1173.02,11.73,0.06,142.7975,142.575,143.2065,142.57,LOSS,0.21,-13.65,-13.86,1159.16,True
TR-USDJPY-2024-09-12T085000-0362,USDJPY,5,2024-09-12 08:50:00,2024-09-12 09:10:00,1159.16,11.59,0.08,142.8225,142.669,143.0875,142.664,LOSS,0.28,-12.68,-12.96,1146.2,True
TR-USDJPY-2024-09-12T103000-0363,USDJPY,2,2024-09-12 10:30:00,2024-09-12 14:10:00,1146.2,11.46,0.03,142.8825,142.516,143.5825,142.511,LOSS,0.1,-11.14,-11.25,1134.95,True
TR-USDJPY-2024-09-13T105000-0364,USDJPY,2,2024-09-13 10:50:00,2024-09-13 16:50:00,1134.95,11.35,0.03,141.074,141.436,140.365,140.365,WIN,0.1,21.27,21.17,1156.11,True
TR-USDJPY-2024-09-16T031000-0365,USDJPY,2,2024-09-16 03:10:00,2024-09-16 03:30:00,1156.11,11.56,0.09,140.745,140.884,140.482,140.482,WIN,0.32,23.67,23.35,1179.47,True
TR-USDJPY-2024-09-16T034000-0366,USDJPY,5,2024-09-16 03:40:00,2024-09-16 06:40:00,1179.47,11.79,0.06,140.5445,140.757,140.1345,140.1345,WIN,0.21,24.6,24.39,1203.86,True
TR-USDJPY-2024-09-16T103000-0367,USDJPY,5,2024-09-16 10:30:00,2024-09-16 11:40:00,1203.86,12.04,0.08,139.769,139.924,139.474,139.929,LOSS,0.28,-12.8,-13.08,1190.78,True
TR-USDJPY-2024-09-16T150000-0368,USDJPY,5,2024-09-16 15:00:00,2024-09-16 15:40:00,1190.78,11.91,0.06,139.923,140.132,139.52,140.137,LOSS,0.21,-12.84,-13.05,1177.73,True
TR-USDJPY-2024-09-17T031000-0369,USDJPY,2,2024-09-17 03:10:00,2024-09-17 03:20:00,1177.73,11.78,0.23,140.825,140.763,140.916,140.758,LOSS,0.81,-15.41,-16.22,1161.51,True
TR-USDJPY-2024-09-17T035000-0370,USDJPY,2,2024-09-17 03:50:00,2024-09-17 04:10:00,1161.51,11.62,0.12,140.691,140.581,140.884,140.576,LOSS,0.42,-13.8,-14.22,1147.29,True
TR-USDJPY-2024-09-17T101000-0371,USDJPY,2,2024-09-17 10:10:00,2024-09-17 15:30:00,1147.29,11.47,0.06,140.545,140.731,140.188,140.736,LOSS,0.21,-11.46,-11.67,1135.62,True
TR-USDJPY-2024-09-17T154000-0372,USDJPY,2,2024-09-17 15:40:00,2024-09-17 16:40:00,1135.62,11.36,0.05,140.8045,140.568,141.2415,141.2415,WIN,0.18,21.85,21.68,1157.3,True
TR-USDJPY-2024-09-18T091000-0373,USDJPY,5,2024-09-18 09:10:00,2024-09-18 15:10:00,1157.3,11.57,0.05,141.5255,141.278,141.9845,141.9845,WIN,0.18,22.95,22.78,1180.07,True
TR-USDJPY-2024-09-18T153000-0374,USDJPY,2,2024-09-18 15:30:00,2024-09-18 16:10:00,1180.07,11.8,0.14,141.9185,141.825,142.0695,141.82,LOSS,0.49,-13.79,-14.28,1165.79,True
TR-USDJPY-2024-09-19T030000-0375,USDJPY,5,2024-09-19 03:00:00,2024-09-19 03:20:00,1165.79,11.66,0.07,142.679,142.498,142.999,142.999,WIN,0.25,22.4,22.16,1187.95,True
TR-USDJPY-2024-09-19T033000-0376,USDJPY,2,2024-09-19 03:30:00,2024-09-19 04:30:00,1187.95,11.88,0.03,143.024,142.663,143.707,143.707,WIN,0.1,20.49,20.38,1208.33,True
TR-USDJPY-2024-09-19T153000-0377,USDJPY,2,2024-09-19 15:30:00,2024-09-19 15:40:00,1208.33,12.08,0.15,142.85,142.747,142.984,142.984,WIN,0.53,20.1,19.58,1227.91,True
TR-USDJPY-2024-09-20T021000-0378,USDJPY,5,2024-09-20 02:10:00,2024-09-20 03:30:00,1227.91,12.28,0.09,142.6705,142.514,142.9385,142.6675,BREAKEVEN,0.32,-0.27,-0.58,1227.32,True
TR-USDJPY-2024-09-20T093000-0379,USDJPY,5,2024-09-20 09:30:00,2024-09-20 09:40:00,1227.32,12.27,0.04,142.0115,142.34,141.3695,142.345,LOSS,0.14,-13.34,-13.48,1213.84,True
TR-USDJPY-2024-09-20T105000-0380,USDJPY,2,2024-09-20 10:50:00,2024-09-20 14:10:00,1213.84,12.14,0.03,143.443,142.983,144.318,144.318,WIN,0.1,26.25,26.14,1239.99,True
TR-USDJPY-2024-09-23T030000-0381,USDJPY,2,2024-09-23 03:00:00,2024-09-23 03:30:00,1239.99,12.4,0.09,143.964,143.816,144.224,144.224,WIN,0.32,23.4,23.08,1263.07,True
TR-USDJPY-2024-09-23T153000-0382,USDJPY,5,2024-09-23 15:30:00,2024-09-23 16:50:00,1263.07,12.63,0.07,143.68,143.483,144.038,144.038,WIN,0.25,25.06,24.82,1287.89,True
TR-USDJPY-2024-09-24T030000-0383,USDJPY,5,2024-09-24 03:00:00,2024-09-24 03:30:00,1287.89,12.88,0.09,143.622,143.766,143.349,143.625,BREAKEVEN,0.32,-0.27,-0.58,1287.3,True
TR-USDJPY-2024-09-24T100000-0384,USDJPY,2,2024-09-24 10:00:00,2024-09-24 10:30:00,1287.3,12.87,0.08,144.3895,144.227,144.6815,144.3865,BREAKEVEN,0.28,-0.24,-0.52,1286.78,True
TR-USDJPY-2024-09-25T024000-0385,USDJPY,2,2024-09-25 02:40:00,2024-09-25 03:10:00,1286.78,12.87,0.12,143.0445,143.16,142.8285,143.0475,BREAKEVEN,0.42,-0.36,-0.78,1286.0,True
TR-USDJPY-2024-09-25T070000-0386,USDJPY,6,2024-09-25 07:00:00,2024-09-25 09:10:00,1286.0,12.86,0.1,143.3355,143.471,143.0795,143.3385,BREAKEVEN,0.35,-0.3,-0.65,1285.35,True
TR-USDJPY-2024-09-26T041000-0387,USDJPY,2,2024-09-26 04:10:00,2024-09-26 04:30:00,1285.35,12.85,0.1,144.5705,144.438,144.8085,144.8085,WIN,0.35,23.8,23.45,1308.8,True
TR-USDJPY-2024-09-26T044000-0388,USDJPY,5,2024-09-26 04:40:00,2024-09-26 11:30:00,1308.8,13.09,0.05,144.808,144.546,145.29,144.805,BREAKEVEN,0.18,-0.15,-0.32,1308.48,True
TR-USDJPY-2024-09-27T034000-0389,USDJPY,2,2024-09-27 03:40:00,2024-09-27 05:10:00,1308.48,13.08,0.07,145.185,144.984,145.548,145.182,BREAKEVEN,0.25,-0.21,-0.45,1308.02,True
TR-USDJPY-2024-09-27T072000-0390,USDJPY,5,2024-09-27 07:20:00,2024-09-27 08:10:00,1308.02,13.08,0.06,145.381,145.144,145.834,145.834,WIN,0.21,27.18,26.97,1334.99,True
TR-USDJPY-2024-09-27T150000-0391,USDJPY,5,2024-09-27 15:00:00,2024-09-27 15:30:00,1334.99,13.35,0.1,143.1235,143.26,142.8655,143.1265,BREAKEVEN,0.35,-0.3,-0.65,1334.34,True
TR-USDJPY-2024-09-27T154000-0392,USDJPY,2,2024-09-27 15:40:00,2024-09-27 16:30:00,1334.34,13.34,0.04,142.922,143.255,142.271,142.925,BREAKEVEN,0.14,-0.12,-0.26,1334.08,True
TR-USDJPY-2024-09-30T080000-0393,USDJPY,5,2024-09-30 08:00:00,2024-09-30 08:40:00,1334.08,13.34,0.11,142.138,142.262,141.905,141.905,WIN,0.39,25.63,25.25,1359.33,True
TR-USDJPY-2024-10-01T025000-0394,USDJPY,5,2024-10-01 02:50:00,2024-10-01 03:00:00,1359.33,13.59,0.15,143.5005,143.397,143.6625,143.6625,WIN,0.53,24.3,23.78,1383.1,True
TR-USDJPY-2024-10-01T031000-0395,USDJPY,2,2024-10-01 03:10:00,2024-10-01 03:50:00,1383.1,13.83,0.07,143.6835,143.484,144.0495,144.0495,WIN,0.25,25.62,25.38,1408.48,True
TR-USDJPY-2024-10-01T155000-0396,USDJPY,2,2024-10-01 15:50:00,2024-10-01 16:40:00,1408.48,14.08,0.06,143.892,143.643,144.363,143.638,LOSS,0.21,-15.24,-15.45,1393.03,True
TR-USDJPY-2024-10-02T030000-0397,USDJPY,5,2024-10-02 03:00:00,2024-10-02 03:30:00,1393.03,13.93,0.1,143.6615,143.515,143.9155,143.6585,BREAKEVEN,0.35,-0.3,-0.65,1392.38,True
TR-USDJPY-2024-10-02T035000-0398,USDJPY,2,2024-10-02 03:50:00,2024-10-02 04:10:00,1392.38,13.92,0.11,143.7515,143.619,143.9835,143.614,LOSS,0.39,-15.12,-15.51,1376.87,True
TR-USDJPY-2024-10-02T043000-0399,USDJPY,5,2024-10-02 04:30:00,2024-10-02 05:50:00,1376.87,13.77,0.09,143.691,143.53,143.977,143.977,WIN,0.32,25.74,25.43,1402.29,True
TR-USDJPY-2024-10-02T102000-0400,USDJPY,2,2024-10-02 10:20:00,2024-10-02 12:00:00,1402.29,14.02,0.09,144.0225,143.864,144.3125,144.3125,WIN,0.32,26.1,25.78,1428.08,True
TR-USDJPY-2024-10-02T152000-0401,USDJPY,5,2024-10-02 15:20:00,2024-10-02 16:20:00,1428.08,14.28,0.06,144.906,144.639,145.413,145.413,WIN,0.21,30.42,30.21,1458.29,True
TR-USDJPY-2024-10-03T031000-0402,USDJPY,2,2024-10-03 03:10:00,2024-10-03 03:30:00,1458.29,14.58,0.15,146.538,146.427,146.721,146.721,WIN,0.53,27.45,26.93,1485.21,True
TR-USDJPY-2024-10-04T030000-0403,USDJPY,2,2024-10-04 03:00:00,2024-10-04 03:50:00,1485.21,14.85,0.33,146.7775,146.72,146.8535,146.8535,WIN,1.16,25.08,23.92,1509.14,True
TR-USDJPY-2024-10-04T150000-0404,USDJPY,2,2024-10-04 15:00:00,2024-10-04 15:30:00,1509.14,15.09,0.13,146.5495,146.415,146.7705,146.5465,BREAKEVEN,0.46,-0.39,-0.84,1508.29,True
TR-USDJPY-2024-10-04T154000-0405,USDJPY,2,2024-10-04 15:40:00,2024-10-09 19:30:00,1508.29,15.08,0.02,147.344,146.367,149.268,149.268,WIN,0.07,38.48,38.41,1546.7,True
TR-USDJPY-2024-10-10T035000-0406,USDJPY,5,2024-10-10 03:50:00,2024-10-10 07:30:00,1546.7,15.47,0.16,149.1085,149.004,149.2905,149.2905,WIN,0.56,29.12,28.56,1575.26,True
TR-USDJPY-2024-10-11T040000-0407,USDJPY,5,2024-10-11 04:00:00,2024-10-11 09:10:00,1575.26,15.75,0.06,148.5275,148.778,148.0415,148.783,LOSS,0.21,-15.33,-15.54,1559.72,True
TR-USDJPY-2024-10-11T154000-0408,USDJPY,5,2024-10-11 15:40:00,2024-10-14 14:10:00,1559.72,15.6,0.05,149.0595,148.736,149.6735,149.6735,WIN,0.18,30.7,30.53,1590.25,True
TR-USDJPY-2024-10-15T152000-0409,USDJPY,2,2024-10-15 15:20:00,2024-10-15 15:40:00,1590.25,15.9,0.14,149.3105,149.431,149.0845,149.0845,WIN,0.49,31.64,31.15,1621.4,True
TR-USDJPY-2024-10-16T030000-0410,USDJPY,5,2024-10-16 03:00:00,2024-10-16 08:40:00,1621.4,16.21,0.1,149.1415,149.314,148.8115,149.319,LOSS,0.35,-17.75,-18.1,1603.3,True
TR-USDJPY-2024-10-16T150000-0411,USDJPY,2,2024-10-16 15:00:00,2024-10-16 15:40:00,1603.3,16.03,0.11,149.202,149.358,148.905,149.363,LOSS,0.39,-17.71,-18.1,1585.2,True
TR-USDJPY-2024-10-17T101000-0412,USDJPY,2,2024-10-17 10:10:00,2024-10-17 12:40:00,1585.2,15.85,0.14,149.6815,149.563,149.8915,149.6785,BREAKEVEN,0.49,-0.42,-0.91,1584.29,True
TR-USDJPY-2024-10-17T153000-0413,USDJPY,2,2024-10-17 15:30:00,2024-10-17 15:40:00,1584.29,15.84,0.37,149.5765,149.517,149.6445,149.6445,WIN,1.29,25.16,23.87,1608.16,True
TR-USDJPY-2024-10-17T155000-0414,USDJPY,2,2024-10-17 15:50:00,2024-10-18 19:40:00,1608.16,16.08,0.04,149.917,149.457,150.813,149.452,LOSS,0.14,-18.6,-18.74,1589.42,True
TR-USDJPY-2024-10-21T031000-0415,USDJPY,5,2024-10-21 03:10:00,2024-10-21 09:30:00,1589.42,15.89,0.08,149.4535,149.65,149.0755,149.4565,BREAKEVEN,0.28,-0.24,-0.52,1588.9,True
TR-USDJPY-2024-10-21T151000-0416,USDJPY,2,2024-10-21 15:10:00,2024-10-21 15:30:00,1588.9,15.89,0.12,149.973,149.833,150.22,149.828,LOSS,0.42,-17.4,-17.82,1571.08,True
TR-USDJPY-2024-10-22T100000-0417,USDJPY,2,2024-10-22 10:00:00,2024-10-22 10:30:00,1571.08,15.71,0.21,150.759,150.677,150.899,150.899,WIN,0.73,29.4,28.67,1599.74,True
TR-USDJPY-2024-10-22T104000-0418,USDJPY,2,2024-10-22 10:40:00,2024-10-22 16:30:00,1599.74,16.0,0.07,150.937,150.704,151.376,150.699,LOSS,0.25,-16.66,-16.9,1582.84,True
TR-USDJPY-2024-10-23T030000-0419,USDJPY,5,2024-10-23 03:00:00,2024-10-23 03:20:00,1582.84,15.83,0.2,151.1245,151.036,151.2745,151.2745,WIN,0.7,30.0,29.3,1612.14,True
TR-USDJPY-2024-10-23T102000-0420,USDJPY,5,2024-10-23 10:20:00,2024-10-23 12:20:00,1612.14,16.12,0.12,152.383,152.237,152.639,152.639,WIN,0.42,30.72,30.3,1642.44,True
TR-USDJPY-2024-10-25T072000-0421,USDJPY,2,2024-10-25 07:20:00,2024-10-25 09:10:00,1642.44,16.42,0.11,151.7525,151.909,151.4545,151.7555,BREAKEVEN,0.39,-0.33,-0.71,1641.72,True
TR-USDJPY-2024-10-25T154000-0422,USDJPY,5,2024-10-25 15:40:00,2024-10-25 19:10:00,1641.72,16.42,0.09,151.9375,152.128,151.5715,152.133,LOSS,0.32,-17.59,-17.91,1623.81,True
TR-USDJPY-2024-10-28T030000-0423,USDJPY,2,2024-10-28 03:00:00,2024-10-28 03:50:00,1623.81,16.24,0.07,153.3855,153.14,153.8405,153.8405,WIN,0.25,31.85,31.6,1655.42,True
TR-USDJPY-2024-10-28T101000-0424,USDJPY,2,2024-10-28 10:10:00,2024-10-28 11:00:00,1655.42,16.55,0.12,153.3085,153.156,153.5865,153.151,LOSS,0.42,-18.9,-19.32,1636.1,True
TR-USDJPY-2024-10-29T093000-0425,USDJPY,2,2024-10-29 09:30:00,2024-10-29 13:50:00,1636.1,16.36,0.08,153.1685,152.962,153.5425,153.5425,WIN,0.28,29.92,29.64,1665.74,True
TR-USDJPY-2024-10-31T030000-0426,USDJPY,2,2024-10-31 03:00:00,2024-10-31 05:20:00,1665.74,16.66,0.07,153.4325,153.185,153.8945,153.18,LOSS,0.25,-17.67,-17.92,1647.82,True
TR-USDJPY-2024-10-31T085000-0427,USDJPY,5,2024-10-31 08:50:00,2024-10-31 11:10:00,1647.82,16.48,0.04,152.4705,152.923,151.5805,152.4735,BREAKEVEN,0.14,-0.12,-0.26,1647.56,True
TR-USDJPY-2024-11-01T031000-0428,USDJPY,5,2024-11-01 03:10:00,2024-11-01 03:40:00,1647.56,16.48,0.12,152.0025,152.145,151.7325,152.15,LOSS,0.42,-17.7,-18.12,1629.44,True
TR-USDJPY-2024-11-04T033000-0429,USDJPY,5,2024-11-04 03:30:00,2024-11-04 07:10:00,1629.44,16.29,0.09,151.931,152.112,151.584,151.934,BREAKEVEN,0.32,-0.27,-0.58,1628.85,True
TR-USDJPY-2024-11-06T083000-0430,USDJPY,5,2024-11-06 08:30:00,2024-11-06 09:20:00,1628.85,16.29,0.06,153.932,153.626,154.502,153.929,BREAKEVEN,0.21,-0.18,-0.39,1628.46,True
TR-USDJPY-2024-11-06T101000-0431,USDJPY,5,2024-11-06 10:10:00,2024-11-06 14:30:00,1628.46,16.28,0.08,153.899,153.674,154.313,154.313,WIN,0.28,33.12,32.84,1661.3,True
TR-USDJPY-2024-11-07T022000-0432,USDJPY,5,2024-11-07 02:20:00,2024-11-07 06:20:00,1661.3,16.61,0.08,154.4655,154.236,154.8765,154.231,LOSS,0.28,-18.76,-19.04,1642.26,True
TR-USDJPY-2024-11-08T030000-0433,USDJPY,6,2024-11-08 03:00:00,2024-11-08 03:10:00,1642.26,16.42,0.25,153.046,153.116,152.921,153.121,LOSS,0.88,-18.75,-19.62,1622.64,True
TR-USDJPY-2024-11-08T040000-0434,USDJPY,5,2024-11-08 04:00:00,2024-11-08 06:20:00,1622.64,16.23,0.06,153.121,153.393,152.592,152.592,WIN,0.21,31.74,31.53,1654.17,True
TR-USDJPY-2024-11-08T095000-0435,USDJPY,5,2024-11-08 09:50:00,2024-11-08 10:50:00,1654.17,16.54,0.12,152.7675,152.908,152.5015,152.5015,WIN,0.42,31.92,31.5,1685.67,True
TR-USDJPY-2024-11-08T150000-0436,USDJPY,2,2024-11-08 15:00:00,2024-11-08 15:20:00,1685.67,16.86,0.11,152.386,152.539,152.095,152.544,LOSS,0.39,-17.38,-17.76,1667.9,True
TR-USDJPY-2024-11-11T100000-0437,USDJPY,2,2024-11-11 10:00:00,2024-11-12 01:50:00,1667.9,16.68,0.07,153.548,153.289,154.03,153.545,BREAKEVEN,0.25,-0.21,-0.45,1667.45,True
TR-USDJPY-2024-11-12T025000-0438,USDJPY,2,2024-11-12 02:50:00,2024-11-12 03:30:00,1667.45,16.67,0.15,153.7005,153.58,153.9055,153.9055,WIN,0.53,30.75,30.22,1697.67,True
TR-USDJPY-2024-11-12T102000-0439,USDJPY,2,2024-11-12 10:20:00,2024-11-12 15:10:00,1697.67,16.98,0.1,153.8505,153.67,154.1815,154.1815,WIN,0.35,33.1,32.75,1730.42,True
TR-USDJPY-2024-11-12T154000-0440,USDJPY,2,2024-11-12 15:40:00,2024-11-12 18:00:00,1730.42,17.3,0.11,154.2265,154.063,154.5205,154.5205,WIN,0.39,32.34,31.95,1762.38,False
TR-USDJPY-2024-11-13T031000-0441,USDJPY,2,2024-11-13 03:10:00,2024-11-13 03:50:00,1762.38,17.62,0.14,154.827,154.69,155.056,154.685,LOSS,0.49,-19.88,-20.37,1742.01,True
TR-USDJPY-2024-11-13T100000-0442,USDJPY,5,2024-11-13 10:00:00,2024-11-13 10:40:00,1742.01,17.42,0.15,155.0585,154.935,155.2725,155.0555,BREAKEVEN,0.53,-0.45,-0.97,1741.03,True
TR-USDJPY-2024-11-13T152000-0443,USDJPY,2,2024-11-13 15:20:00,2024-11-13 15:30:00,1741.03,17.41,0.14,155.0105,154.874,155.2535,154.869,LOSS,0.49,-19.81,-20.3,1720.73,True
TR-USDJPY-2024-11-14T035000-0444,USDJPY,5,2024-11-14 03:50:00,2024-11-14 05:30:00,1720.73,17.21,0.15,155.869,155.747,156.083,155.866,BREAKEVEN,0.53,-0.45,-0.97,1719.76,True
TR-USDJPY-2024-11-14T100000-0445,USDJPY,1,2024-11-14 10:00:00,2024-11-14 11:30:00,1719.76,17.2,0.16,155.8165,155.698,156.0235,156.0235,WIN,0.56,33.12,32.56,1752.32,True
TR-USDJPY-2024-11-14T154000-0446,USDJPY,2,2024-11-14 15:40:00,2024-11-14 16:30:00,1752.32,17.52,0.09,155.957,155.744,156.344,155.739,LOSS,0.32,-19.62,-19.93,1732.38,True
TR-USDJPY-2024-11-15T020000-0447,USDJPY,5,2024-11-15 02:00:00,2024-11-15 02:40:00,1732.38,17.32,0.14,156.42,156.274,156.652,156.652,WIN,0.49,32.48,31.99,1764.37,True
TR-USDJPY-2024-11-15T074000-0448,USDJPY,2,2024-11-15 07:40:00,2024-11-15 08:00:00,1764.37,17.64,0.43,156.388,156.333,156.456,156.456,WIN,1.5,29.24,27.74,1792.11,True
TR-USDJPY-2024-11-15T151000-0449,USDJPY,5,2024-11-15 15:10:00,2024-11-15 16:40:00,1792.11,17.92,0.07,155.383,155.636,154.892,155.641,LOSS,0.25,-18.06,-18.3,1773.8,True
TR-USDJPY-2024-11-18T020000-0450,USDJPY,5,2024-11-18 02:00:00,2024-11-18 02:30:00,1773.8,17.74,0.08,154.5285,154.762,154.0765,154.0765,WIN,0.28,36.16,35.88,1809.68,True
TR-USDJPY-2024-11-18T100000-0451,USDJPY,2,2024-11-18 10:00:00,2024-11-18 10:40:00,1809.68,18.1,0.12,154.6405,154.796,154.3445,154.801,LOSS,0.42,-19.26,-19.68,1790.0,True
TR-USDJPY-2024-11-18T155000-0452,USDJPY,5,2024-11-18 15:50:00,2024-11-18 17:50:00,1790.0,17.9,0.06,155.0075,155.292,154.4535,155.0105,BREAKEVEN,0.21,-0.18,-0.39,1789.61,True
TR-USDJPY-2024-11-19T031000-0453,USDJPY,5,2024-11-19 03:10:00,2024-11-19 04:10:00,1789.61,17.9,0.11,154.327,154.491,154.014,154.014,WIN,0.39,34.43,34.04,1823.66,True
TR-USDJPY-2024-11-19T101000-0454,USDJPY,5,2024-11-19 10:10:00,2024-11-19 10:20:00,1823.66,18.24,0.12,154.5225,154.679,154.2245,154.2245,WIN,0.42,35.76,35.34,1859.0,True
TR-USDJPY-2024-11-19T103000-0455,USDJPY,5,2024-11-19 10:30:00,2024-11-19 10:40:00,1859.0,18.59,0.07,154.295,154.574,153.752,153.752,WIN,0.25,38.01,37.76,1896.76,True
TR-USDJPY-2024-11-19T105000-0456,USDJPY,2,2024-11-19 10:50:00,2024-11-19 13:40:00,1896.76,18.97,0.05,153.9115,154.292,153.1655,153.9145,BREAKEVEN,0.18,-0.15,-0.32,1896.44,True
TR-USDJPY-2024-11-19T151000-0457,USDJPY,2,2024-11-19 15:10:00,2024-11-19 15:50:00,1896.44,18.96,0.08,153.989,154.229,153.524,153.524,WIN,0.28,37.2,36.92,1933.36,True
TR-USDJPY-2024-11-20T080000-0458,USDJPY,5,2024-11-20 08:00:00,2024-11-20 08:30:00,1933.36,19.33,0.19,155.14,155.024,155.33,155.33,WIN,0.67,36.1,35.44,1968.79,True
TR-USDJPY-2024-11-20T100000-0459,USDJPY,2,2024-11-20 10:00:00,2024-11-20 16:20:00,1968.79,19.69,0.1,155.6335,155.436,156.0015,155.6305,BREAKEVEN,0.35,-0.3,-0.65,1968.14,True
TR-USDJPY-2024-11-21T103000-0460,USDJPY,5,2024-11-21 10:30:00,2024-11-21 11:10:00,1968.14,19.68,0.08,154.7745,155.015,154.3085,154.3085,WIN,0.28,37.28,37.0,2005.14,True
TR-USDJPY-2024-11-21T154000-0461,USDJPY,5,2024-11-21 15:40:00,2024-11-21 18:10:00,2005.14,20.05,0.06,154.376,154.726,153.691,154.379,BREAKEVEN,0.21,-0.18,-0.39,2004.75,True
TR-USDJPY-2024-11-22T045000-0462,USDJPY,5,2024-11-22 04:50:00,2024-11-22 05:40:00,2004.75,20.05,0.18,154.4115,154.526,154.1975,154.1975,WIN,0.63,38.52,37.89,2042.64,True
TR-USDJPY-2024-11-22T152000-0463,USDJPY,2,2024-11-22 15:20:00,2024-11-22 16:10:00,2042.64,20.43,0.15,154.4235,154.569,154.1475,154.4265,BREAKEVEN,0.53,-0.45,-0.97,2041.67,True
TR-USDJPY-2024-11-25T033000-0464,USDJPY,2,2024-11-25 03:30:00,2024-11-25 06:00:00,2041.67,20.42,0.06,153.9435,154.265,153.3155,153.9465,BREAKEVEN,0.21,-0.18,-0.39,2041.28,True
TR-USDJPY-2024-11-25T150000-0465,USDJPY,5,2024-11-25 15:00:00,2024-11-25 18:00:00,2041.28,20.41,0.06,154.1915,154.518,153.5535,154.1945,BREAKEVEN,0.21,-0.18,-0.39,2040.89,True
TR-USDJPY-2024-11-26T032000-0466,USDJPY,2,2024-11-26 03:20:00,2024-11-26 08:40:00,2040.89,20.41,0.1,153.9485,154.168,153.5245,153.9515,BREAKEVEN,0.35,-0.3,-0.65,2040.24,True
TR-USDJPY-2024-11-26T103000-0467,USDJPY,5,2024-11-26 10:30:00,2024-11-26 11:30:00,2040.24,20.4,0.08,153.836,154.089,153.345,154.094,LOSS,0.28,-20.64,-20.92,2019.32,True
TR-USDJPY-2024-11-27T020000-0468,USDJPY,5,2024-11-27 02:00:00,2024-11-27 05:40:00,2019.32,20.19,0.08,152.995,153.251,152.498,152.498,WIN,0.28,39.76,39.48,2058.8,True
TR-USDJPY-2024-11-27T103000-0469,USDJPY,5,2024-11-27 10:30:00,2024-11-27 17:20:00,2058.8,20.59,0.06,151.614,151.991,150.875,151.617,BREAKEVEN,0.21,-0.18,-0.39,2058.41,True
TR-USDJPY-2024-11-29T023000-0470,USDJPY,5,2024-11-29 02:30:00,2024-11-29 03:10:00,2058.41,20.58,0.06,150.903,151.241,150.242,150.242,WIN,0.21,39.66,39.45,2097.86,True
TR-USDJPY-2024-11-29T090000-0471,USDJPY,5,2024-11-29 09:00:00,2024-11-29 09:30:00,2097.86,20.98,0.15,150.029,150.176,149.75,149.75,WIN,0.53,41.85,41.32,2139.18,True
TR-USDJPY-2024-11-29T153000-0472,USDJPY,5,2024-11-29 15:30:00,2024-11-29 16:20:00,2139.18,21.39,0.21,150.1455,150.254,149.9435,150.1485,BREAKEVEN,0.73,-0.63,-1.36,2137.82,True
TR-USDJPY-2024-12-03T031000-0473,USDJPY,6,2024-12-03 03:10:00,2024-12-03 03:50:00,2137.82,21.38,0.13,149.7385,149.913,149.4045,149.918,LOSS,0.46,-23.33,-23.79,2114.03,True
TR-USDJPY-2024-12-03T093000-0474,USDJPY,5,2024-12-03 09:30:00,2024-12-03 10:10:00,2114.03,21.14,0.1,149.941,150.165,149.508,150.17,LOSS,0.35,-22.9,-23.25,2090.78,True
TR-USDJPY-2024-12-03T103000-0475,USDJPY,5,2024-12-03 10:30:00,2024-12-03 12:50:00,2090.78,20.91,0.12,150.0335,150.212,149.6915,150.0365,BREAKEVEN,0.42,-0.36,-0.78,2090.0,True
TR-USDJPY-2024-12-03T150000-0476,USDJPY,5,2024-12-03 15:00:00,2024-12-03 15:40:00,2090.0,20.9,0.1,149.6865,149.907,149.2605,149.2605,WIN,0.35,42.6,42.25,2132.25,True
TR-USDJPY-2024-12-03T155000-0477,USDJPY,5,2024-12-03 15:50:00,2024-12-03 16:40:00,2132.25,21.32,0.07,149.3135,149.623,148.7095,148.7095,WIN,0.25,42.28,42.03,2174.28,True
TR-USDJPY-2024-12-04T073000-0478,USDJPY,5,2024-12-04 07:30:00,2024-12-04 08:30:00,2174.28,21.74,0.17,149.9985,149.855,150.2465,149.9955,BREAKEVEN,0.6,-0.51,-1.1,2173.18,True
TR-USDJPY-2024-12-04T093000-0479,USDJPY,5,2024-12-04 09:30:00,2024-12-04 12:20:00,2173.18,21.73,0.08,150.2285,149.943,150.7665,150.7665,WIN,0.28,43.04,42.76,2215.94,True
TR-USDJPY-2024-12-04T150000-0480,USDJPY,2,2024-12-04 15:00:00,2024-12-04 15:30:00,2215.94,22.16,0.16,151.108,150.955,151.381,150.95,LOSS,0.56,-25.28,-25.84,2190.1,True
TR-USDJPY-2024-12-05T034000-0481,USDJPY,2,2024-12-05 03:40:00,2024-12-05 07:20:00,2190.1,21.9,0.1,150.3805,150.15,150.7905,150.145,LOSS,0.35,-23.55,-23.9,2166.2,True
TR-USDJPY-2024-12-05T084000-0482,USDJPY,5,2024-12-05 08:40:00,2024-12-05 09:20:00,2166.2,21.66,0.15,149.7735,149.92,149.4955,149.925,LOSS,0.53,-22.72,-23.25,2142.95,True
TR-USDJPY-2024-12-05T154000-0483,USDJPY,2,2024-12-05 15:40:00,2024-12-05 18:20:00,2142.95,21.43,0.08,150.4485,150.151,151.0015,150.146,LOSS,0.28,-24.2,-24.48,2118.47,True
TR-USDJPY-2024-12-06T025000-0484,USDJPY,5,2024-12-06 02:50:00,2024-12-06 10:20:00,2118.47,21.18,0.09,149.994,150.227,149.543,150.232,LOSS,0.32,-21.42,-21.73,2096.73,True
TR-USDJPY-2024-12-09T020000-0485,USDJPY,5,2024-12-09 02:00:00,2024-12-09 08:20:00,2096.73,20.97,0.12,149.887,150.07,149.536,150.075,LOSS,0.42,-22.56,-22.98,2073.75,True
TR-USDJPY-2024-12-09T103000-0486,USDJPY,2,2024-12-09 10:30:00,2024-12-09 14:30:00,2073.75,20.74,0.2,150.406,150.291,150.609,150.609,WIN,0.7,40.6,39.9,2113.65,True
TR-USDJPY-2024-12-10T030000-0487,USDJPY,5,2024-12-10 03:00:00,2024-12-10 04:10:00,2113.65,21.14,0.14,151.3825,151.22,151.6715,151.215,LOSS,0.49,-23.45,-23.94,2089.71,True
TR-USDJPY-2024-12-10T100000-0488,USDJPY,5,2024-12-10 10:00:00,2024-12-10 11:20:00,2089.71,20.9,0.1,151.498,151.285,151.891,151.495,BREAKEVEN,0.35,-0.3,-0.65,2089.06,True
TR-USDJPY-2024-12-11T152000-0489,USDJPY,2,2024-12-11 15:20:00,2024-12-11 15:30:00,2089.06,20.89,0.5,152.6075,152.553,152.6775,152.6045,BREAKEVEN,1.75,-1.5,-3.25,2085.81,True
TR-USDJPY-2024-12-12T074000-0490,USDJPY,5,2024-12-12 07:40:00,2024-12-12 08:10:00,2085.81,20.86,0.14,152.3625,152.198,152.6525,152.6525,WIN,0.49,40.6,40.11,2125.92,True
TR-USDJPY-2024-12-13T033000-0491,USDJPY,5,2024-12-13 03:30:00,2024-12-13 03:50:00,2125.92,21.26,0.26,152.842,152.744,152.99,152.739,LOSS,0.91,-26.78,-27.69,2098.23,True
TR-USDJPY-2024-12-13T103000-0492,USDJPY,2,2024-12-13 10:30:00,2024-12-13 11:40:00,2098.23,20.98,0.12,152.95,152.757,153.3,153.3,WIN,0.42,42.0,41.58,2139.81,True
TR-USDJPY-2024-12-16T030000-0493,USDJPY,2,2024-12-16 03:00:00,2024-12-16 07:00:00,2139.81,21.4,0.12,153.7405,153.548,154.0895,153.7375,BREAKEVEN,0.42,-0.36,-0.78,2139.03,True
TR-USDJPY-2024-12-16T104000-0494,USDJPY,2,2024-12-16 10:40:00,2024-12-16 14:20:00,2139.03,21.39,0.15,153.586,153.43,153.859,153.859,WIN,0.53,40.95,40.42,2179.46,False
TR-USDJPY-2024-12-17T031000-0495,USDJPY,2,2024-12-17 03:10:00,2024-12-17 03:30:00,2179.46,21.79,0.16,154.232,154.076,154.496,154.071,LOSS,0.56,-25.76,-26.32,2153.14,True
TR-USDJPY-2024-12-17T151000-0496,USDJPY,2,2024-12-17 15:10:00,2024-12-17 15:30:00,2153.14,21.53,0.16,153.9065,153.76,154.1635,153.755,LOSS,0.56,-24.24,-24.8,2128.34,True
TR-USDJPY-2024-12-17T154000-0497,USDJPY,2,2024-12-17 15:40:00,2024-12-17 16:10:00,2128.34,21.28,0.18,153.808,153.675,154.032,153.67,LOSS,0.63,-24.84,-25.47,2102.87,True
TR-USDJPY-2024-12-18T083000-0498,USDJPY,5,2024-12-18 08:30:00,2024-12-18 09:50:00,2102.87,21.03,0.23,153.4155,153.512,153.2375,153.517,LOSS,0.81,-23.34,-24.15,2078.72,True
TR-USDJPY-2024-12-19T072000-0499,USDJPY,5,2024-12-19 07:20:00,2024-12-19 08:00:00,2078.72,20.79,0.18,155.364,155.227,155.581,155.222,LOSS,0.63,-25.56,-26.19,2052.53,True
TR-USDJPY-2024-12-19T153000-0500,USDJPY,2,2024-12-19 15:30:00,2024-12-19 15:40:00,2052.53,20.53,0.26,156.914,156.82,157.054,156.815,LOSS,0.91,-25.74,-26.65,2025.88,True
TR-USDJPY-2024-12-23T035000-0501,USDJPY,2,2024-12-23 03:50:00,2024-12-23 09:10:00,2025.88,20.26,0.13,156.5045,156.667,156.1945,156.672,LOSS,0.46,-21.77,-22.23,2003.65,True
TR-USDJPY-2024-12-23T104000-0502,USDJPY,1,2024-12-23 10:40:00,2024-12-23 12:20:00,2003.65,20.04,0.23,156.573,156.471,156.738,156.738,WIN,0.81,37.95,37.14,2040.79,True
TR-USDJPY-2024-12-23T154000-0503,USDJPY,2,2024-12-23 15:40:00,2024-12-23 18:50:00,2040.79,20.41,0.15,157.215,157.068,157.476,157.063,LOSS,0.53,-22.8,-23.32,2017.47,True
TR-USDJPY-2024-12-24T022000-0504,USDJPY,2,2024-12-24 02:20:00,2024-12-24 03:10:00,2017.47,20.17,0.19,157.2455,157.126,157.4365,157.2425,BREAKEVEN,0.67,-0.57,-1.23,2016.23,True
TR-USDJPY-2024-12-24T100000-0505,USDJPY,2,2024-12-24 10:00:00,2024-12-24 18:20:00,2016.23,20.16,0.16,157.1195,156.981,157.3605,157.3605,WIN,0.56,38.56,38.0,2054.23,True
TR-USDJPY-2024-12-25T030000-0506,USDJPY,5,2024-12-25 03:00:00,2024-12-25 05:50:00,2054.23,20.54,0.15,157.2485,157.02,157.4385,157.015,LOSS,0.53,-35.02,-35.55,2018.68,True
TR-USDJPY-2024-12-26T030000-0507,USDJPY,2,2024-12-26 03:00:00,2024-12-26 13:20:00,2018.68,20.19,0.16,157.2735,157.134,157.5075,157.5075,WIN,0.56,37.44,36.88,2055.56,True
TR-USDJPY-2024-12-26T154000-0508,USDJPY,2,2024-12-26 15:40:00,2024-12-26 17:40:00,2055.56,20.56,0.16,157.728,157.588,157.963,157.963,WIN,0.56,37.6,37.04,2092.6,True
TR-USDJPY-2024-12-27T030000-0509,USDJPY,2,2024-12-27 03:00:00,2024-12-27 04:10:00,2092.6,20.93,0.14,157.826,157.665,158.109,157.66,LOSS,0.49,-23.24,-23.73,2068.87,True
TR-USDJPY-2024-12-27T074000-0510,USDJPY,5,2024-12-27 07:40:00,2024-12-27 10:30:00,2068.87,20.69,0.18,157.671,157.542,157.884,157.884,WIN,0.63,38.34,37.71,2106.58,True
TR-USDJPY-2024-12-27T104000-0511,USDJPY,2,2024-12-27 10:40:00,2024-12-27 12:20:00,2106.58,21.07,0.25,157.866,157.772,158.021,157.767,LOSS,0.88,-24.75,-25.62,2080.96,True
TR-USDJPY-2024-12-27T152000-0512,USDJPY,2,2024-12-27 15:20:00,2024-12-27 15:50:00,2080.96,20.81,0.18,157.8385,157.709,158.0465,157.704,LOSS,0.63,-24.21,-24.84,2056.12,True
TR-USDJPY-2024-12-30T030000-0513,USDJPY,2,2024-12-30 03:00:00,2024-12-30 09:00:00,2056.12,20.56,0.12,157.8645,157.679,158.1965,157.8615,BREAKEVEN,0.42,-0.36,-0.78,2055.34,True
TR-USDJPY-2024-12-31T025000-0514,USDJPY,2,2024-12-31 02:50:00,2024-12-31 03:30:00,2055.34,20.55,0.11,156.8195,157.005,156.4635,156.4635,WIN,0.39,39.16,38.77,2094.11,True
TR-USDJPY-2024-12-31T094000-0515,USDJPY,2,2024-12-31 09:40:00,2024-12-31 11:30:00,2094.11,20.94,0.13,156.207,156.373,155.89,156.378,LOSS,0.46,-22.23,-22.68,2071.43,True
TR-USDJPY-2025-01-02T152000-0516,USDJPY,5,2025-01-02 15:20:00,2025-01-02 15:30:00,2071.43,20.71,0.14,157.007,157.156,156.724,157.01,BREAKEVEN,0.49,-0.42,-0.91,2070.52,True
TR-USDJPY-2025-01-02T155000-0517,USDJPY,2,2025-01-02 15:50:00,2025-01-02 16:50:00,2070.52,20.71,0.09,156.8525,157.093,156.3865,157.098,LOSS,0.32,-22.09,-22.41,2048.11,True
TR-USDJPY-2025-01-03T103000-0518,USDJPY,2,2025-01-03 10:30:00,2025-01-03 11:20:00,2048.11,20.48,0.11,157.2905,157.092,157.6545,157.087,LOSS,0.39,-22.38,-22.77,2025.34,True
TR-USDJPY-2025-01-06T020000-0519,USDJPY,5,2025-01-06 02:00:00,2025-01-06 02:10:00,2025.34,20.25,0.19,157.493,157.367,157.694,157.694,WIN,0.67,38.19,37.53,2062.86,True
TR-USDJPY-2025-01-06T152000-0520,USDJPY,2,2025-01-06 15:20:00,2025-01-06 15:50:00,2062.86,20.63,0.1,156.6345,156.845,156.2285,156.6375,BREAKEVEN,0.35,-0.3,-0.65,2062.21,True
TR-USDJPY-2025-01-07T031000-0521,USDJPY,2,2025-01-07 03:10:00,2025-01-07 05:40:00,2062.21,20.62,0.1,158.1525,157.935,158.5515,158.1495,BREAKEVEN,0.35,-0.3,-0.65,2061.56,True
TR-USDJPY-2025-01-07T155000-0522,USDJPY,2,2025-01-07 15:50:00,2025-01-07 16:10:00,2061.56,20.62,0.17,157.741,157.602,157.971,157.597,LOSS,0.6,-24.48,-25.08,2036.49,True
TR-USDJPY-2025-01-08T101000-0523,USDJPY,5,2025-01-08 10:10:00,2025-01-08 13:30:00,2036.49,20.36,0.15,158.147,157.999,158.41,158.41,WIN,0.53,39.45,38.93,2075.41,False
TR-USDJPY-2025-01-09T092000-0524,USDJPY,5,2025-01-09 09:20:00,2025-01-09 10:00:00,2075.41,20.75,0.27,158.111,158.193,157.962,158.198,LOSS,0.95,-23.49,-24.43,2050.98,True
TR-USDJPY-2025-01-09T105000-0525,USDJPY,2,2025-01-09 10:50:00,2025-01-09 13:40:00,2050.98,20.51,0.2,158.0885,158.196,157.8885,157.8885,WIN,0.7,40.0,39.3,2090.28,True
TR-USDJPY-2025-01-09T153000-0526,USDJPY,5,2025-01-09 15:30:00,2025-01-09 17:10:00,2090.28,20.9,0.12,157.706,157.88,157.373,157.885,LOSS,0.42,-21.48,-21.9,2068.38,True
TR-USDJPY-2025-01-10T021000-0527,USDJPY,2,2025-01-10 02:10:00,2025-01-10 06:50:00,2068.38,20.68,0.15,158.1215,157.964,158.3915,158.3915,WIN,0.53,40.5,39.98,2108.35,False
TR-USDJPY-2025-01-10T094000-0528,USDJPY,5,2025-01-10 09:40:00,2025-01-10 10:30:00,2108.35,21.08,0.18,158.3845,158.256,158.6085,158.251,LOSS,0.63,-24.03,-24.66,2083.69,True
TR-USDJPY-2025-01-10T154000-0529,USDJPY,2,2025-01-10 15:40:00,2025-01-10 17:10:00,2083.69,20.84,0.04,158.3685,157.792,159.4885,157.787,LOSS,0.14,-23.26,-23.4,2060.29,True
TR-USDJPY-2025-01-13T030000-0530,USDJPY,5,2025-01-13 03:00:00,2025-01-13 03:40:00,2060.29,20.6,0.13,157.8325,157.998,157.5165,157.5165,WIN,0.46,41.08,40.62,2100.92,False
TR-USDJPY-2025-01-13T035000-0531,USDJPY,2,2025-01-13 03:50:00,2025-01-13 13:00:00,2100.92,21.01,0.07,157.4695,157.789,156.8455,157.4725,BREAKEVEN,0.25,-0.21,-0.45,2100.46,True
TR-USDJPY-2025-01-15T094000-0532,USDJPY,2,2025-01-15 09:40:00,2025-01-15 10:00:00,2100.46,21.0,0.17,157.178,157.307,156.935,156.935,WIN,0.6,41.31,40.71,2141.18,True
TR-USDJPY-2025-01-15T153000-0533,USDJPY,5,2025-01-15 15:30:00,2025-01-15 18:40:00,2141.18,21.41,0.05,156.681,157.093,155.872,156.684,BREAKEVEN,0.18,-0.15,-0.32,2140.85,False
TR-USDJPY-2025-01-16T030000-0534,USDJPY,5,2025-01-16 03:00:00,2025-01-16 03:50:00,2140.85,21.41,0.07,156.224,156.526,155.635,155.635,WIN,0.25,41.23,40.99,2181.84,True
TR-USDJPY-2025-01-16T092000-0535,USDJPY,5,2025-01-16 09:20:00,2025-01-16 10:00:00,2181.84,21.82,0.19,156.086,156.208,155.857,156.213,LOSS,0.67,-24.13,-24.79,2157.04,False
TR-USDJPY-2025-01-16T102000-0536,USDJPY,2,2025-01-16 10:20:00,2025-01-16 14:30:00,2157.04,21.57,0.1,156.0565,156.268,155.6485,156.0595,BREAKEVEN,0.35,-0.3,-0.65,2156.39,True
TR-USDJPY-2025-01-16T155000-0537,USDJPY,5,2025-01-16 15:50:00,2025-01-16 17:20:00,2156.39,21.56,0.11,156.085,156.289,155.692,155.692,WIN,0.39,43.23,42.85,2199.24,True
TR-USDJPY-2025-01-17T023000-0538,USDJPY,5,2025-01-17 02:30:00,2025-01-17 03:10:00,2199.24,21.99,0.1,155.2965,155.511,154.8825,155.2995,BREAKEVEN,0.35,-0.3,-0.65,2198.59,True
TR-USDJPY-2025-01-17T035000-0539,USDJPY,2,2025-01-17 03:50:00,2025-01-17 04:50:00,2198.59,21.99,0.12,155.1795,155.369,154.8155,155.374,LOSS,0.42,-23.34,-23.76,2174.83,True
TR-USDJPY-2025-01-17T101000-0540,USDJPY,2,2025-01-17 10:10:00,2025-01-17 11:30:00,2174.83,21.75,0.1,155.536,155.754,155.115,155.759,LOSS,0.35,-22.3,-22.65,2152.18,True
TR-USDJPY-2025-01-17T153000-0541,USDJPY,2,2025-01-17 15:30:00,2025-01-17 16:20:00,2152.18,21.52,0.14,155.599,155.754,155.304,155.759,LOSS,0.49,-22.4,-22.89,2129.29,True
TR-USDJPY-2025-01-21T020000-0542,USDJPY,5,2025-01-21 02:00:00,2025-01-21 02:20:00,2129.29,21.29,0.13,155.3345,155.505,155.0085,155.0085,WIN,0.46,42.38,41.93,2171.21,True
TR-USDJPY-2025-01-22T024000-0543,USDJPY,2,2025-01-22 02:40:00,2025-01-22 03:40:00,2171.21,21.71,0.17,155.4925,155.629,155.2345,155.634,LOSS,0.6,-24.05,-24.65,2146.56,True
TR-USDJPY-2025-01-22T100000-0544,USDJPY,5,2025-01-22 10:00:00,2025-01-22 10:30:00,2146.56,21.47,0.17,155.981,155.842,156.22,155.837,LOSS,0.6,-24.48,-25.07,2121.49,True
TR-USDJPY-2025-01-22T154000-0545,USDJPY,2,2025-01-22 15:40:00,2025-01-22 17:00:00,2121.49,21.21,0.14,155.871,155.706,156.162,156.162,WIN,0.49,40.74,40.25,2161.74,True
TR-USDJPY-2025-01-23T033000-0546,USDJPY,2,2025-01-23 03:30:00,2025-01-23 04:00:00,2161.74,21.62,0.22,156.3665,156.258,156.5475,156.5475,WIN,0.77,39.82,39.05,2200.79,True
TR-USDJPY-2025-01-23T090000-0547,USDJPY,2,2025-01-23 09:00:00,2025-01-23 11:10:00,2200.79,22.01,0.19,156.5765,156.447,156.7935,156.442,LOSS,0.67,-25.55,-26.22,2174.57,True
TR-USDJPY-2025-01-27T030000-0548,USDJPY,5,2025-01-27 03:00:00,2025-01-27 03:30:00,2174.57,21.75,0.18,155.515,155.639,155.282,155.518,BREAKEVEN,0.63,-0.54,-1.17,2173.4,True
TR-USDJPY-2025-01-27T101000-0549,USDJPY,2,2025-01-27 10:10:00,2025-01-27 10:40:00,2173.4,21.73,0.09,155.6825,155.943,155.1765,155.1765,WIN,0.32,45.54,45.22,2218.62,True
TR-USDJPY-2025-01-28T155000-0550,USDJPY,2,2025-01-28 15:50:00,2025-01-28 16:50:00,2218.62,22.19,0.1,155.4185,155.176,155.8555,155.171,LOSS,0.35,-24.75,-25.1,2193.52,True
TR-USDJPY-2025-01-29T030000-0551,USDJPY,2,2025-01-29 03:00:00,2025-01-29 04:40:00,2193.52,21.94,0.19,155.599,155.471,155.822,155.596,BREAKEVEN,0.67,-0.57,-1.23,2192.29,True
TR-USDJPY-2025-01-29T102000-0552,USDJPY,2,2025-01-29 10:20:00,2025-01-29 12:20:00,2192.29,21.92,0.1,155.1615,155.396,154.7075,155.401,LOSS,0.35,-23.95,-24.3,2167.99,True
TR-USDJPY-2025-01-29T150000-0553,USDJPY,2,2025-01-29 15:00:00,2025-01-29 17:20:00,2167.99,21.68,0.17,155.3435,155.479,155.0875,155.0875,WIN,0.6,43.52,42.92,2210.91,True
TR-USDJPY-2025-01-30T024000-0554,USDJPY,5,2025-01-30 02:40:00,2025-01-30 03:00:00,2210.91,22.11,0.18,154.936,155.062,154.699,154.699,WIN,0.63,42.66,42.03,2252.94,True
TR-USDJPY-2025-01-30T035000-0555,USDJPY,5,2025-01-30 03:50:00,2025-01-30 04:20:00,2252.94,22.53,0.24,154.579,154.678,154.396,154.396,WIN,0.84,43.92,43.08,2296.02,True
TR-USDJPY-2025-01-30T071000-0556,USDJPY,5,2025-01-30 07:10:00,2025-01-30 08:10:00,2296.02,22.96,0.19,154.5885,154.714,154.3525,154.5915,BREAKEVEN,0.67,-0.57,-1.23,2294.79,True
TR-USDJPY-2025-01-30T085000-0557,USDJPY,5,2025-01-30 08:50:00,2025-01-30 13:00:00,2294.79,22.95,0.13,154.54,154.718,154.199,154.543,BREAKEVEN,0.46,-0.39,-0.84,2293.94,True
TR-USDJPY-2025-01-30T151000-0558,USDJPY,5,2025-01-30 15:10:00,2025-01-30 18:00:00,2293.94,22.94,0.09,154.1,154.348,153.619,154.103,BREAKEVEN,0.32,-0.27,-0.58,2293.36,True
TR-USDJPY-2025-01-31T042000-0559,USDJPY,2,2025-01-31 04:20:00,2025-01-31 05:00:00,2293.36,22.93,0.22,154.092,154.203,153.885,154.208,LOSS,0.77,-25.52,-26.29,2267.07,True
TR-USDJPY-2025-01-31T150000-0560,USDJPY,2,2025-01-31 15:00:00,2025-01-31 15:20:00,2267.07,22.67,0.6,154.852,154.806,154.92,154.849,BREAKEVEN,2.1,-1.8,-3.9,2263.17,True
TR-USDJPY-2025-02-03T091000-0561,USDJPY,2,2025-02-03 09:10:00,2025-02-03 10:30:00,2263.17,22.63,0.14,155.4575,155.277,155.7795,155.4545,BREAKEVEN,0.49,-0.42,-0.91,2262.26,True
TR-USDJPY-2025-02-05T024000-0562,USDJPY,2,2025-02-05 02:40:00,2025-02-05 03:10:00,2262.26,22.62,0.1,154.129,154.368,153.666,153.666,WIN,0.35,46.3,45.95,2308.21,True
TR-USDJPY-2025-02-05T105000-0563,USDJPY,2,2025-02-05 10:50:00,2025-02-05 12:10:00,2308.21,23.08,0.11,153.192,153.413,152.765,152.765,WIN,0.39,46.97,46.58,2354.79,True
TR-USDJPY-2025-02-06T030000-0564,USDJPY,5,2025-02-06 03:00:00,2025-02-06 03:40:00,2354.79,23.55,0.09,152.415,152.668,151.924,151.924,WIN,0.32,44.19,43.87,2398.67,False
TR-USDJPY-2025-02-06T153000-0565,USDJPY,5,2025-02-06 15:30:00,2025-02-06 16:00:00,2398.67,23.99,0.16,152.3615,152.521,152.0575,152.0575,WIN,0.56,48.64,48.08,2446.75,True
TR-USDJPY-2025-02-07T154000-0566,USDJPY,2,2025-02-07 15:40:00,2025-02-07 18:30:00,2446.75,24.47,0.07,151.8875,152.245,151.1875,151.1875,WIN,0.25,49.0,48.75,2495.5,True
TR-USDJPY-2025-02-10T070000-0567,USDJPY,2,2025-02-10 07:00:00,2025-02-10 07:40:00,2495.5,24.96,0.3,151.8875,151.791,152.0385,152.0385,WIN,1.05,45.3,44.25,2539.75,True
TR-USDJPY-2025-02-10T100000-0568,USDJPY,2,2025-02-10 10:00:00,2025-02-10 10:20:00,2539.75,25.4,0.21,152.105,151.971,152.334,152.334,WIN,0.73,48.09,47.35,2587.11,False
TR-USDJPY-2025-02-10T103000-0569,USDJPY,5,2025-02-10 10:30:00,2025-02-10 13:00:00,2587.11,25.87,0.15,152.311,152.127,152.649,152.122,LOSS,0.53,-28.35,-28.87,2558.23,True
TR-USDJPY-2025-02-11T094000-0570,USDJPY,2,2025-02-11 09:40:00,2025-02-11 10:10:00,2558.23,25.58,0.33,151.9225,151.836,152.0685,152.0685,WIN,1.16,48.18,47.02,2605.26,False
TR-USDJPY-2025-02-11T150000-0571,USDJPY,2,2025-02-11 15:00:00,2025-02-11 17:00:00,2605.26,26.05,0.28,152.3495,152.245,152.5225,152.24,LOSS,0.98,-30.66,-31.64,2573.62,True
TR-USDJPY-2025-02-12T033000-0572,USDJPY,5,2025-02-12 03:30:00,2025-02-12 05:50:00,2573.62,25.74,0.14,153.292,153.097,153.643,153.643,WIN,0.49,49.14,48.65,2622.27,True
TR-USDJPY-2025-02-12T084000-0573,USDJPY,5,2025-02-12 08:40:00,2025-02-12 09:30:00,2622.27,26.22,0.19,153.641,153.487,153.904,153.482,LOSS,0.67,-30.21,-30.87,2591.39,False
TR-USDJPY-2025-02-12T100000-0574,USDJPY,5,2025-02-12 10:00:00,2025-02-12 15:30:00,2591.39,25.91,0.15,153.5675,153.383,153.9035,153.5645,BREAKEVEN,0.53,-0.45,-0.97,2590.42,True
TR-USDJPY-2025-02-12T154000-0575,USDJPY,2,2025-02-12 15:40:00,2025-02-13 08:20:00,2590.42,25.9,0.03,153.983,153.23,155.453,153.98,BREAKEVEN,0.1,-0.09,-0.19,2590.22,False
TR-USDJPY-2025-02-13T095000-0576,USDJPY,2,2025-02-13 09:50:00,2025-02-13 11:00:00,2590.22,25.9,0.22,154.1965,154.067,154.4165,154.062,LOSS,0.77,-29.59,-30.36,2559.86,True
TR-USDJPY-2025-02-13T153000-0577,USDJPY,2,2025-02-13 15:30:00,2025-02-13 15:40:00,2559.86,25.6,0.52,153.854,153.788,153.935,153.783,LOSS,1.82,-36.92,-38.74,2521.12,True
TR-USDJPY-2025-02-14T030000-0578,USDJPY,5,2025-02-14 03:00:00,2025-02-14 05:10:00,2521.12,25.21,0.1,152.658,152.923,152.143,152.928,LOSS,0.35,-27.0,-27.35,2493.77,True
TR-USDJPY-2025-02-14T080000-0579,USDJPY,5,2025-02-14 08:00:00,2025-02-14 09:10:00,2493.77,24.94,0.22,152.6485,152.767,152.4265,152.4265,WIN,0.77,48.84,48.07,2541.84,True
TR-USDJPY-2025-02-14T102000-0580,USDJPY,5,2025-02-14 10:20:00,2025-02-14 15:00:00,2541.84,25.42,0.14,152.62,152.806,152.263,152.811,LOSS,0.49,-26.74,-27.23,2514.61,True
TR-USDJPY-2025-02-14T153000-0581,USDJPY,5,2025-02-14 15:30:00,2025-02-17 02:10:00,2514.61,25.15,0.08,152.541,152.843,151.952,151.952,WIN,0.28,47.12,46.84,2561.45,True
TR-USDJPY-2025-02-17T041000-0582,USDJPY,5,2025-02-17 04:10:00,2025-02-17 09:50:00,2561.45,25.61,0.17,151.813,151.969,151.516,151.816,BREAKEVEN,0.6,-0.51,-1.1,2560.35,True
TR-USDJPY-2025-02-18T100000-0583,USDJPY,5,2025-02-18 10:00:00,2025-02-18 12:00:00,2560.35,25.6,0.16,151.9755,151.806,152.2815,151.801,LOSS,0.56,-27.92,-28.48,2531.87,True
TR-USDJPY-2025-02-18T152000-0584,USDJPY,5,2025-02-18 15:20:00,2025-02-18 16:50:00,2531.87,25.32,0.18,151.682,151.827,151.407,151.832,LOSS,0.63,-27.0,-27.63,2504.24,True
TR-USDJPY-2025-02-19T030000-0585,USDJPY,2,2025-02-19 03:00:00,2025-02-19 03:30:00,2504.24,25.04,0.2,152.0025,151.864,152.2375,151.859,LOSS,0.7,-28.7,-29.4,2474.84,True
TR-USDJPY-2025-02-19T035000-0586,USDJPY,5,2025-02-19 03:50:00,2025-02-19 04:10:00,2474.84,24.75,0.16,151.9555,151.786,152.2555,152.2555,WIN,0.56,48.0,47.44,2522.28,True
TR-USDJPY-2025-02-19T100000-0587,USDJPY,5,2025-02-19 10:00:00,2025-02-19 10:30:00,2522.28,25.22,0.18,151.6725,151.817,151.3985,151.822,LOSS,0.63,-26.91,-27.54,2494.74,True
TR-USDJPY-2025-02-19T154000-0588,USDJPY,5,2025-02-19 15:40:00,2025-02-19 16:30:00,2494.74,24.95,0.24,151.797,151.907,151.592,151.592,WIN,0.84,49.2,48.36,2543.1,True
TR-USDJPY-2025-02-20T104000-0589,USDJPY,5,2025-02-20 10:40:00,2025-02-20 11:00:00,2543.1,25.43,0.32,150.2795,150.364,150.1255,150.369,LOSS,1.12,-28.64,-29.76,2513.34,True
TR-USDJPY-2025-02-21T150000-0590,USDJPY,2,2025-02-21 15:00:00,2025-02-21 16:30:00,2513.34,25.13,0.22,150.453,150.325,150.673,150.32,LOSS,0.77,-29.26,-30.03,2483.31,True
TR-USDJPY-2025-02-24T022000-0591,USDJPY,5,2025-02-24 02:20:00,2025-02-24 03:50:00,2483.31,24.83,0.1,149.1885,149.436,148.7085,149.1915,BREAKEVEN,0.35,-0.3,-0.65,2482.66,True
TR-USDJPY-2025-02-25T032000-0592,USDJPY,5,2025-02-25 03:20:00,2025-02-25 04:00:00,2482.66,24.83,0.16,150.212,150.049,150.52,150.044,LOSS,0.56,-26.88,-27.44,2455.22,True
TR-USDJPY-2025-02-25T100000-0593,USDJPY,2,2025-02-25 10:00:00,2025-02-25 10:50:00,2455.22,24.55,0.13,149.303,149.498,148.928,149.503,LOSS,0.46,-26.0,-26.45,2428.76,True
TR-USDJPY-2025-02-25T154000-0594,USDJPY,2,2025-02-25 15:40:00,2025-02-25 16:20:00,2428.76,24.29,0.15,149.6775,149.848,149.3515,149.3515,WIN,0.53,48.9,48.37,2477.14,True
TR-USDJPY-2025-02-26T021000-0595,USDJPY,5,2025-02-26 02:10:00,2025-02-26 03:50:00,2477.14,24.77,0.09,148.8425,149.118,148.3065,149.123,LOSS,0.32,-25.24,-25.56,2451.58,True
TR-USDJPY-2025-02-26T150000-0596,USDJPY,5,2025-02-26 15:00:00,2025-02-26 15:10:00,2451.58,24.52,0.21,149.562,149.434,149.782,149.429,LOSS,0.73,-27.93,-28.67,2422.91,True
TR-USDJPY-2025-02-26T154000-0597,USDJPY,2,2025-02-26 15:40:00,2025-02-26 16:30:00,2422.91,24.23,0.14,149.5085,149.327,149.8325,149.5055,BREAKEVEN,0.49,-0.42,-0.91,2422.0,True
TR-USDJPY-2025-02-27T154000-0598,USDJPY,2,2025-02-27 15:40:00,2025-02-27 17:00:00,2422.0,24.22,0.08,149.64,149.322,150.237,149.637,BREAKEVEN,0.28,-0.24,-0.52,2421.48,True
TR-USDJPY-2025-02-28T020000-0599,USDJPY,2,2025-02-28 02:00:00,2025-02-28 02:30:00,2421.48,24.21,0.06,149.9685,149.524,150.8125,149.519,LOSS,0.21,-26.97,-27.18,2394.3,True
TR-USDJPY-2025-02-28T095000-0600,USDJPY,5,2025-02-28 09:50:00,2025-02-28 15:00:00,2394.3,23.94,0.09,150.2315,149.965,150.7315,150.7315,WIN,0.32,45.0,44.69,2438.99,True
TR-USDJPY-2025-02-28T151000-0601,USDJPY,2,2025-02-28 15:10:00,2025-02-28 18:20:00,2438.99,24.39,0.09,150.6715,150.395,151.1855,150.39,LOSS,0.32,-25.33,-25.65,2413.34,True
TR-USDJPY-2025-03-03T032000-0602,USDJPY,2,2025-03-03 03:20:00,2025-03-03 03:50:00,2413.34,24.13,0.12,150.6005,150.394,150.9775,150.389,LOSS,0.42,-25.38,-25.8,2387.54,True
TR-USDJPY-2025-03-04T024000-0603,USDJPY,5,2025-03-04 02:40:00,2025-03-04 03:20:00,2387.54,23.88,0.11,149.288,149.504,148.871,148.871,WIN,0.39,45.87,45.48,2433.02,True
TR-USDJPY-2025-03-04T033000-0604,USDJPY,2,2025-03-04 03:30:00,2025-03-04 04:40:00,2433.02,24.33,0.06,148.8655,149.292,148.0275,149.297,LOSS,0.21,-25.89,-26.1,2406.92,True
TR-USDJPY-2025-03-04T105000-0605,USDJPY,5,2025-03-04 10:50:00,2025-03-04 13:30:00,2406.92,24.07,0.1,149.1735,149.429,148.6775,148.6775,WIN,0.35,49.6,49.25,2456.17,True
TR-USDJPY-2025-03-05T034000-0606,USDJPY,5,2025-03-05 03:40:00,2025-03-05 04:20:00,2456.17,24.56,0.19,149.959,149.82,150.201,149.815,LOSS,0.67,-27.36,-28.03,2428.15,False
TR-USDJPY-2025-03-05T070000-0607,USDJPY,2,2025-03-05 07:00:00,2025-03-05 08:00:00,2428.15,24.28,0.23,149.828,149.708,150.026,149.703,LOSS,0.81,-28.75,-29.56,2398.59,True
TR-USDJPY-2025-03-05T150000-0608,USDJPY,2,2025-03-05 15:00:00,2025-03-05 15:20:00,2398.59,23.99,0.11,149.4605,149.235,149.8785,149.4575,BREAKEVEN,0.39,-0.33,-0.71,2397.88,True
TR-USDJPY-2025-03-05T153000-0609,USDJPY,2,2025-03-05 15:30:00,2025-03-05 16:30:00,2397.88,23.98,0.07,149.4365,149.766,148.7925,148.7925,WIN,0.25,45.08,44.84,2442.71,True
TR-USDJPY-2025-03-06T080000-0610,USDJPY,5,2025-03-06 08:00:00,2025-03-06 09:10:00,2442.71,24.43,0.13,148.971,149.167,148.594,148.594,WIN,0.46,49.01,48.56,2491.27,True
TR-USDJPY-2025-03-06T101000-0611,USDJPY,2,2025-03-06 10:10:00,2025-03-06 11:10:00,2491.27,24.91,0.16,148.287,148.447,147.982,147.982,WIN,0.56,48.8,48.24,2539.51,True
TR-USDJPY-2025-03-06T151000-0612,USDJPY,6,2025-03-06 15:10:00,2025-03-06 15:30:00,2539.51,25.4,0.13,147.608,147.808,147.223,147.611,BREAKEVEN,0.46,-0.39,-0.84,2538.66,False
TR-USDJPY-2025-03-07T022000-0613,USDJPY,2,2025-03-07 02:20:00,2025-03-07 08:50:00,2538.66,25.39,0.1,147.9345,148.197,147.4245,147.4245,WIN,0.35,51.0,50.65,2589.31,True
TR-USDJPY-2025-03-07T101000-0614,USDJPY,5,2025-03-07 10:10:00,2025-03-07 10:50:00,2589.31,25.89,0.19,147.582,147.726,147.309,147.309,WIN,0.67,51.87,51.21,2640.52,True
TR-USDJPY-2025-03-07T154000-0615,USDJPY,5,2025-03-07 15:40:00,2025-03-07 16:50:00,2640.52,26.41,0.09,147.5145,147.803,146.9525,147.5175,BREAKEVEN,0.32,-0.27,-0.58,2639.93,False
TR-USDJPY-2025-03-10T080000-0616,USDJPY,2,2025-03-10 08:00:00,2025-03-10 11:00:00,2639.93,26.4,0.12,147.5995,147.825,147.1635,147.1635,WIN,0.42,52.32,51.9,2691.83,True
TR-USDJPY-2025-03-11T100000-0617,USDJPY,2,2025-03-11 10:00:00,2025-03-11 10:30:00,2691.83,26.92,0.1,146.9105,147.173,146.4005,147.178,LOSS,0.35,-26.75,-27.1,2664.73,True
TR-USDJPY-2025-03-11T150000-0618,USDJPY,5,2025-03-11 15:00:00,2025-03-11 16:30:00,2664.73,26.65,0.1,147.602,147.324,148.113,147.599,BREAKEVEN,0.35,-0.3,-0.65,2664.08,True
TR-USDJPY-2025-03-12T100000-0619,USDJPY,5,2025-03-12 10:00:00,2025-03-12 14:30:00,2664.08,26.64,0.13,148.5165,148.304,148.9175,148.5135,BREAKEVEN,0.46,-0.39,-0.84,2663.24,True
TR-USDJPY-2025-03-12T150000-0620,USDJPY,2,2025-03-12 15:00:00,2025-03-13 06:00:00,2663.24,26.63,0.03,148.998,148.038,150.879,148.033,LOSS,0.1,-28.95,-29.06,2634.18,True
TR-USDJPY-2025-03-13T074000-0621,USDJPY,5,2025-03-13 07:40:00,2025-03-13 09:00:00,2634.18,26.34,0.19,147.7875,147.93,147.5175,147.7905,BREAKEVEN,0.67,-0.57,-1.23,2632.95,True
TR-USDJPY-2025-03-13T100000-0622,USDJPY,5,2025-03-13 10:00:00,2025-03-13 11:20:00,2632.95,26.33,0.19,147.802,147.947,147.527,147.952,LOSS,0.67,-28.5,-29.16,2603.78,True
TR-USDJPY-2025-03-14T083000-0623,USDJPY,5,2025-03-14 08:30:00,2025-03-14 09:10:00,2603.78,26.04,0.22,148.564,148.433,148.784,148.561,BREAKEVEN,0.77,-0.66,-1.43,2602.35,True
TR-USDJPY-2025-03-14T103000-0624,USDJPY,2,2025-03-14 10:30:00,2025-03-14 12:30:00,2602.35,26.02,0.19,148.784,148.635,149.052,148.781,BREAKEVEN,0.67,-0.57,-1.23,2601.12,True
TR-USDJPY-2025-03-17T030000-0625,USDJPY,2,2025-03-17 03:00:00,2025-03-17 03:20:00,2601.12,26.01,0.45,148.799,148.725,148.899,148.72,LOSS,1.57,-35.55,-37.13,2563.99,True
TR-USDJPY-2025-03-17T033000-0626,USDJPY,2,2025-03-17 03:30:00,2025-03-17 04:00:00,2563.99,25.64,0.73,148.673,148.625,148.73,148.62,LOSS,2.55,-38.69,-41.24,2522.75,True
TR-USDJPY-2025-03-17T071000-0627,USDJPY,5,2025-03-17 07:10:00,2025-03-17 08:40:00,2522.75,25.23,0.21,148.97,148.836,149.196,148.831,LOSS,0.73,-29.19,-29.92,2492.82,True
TR-USDJPY-2025-03-17T105000-0628,USDJPY,2,2025-03-17 10:50:00,2025-03-17 11:40:00,2492.82,24.93,0.25,148.915,148.804,149.098,148.799,LOSS,0.88,-29.0,-29.87,2462.95,True
TR-USDJPY-2025-03-17T154000-0629,USDJPY,2,2025-03-17 15:40:00,2025-03-17 16:30:00,2462.95,24.63,0.12,148.9115,148.696,149.3095,148.691,LOSS,0.42,-26.46,-26.88,2436.07,True
TR-USDJPY-2025-03-18T081000-0630,USDJPY,5,2025-03-18 08:10:00,2025-03-18 10:50:00,2436.07,24.36,0.2,149.698,149.562,149.934,149.695,BREAKEVEN,0.7,-0.6,-1.3,2434.77,True
TR-USDJPY-2025-03-18T150000-0631,USDJPY,2,2025-03-18 15:00:00,2025-03-18 15:40:00,2434.77,24.35,0.35,149.787,149.708,149.915,149.784,BREAKEVEN,1.22,-1.05,-2.27,2432.49,False
TR-USDJPY-2025-03-19T030000-0632,USDJPY,2,2025-03-19 03:00:00,2025-03-19 04:30:00,2432.49,24.32,0.1,149.545,149.284,150.034,149.279,LOSS,0.35,-26.6,-26.95,2405.54,True
TR-USDJPY-2025-03-19T080000-0633,USDJPY,5,2025-03-19 08:00:00,2025-03-19 08:40:00,2405.54,24.06,0.17,149.7135,149.565,149.9775,149.9775,WIN,0.6,44.88,44.28,2449.83,True
TR-USDJPY-2025-03-19T150000-0634,USDJPY,2,2025-03-19 15:00:00,2025-03-19 15:40:00,2449.83,24.5,0.18,149.7085,149.563,149.9665,149.9665,WIN,0.63,46.44,45.81,2495.64,True
TR-USDJPY-2025-03-20T030000-0635,USDJPY,5,2025-03-20 03:00:00,2025-03-20 09:40:00,2495.64,24.96,0.14,148.356,148.542,147.999,148.547,LOSS,0.49,-26.74,-27.23,2468.41,True
TR-USDJPY-2025-03-24T154000-0636,USDJPY,2,2025-03-24 15:40:00,2025-03-24 15:50:00,2468.41,24.68,0.26,149.822,149.714,149.999,149.999,WIN,0.91,46.02,45.11,2513.52,True
TR-USDJPY-2025-03-25T100000-0637,USDJPY,2,2025-03-25 10:00:00,2025-03-25 10:20:00,2513.52,25.14,0.61,150.698,150.649,150.772,150.644,LOSS,2.13,-32.94,-35.08,2478.44,True
TR-USDJPY-2025-03-26T071000-0638,USDJPY,5,2025-03-26 07:10:00,2025-03-26 09:00:00,2478.44,24.78,0.21,150.5705,150.441,150.7935,150.436,LOSS,0.73,-28.24,-28.98,2449.46,True
TR-USDJPY-2025-03-26T150000-0639,USDJPY,2,2025-03-26 15:00:00,2025-03-27 01:00:00,2449.46,24.49,0.11,150.32,150.087,150.756,150.317,BREAKEVEN,0.39,-0.33,-0.71,2448.75,True
TR-USDJPY-2025-03-27T022000-0640,USDJPY,2,2025-03-27 02:20:00,2025-03-27 03:20:00,2448.75,24.49,0.12,150.543,150.325,150.943,150.32,LOSS,0.42,-26.76,-27.18,2421.57,True
TR-USDJPY-2025-03-27T101000-0641,USDJPY,2,2025-03-27 10:10:00,2025-03-27 11:30:00,2421.57,24.22,0.13,150.4725,150.269,150.8465,150.8465,WIN,0.46,48.62,48.16,2469.73,True
TR-USDJPY-2025-03-27T152000-0642,USDJPY,5,2025-03-27 15:20:00,2025-03-27 15:40:00,2469.73,24.7,0.18,150.787,150.642,151.05,150.637,LOSS,0.63,-27.0,-27.63,2442.1,True
TR-USDJPY-2025-03-28T154000-0643,USDJPY,5,2025-03-28 15:40:00,2025-03-28 16:00:00,2442.1,24.42,0.28,150.6015,150.694,150.4315,150.4315,WIN,0.98,47.6,46.62,2488.72,True
TR-USDJPY-2025-03-31T031000-0644,USDJPY,2,2025-03-31 03:10:00,2025-03-31 05:30:00,2488.72,24.89,0.09,149.3795,149.67,148.8135,148.8135,WIN,0.32,50.94,50.62,2539.35,True
TR-USDJPY-2025-03-31T071000-0645,USDJPY,5,2025-03-31 07:10:00,2025-03-31 07:30:00,2539.35,25.39,0.3,148.873,148.964,148.706,148.969,LOSS,1.05,-28.8,-29.85,2509.5,True
TR-USDJPY-2025-03-31T101000-0646,USDJPY,2,2025-03-31 10:10:00,2025-03-31 10:50:00,2509.5,25.09,0.11,148.831,149.068,148.372,149.073,LOSS,0.39,-26.62,-27.0,2482.49,False
TR-USDJPY-2025-04-01T033000-0647,USDJPY,2,2025-04-01 03:30:00,2025-04-01 03:50:00,2482.49,24.82,0.18,149.962,149.81,150.221,149.805,LOSS,0.63,-28.26,-28.89,2453.6,True
TR-USDJPY-2025-04-02T032000-0648,USDJPY,2,2025-04-02 03:20:00,2025-04-02 04:40:00,2453.6,24.54,0.25,149.8,149.691,149.982,149.797,BREAKEVEN,0.88,-0.75,-1.62,2451.98,True
TR-USDJPY-2025-04-02T071000-0649,USDJPY,5,2025-04-02 07:10:00,2025-04-02 08:00:00,2451.98,24.52,0.37,149.7625,149.686,149.8825,149.8825,WIN,1.29,44.4,43.1,2495.08,True
TR-USDJPY-2025-04-02T093000-0650,USDJPY,5,2025-04-02 09:30:00,2025-04-02 09:40:00,2495.08,24.95,0.24,149.922,149.805,150.12,149.8,LOSS,0.84,-29.28,-30.12,2464.96,True
TR-USDJPY-2025-04-02T150000-0651,USDJPY,2,2025-04-02 15:00:00,2025-04-02 15:20:00,2464.96,24.65,0.31,149.238,149.323,149.083,149.328,LOSS,1.08,-27.9,-28.99,2435.98,False
TR-USDJPY-2025-04-03T030000-0652,USDJPY,2,2025-04-03 03:00:00,2025-04-03 03:10:00,2435.98,24.36,0.17,147.8855,148.032,147.6075,148.037,LOSS,0.6,-25.75,-26.35,2409.63,True
TR-USDJPY-2025-04-03T034000-0653,USDJPY,5,2025-04-03 03:40:00,2025-04-03 04:40:00,2409.63,24.1,0.11,148.099,148.319,147.674,147.674,WIN,0.39,46.75,46.37,2455.99,False
TR-USDJPY-2025-04-03T083000-0654,USDJPY,5,2025-04-03 08:30:00,2025-04-03 09:20:00,2455.99,24.56,0.09,147.319,147.603,146.766,147.322,BREAKEVEN,0.32,-0.27,-0.58,2455.41,True
TR-USDJPY-2025-04-03T100000-0655,USDJPY,2,2025-04-03 10:00:00,2025-04-03 10:20:00,2455.41,24.55,0.06,146.9395,147.33,146.1735,147.335,LOSS,0.21,-23.73,-23.94,2431.47,True
TR-USDJPY-2025-04-03T105000-0656,USDJPY,2,2025-04-03 10:50:00,2025-04-03 11:50:00,2431.47,24.31,0.14,147.217,147.396,146.874,146.874,WIN,0.49,48.02,47.53,2479.0,True
TR-USDJPY-2025-04-07T034000-0657,USDJPY,5,2025-04-07 03:40:00,2025-04-07 04:00:00,2479.0,24.79,0.21,145.5945,145.72,145.3585,145.725,LOSS,0.73,-27.4,-28.14,2450.86,True
TR-USDJPY-2025-04-07T100000-0658,USDJPY,2,2025-04-07 10:00:00,2025-04-07 10:50:00,2450.86,24.51,0.08,145.353,145.648,144.778,145.653,LOSS,0.28,-24.0,-24.28,2426.58,True
TR-USDJPY-2025-04-07T154000-0659,USDJPY,2,2025-04-07 15:40:00,2025-04-07 16:10:00,2426.58,24.27,0.08,146.665,146.366,147.224,146.662,BREAKEVEN,0.28,-0.24,-0.52,2426.06,True
TR-USDJPY-2025-04-09T072000-0660,USDJPY,5,2025-04-09 07:20:00,2025-04-09 07:50:00,2426.06,24.26,0.06,145.088,145.488,144.303,145.091,BREAKEVEN,0.21,-0.18,-0.39,2425.67,True
TR-USDJPY-2025-04-09T100000-0661,USDJPY,2,2025-04-09 10:00:00,2025-04-09 11:00:00,2425.67,24.26,0.05,145.009,145.491,144.06,145.496,LOSS,0.18,-24.35,-24.52,2401.14,False
TR-USDJPY-2025-04-10T020000-0662,USDJPY,5,2025-04-10 02:00:00,2025-04-10 02:10:00,2401.14,24.01,0.22,147.403,147.267,147.6,147.6,WIN,0.77,43.34,42.57,2443.71,True
TR-USDJPY-2025-04-10T022000-0663,USDJPY,2,2025-04-10 02:20:00,2025-04-10 03:10:00,2443.71,24.44,0.11,147.5365,147.291,147.9615,147.286,LOSS,0.39,-27.55,-27.94,2415.77,True
TR-USDJPY-2025-04-10T153000-0664,USDJPY,5,2025-04-10 15:30:00,2025-04-10 18:30:00,2415.77,24.16,0.06,145.213,145.595,144.464,144.464,WIN,0.21,44.94,44.73,2460.5,True
TR-USDJPY-2025-04-11T020000-0665,USDJPY,5,2025-04-11 02:00:00,2025-04-11 03:10:00,2460.5,24.61,0.08,144.11,144.421,143.503,143.503,WIN,0.28,48.56,48.28,2508.78,True
TR-USDJPY-2025-04-11T103000-0666,USDJPY,2,2025-04-11 10:30:00,2025-04-11 13:40:00,2508.78,25.09,0.03,143.1795,143.976,141.6015,143.1825,BREAKEVEN,0.1,-0.09,-0.19,2508.59,True
TR-USDJPY-2025-04-11T155000-0667,USDJPY,5,2025-04-11 15:50:00,2025-04-11 16:40:00,2508.59,25.09,0.09,142.653,142.948,142.078,142.656,BREAKEVEN,0.32,-0.27,-0.58,2508.0,False
TR-USDJPY-2025-04-14T030000-0668,USDJPY,5,2025-04-14 03:00:00,2025-04-14 03:20:00,2508.0,25.08,0.13,143.681,143.882,143.294,143.294,WIN,0.46,50.31,49.86,2557.86,True
TR-USDJPY-2025-04-14T035000-0669,USDJPY,5,2025-04-14 03:50:00,2025-04-14 04:00:00,2557.86,25.58,0.22,143.2845,143.408,143.0525,143.0525,WIN,0.77,51.04,50.27,2608.13,True
TR-USDJPY-2025-04-14T092000-0670,USDJPY,5,2025-04-14 09:20:00,2025-04-14 10:30:00,2608.13,26.08,0.09,142.673,142.972,142.09,142.676,BREAKEVEN,0.32,-0.27,-0.58,2607.54,False
TR-USDJPY-2025-04-15T150000-0671,USDJPY,6,2025-04-15 15:00:00,2025-04-15 15:20:00,2607.54,26.08,0.15,143.011,143.188,142.672,142.672,WIN,0.53,50.85,50.32,2657.87,True
TR-USDJPY-2025-04-15T155000-0672,USDJPY,5,2025-04-15 15:50:00,2025-04-15 16:00:00,2657.87,26.58,0.18,142.667,142.818,142.38,142.823,LOSS,0.63,-28.08,-28.71,2629.16,True
TR-USDJPY-2025-04-16T031000-0673,USDJPY,2,2025-04-16 03:10:00,2025-04-16 04:40:00,2629.16,26.29,0.17,143.045,143.205,142.74,142.74,WIN,0.6,51.85,51.25,2680.41,True
TR-USDJPY-2025-04-16T083000-0674,USDJPY,2,2025-04-16 08:30:00,2025-04-16 11:30:00,2680.41,26.8,0.11,142.4585,142.706,141.9785,142.4615,BREAKEVEN,0.39,-0.33,-0.71,2679.7,True
TR-USDJPY-2025-04-16T152000-0675,USDJPY,2,2025-04-16 15:20:00,2025-04-16 16:00:00,2679.7,26.8,0.16,142.615,142.784,142.292,142.618,BREAKEVEN,0.56,-0.48,-1.04,2678.66,True
TR-USDJPY-2025-04-17T103000-0676,USDJPY,2,2025-04-17 10:30:00,2025-04-17 11:40:00,2678.66,26.79,0.16,142.7545,142.579,143.0695,142.7515,BREAKEVEN,0.56,-0.48,-1.04,2677.62,True
TR-USDJPY-2025-04-17T151000-0677,USDJPY,2,2025-04-17 15:10:00,2025-04-17 15:30:00,2677.62,26.78,0.31,142.5815,142.482,142.7445,142.477,LOSS,1.08,-32.4,-33.48,2644.14,True
TR-USDJPY-2025-04-18T030000-0678,USDJPY,6,2025-04-18 03:00:00,2025-04-18 19:30:00,2644.14,26.44,0.25,142.358,142.467,142.155,142.155,WIN,0.88,50.75,49.87,2694.01,True
TR-USDJPY-2025-04-21T102000-0679,USDJPY,5,2025-04-21 10:20:00,2025-04-21 13:10:00,2694.01,26.94,0.18,140.7115,140.864,140.4215,140.7145,BREAKEVEN,0.63,-0.54,-1.17,2692.84,True
TR-USDJPY-2025-04-21T150000-0680,USDJPY,5,2025-04-21 15:00:00,2025-04-21 15:40:00,2692.84,26.93,0.22,140.785,140.914,140.542,140.919,LOSS,0.77,-29.48,-30.25,2662.59,True
TR-USDJPY-2025-04-22T104000-0681,USDJPY,2,2025-04-22 10:40:00,2025-04-22 11:40:00,2662.59,26.63,0.16,140.3115,140.482,139.9855,140.487,LOSS,0.56,-28.08,-28.64,2633.95,True
TR-USDJPY-2025-04-24T020000-0682,USDJPY,5,2025-04-24 02:00:00,2025-04-24 03:10:00,2633.95,26.34,0.19,143.0595,142.897,143.3095,143.3095,WIN,0.67,47.5,46.83,2680.79,True
TR-USDJPY-2025-04-25T022000-0683,USDJPY,2,2025-04-25 02:20:00,2025-04-25 03:40:00,2680.79,26.81,0.19,142.825,142.672,143.086,143.086,WIN,0.67,49.59,48.93,2729.71,True
TR-USDJPY-2025-04-25T070000-0684,USDJPY,5,2025-04-25 07:00:00,2025-04-28 16:50:00,2729.71,27.3,0.06,143.551,143.096,144.422,143.091,LOSS,0.21,-27.6,-27.81,2701.9,True
TR-USDJPY-2025-04-29T030000-0685,USDJPY,2,2025-04-29 03:00:00,2025-04-29 04:40:00,2701.9,27.02,0.25,142.2055,142.319,141.9935,142.324,LOSS,0.88,-29.62,-30.5,2671.4,True
TR-USDJPY-2025-04-29T091000-0686,USDJPY,5,2025-04-29 09:10:00,2025-04-29 10:00:00,2671.4,26.71,0.28,142.401,142.502,142.214,142.507,LOSS,0.98,-29.68,-30.66,2640.74,True
TR-USDJPY-2025-04-29T153000-0687,USDJPY,5,2025-04-29 15:30:00,2025-04-29 16:00:00,2640.74,26.41,0.19,142.6285,142.774,142.3525,142.3525,WIN,0.67,52.44,51.78,2692.52,True
TR-USDJPY-2025-04-30T044000-0688,USDJPY,5,2025-04-30 04:40:00,2025-04-30 05:00:00,2692.52,26.93,0.16,142.284,142.455,141.957,142.46,LOSS,0.56,-28.16,-28.72,2663.8,True
TR-USDJPY-2025-04-30T103000-0689,USDJPY,5,2025-04-30 10:30:00,2025-04-30 12:10:00,2663.8,26.64,0.19,142.6925,142.543,142.9555,142.9555,WIN,0.67,49.97,49.3,2713.1,True
TR-USDJPY-2025-05-01T045000-0690,USDJPY,2,2025-05-01 04:50:00,2025-05-01 06:10:00,2713.1,27.13,0.29,143.1145,143.008,143.2885,143.2885,WIN,1.01,50.46,49.44,2762.55,False
TR-USDJPY-2025-05-01T095000-0691,USDJPY,2,2025-05-01 09:50:00,2025-05-01 10:50:00,2762.55,27.63,0.1,144.3995,144.103,144.9535,144.3965,BREAKEVEN,0.35,-0.3,-0.65,2761.9,True
TR-USDJPY-2025-05-01T150000-0692,USDJPY,5,2025-05-01 15:00:00,2025-05-01 15:30:00,2761.9,27.62,0.16,144.375,144.185,144.719,144.372,BREAKEVEN,0.56,-0.48,-1.04,2760.86,True
TR-USDJPY-2025-05-01T155000-0693,USDJPY,2,2025-05-01 15:50:00,2025-05-01 18:20:00,2760.86,27.61,0.07,144.558,144.129,145.38,145.38,WIN,0.25,57.54,57.3,2818.15,True
TR-USDJPY-2025-05-02T020000-0694,USDJPY,2,2025-05-02 02:00:00,2025-05-02 02:10:00,2818.15,28.18,0.6,145.325,145.261,145.402,145.402,WIN,2.1,46.2,44.1,2862.25,True
TR-USDJPY-2025-05-02T032000-0695,USDJPY,5,2025-05-02 03:20:00,2025-05-02 04:50:00,2862.25,28.62,0.11,145.5495,145.286,146.0435,145.5465,BREAKEVEN,0.39,-0.33,-0.71,2861.54,True
TR-USDJPY-2025-05-02T075000-0696,USDJPY,2,2025-05-02 07:50:00,2025-05-02 08:30:00,2861.54,28.62,0.24,145.359,145.23,145.581,145.225,LOSS,0.84,-32.16,-33.0,2828.54,True
TR-USDJPY-2025-05-05T072000-0697,USDJPY,2,2025-05-05 07:20:00,2025-05-05 08:20:00,2828.54,28.29,0.29,144.2265,144.328,144.0385,144.0385,WIN,1.01,54.52,53.51,2882.04,False
TR-USDJPY-2025-05-05T101000-0698,USDJPY,5,2025-05-05 10:10:00,2025-05-05 10:30:00,2882.04,28.82,0.34,144.3415,144.432,144.1755,144.3445,BREAKEVEN,1.19,-1.02,-2.21,2879.83,True
TR-USDJPY-2025-05-05T155000-0699,USDJPY,6,2025-05-05 15:50:00,2025-05-05 17:00:00,2879.83,28.8,0.21,143.735,143.876,143.468,143.738,BREAKEVEN,0.73,-0.63,-1.36,2878.47,True
TR-USDJPY-2025-05-06T100000-0700,USDJPY,5,2025-05-06 10:00:00,2025-05-06 11:20:00,2878.47,28.78,0.12,143.68,143.924,143.207,143.207,WIN,0.42,56.76,56.34,2934.81,True
TR-USDJPY-2025-05-06T154000-0701,USDJPY,5,2025-05-06 15:40:00,2025-05-06 16:10:00,2934.81,29.35,0.18,142.689,142.854,142.374,142.692,BREAKEVEN,0.63,-0.54,-1.17,2933.64,True
TR-USDJPY-2025-05-07T090000-0702,USDJPY,2,2025-05-07 09:00:00,2025-05-07 10:20:00,2933.64,29.34,0.21,143.0585,143.203,142.7845,143.0615,BREAKEVEN,0.73,-0.63,-1.36,2932.27,False
TR-USDJPY-2025-05-08T030000-0703,USDJPY,5,2025-05-08 03:00:00,2025-05-08 03:40:00,2932.27,29.32,0.28,143.8265,143.708,144.0215,143.703,LOSS,0.98,-34.58,-35.56,2896.71,True
TR-USDJPY-2025-05-08T101000-0704,USDJPY,2,2025-05-08 10:10:00,2025-05-08 11:00:00,2896.71,28.97,0.29,144.4115,144.298,144.6025,144.293,LOSS,1.01,-34.36,-35.38,2861.33,True
TR-USDJPY-2025-05-08T152000-0705,USDJPY,2,2025-05-08 15:20:00,2025-05-08 15:30:00,2861.33,28.61,0.25,144.692,144.566,144.914,144.689,BREAKEVEN,0.88,-0.75,-1.62,2859.71,True
TR-USDJPY-2025-05-09T023000-0706,USDJPY,5,2025-05-09 02:30:00,2025-05-09 04:00:00,2859.71,28.6,0.17,145.9495,145.765,146.2795,145.76,LOSS,0.6,-32.21,-32.81,2826.9,True
TR-USDJPY-2025-05-12T030000-0707,USDJPY,2,2025-05-12 03:00:00,2025-05-12 03:20:00,2826.9,28.27,0.36,145.787,145.697,145.931,145.931,WIN,1.26,51.84,50.58,2877.48,True
TR-USDJPY-2025-05-12T035000-0708,USDJPY,2,2025-05-12 03:50:00,2025-05-12 04:20:00,2877.48,28.77,0.32,145.9135,145.813,146.0815,146.0815,WIN,1.12,53.76,52.64,2930.12,True
TR-USDJPY-2025-05-12T073000-0709,USDJPY,2,2025-05-12 07:30:00,2025-05-12 07:40:00,2930.12,29.3,0.65,145.798,145.742,145.877,145.877,WIN,2.27,51.35,49.07,2979.19,True
TR-USDJPY-2025-05-12T100000-0710,USDJPY,2,2025-05-12 10:00:00,2025-05-12 10:10:00,2979.19,29.79,0.72,146.1235,146.066,146.1905,146.1905,WIN,2.52,48.24,45.72,3024.91,True
TR-USDJPY-2025-05-12T102000-0711,USDJPY,5,2025-05-12 10:20:00,2025-05-12 11:10:00,3024.91,30.25,0.05,146.711,146.062,147.979,147.979,WIN,0.18,63.4,63.22,3088.14,True
TR-USDJPY-2025-05-12T153000-0712,USDJPY,2,2025-05-12 15:30:00,2025-05-12 16:40:00,3088.14,30.88,0.1,148.1465,147.841,148.7245,147.836,LOSS,0.35,-31.05,-31.4,3056.74,True
TR-USDJPY-2025-05-13T093000-0713,USDJPY,5,2025-05-13 09:30:00,2025-05-13 15:30:00,3056.74,30.57,0.18,147.93,147.746,148.265,147.927,BREAKEVEN,0.63,-0.54,-1.17,3055.57,True
TR-USDJPY-2025-05-14T041000-0714,USDJPY,5,2025-05-14 04:10:00,2025-05-14 04:30:00,3055.57,30.56,0.19,147.4175,147.581,147.1055,147.1055,WIN,0.67,59.28,58.61,3114.18,True
TR-USDJPY-2025-05-15T033000-0715,USDJPY,5,2025-05-15 03:30:00,2025-05-15 04:00:00,3114.18,31.14,0.21,146.57,146.724,146.277,146.277,WIN,0.73,61.53,60.8,3174.98,True
TR-USDJPY-2025-05-15T092000-0716,USDJPY,5,2025-05-15 09:20:00,2025-05-15 09:40:00,3174.98,31.75,0.22,145.958,146.108,145.673,145.673,WIN,0.77,62.7,61.93,3236.91,True
TR-USDJPY-2025-05-15T152000-0717,USDJPY,6,2025-05-15 15:20:00,2025-05-15 15:30:00,3236.91,32.37,0.26,145.9955,146.124,145.7535,145.7535,WIN,0.91,62.92,62.01,3298.92,True
TR-USDJPY-2025-05-15T154000-0718,USDJPY,2,2025-05-15 15:40:00,2025-05-15 15:50:00,3298.92,32.99,0.16,145.82,146.03,145.415,146.035,LOSS,0.56,-34.4,-34.96,3263.96,True
TR-USDJPY-2025-05-16T031000-0719,USDJPY,2,2025-05-16 03:10:00,2025-05-16 03:40:00,3263.96,32.64,0.18,145.497,145.685,145.136,145.136,WIN,0.63,64.98,64.35,3328.31,True
TR-USDJPY-2025-05-16T082000-0720,USDJPY,2,2025-05-16 08:20:00,2025-05-16 10:10:00,3328.31,33.28,0.22,145.2405,145.4,144.9365,144.9365,WIN,0.77,66.88,66.11,3394.42,True
TR-USDJPY-2025-05-19T035000-0721,USDJPY,5,2025-05-19 03:50:00,2025-05-19 04:00:00,3394.42,33.94,0.29,145.148,145.269,144.921,144.921,WIN,1.01,65.83,64.82,3459.23,True
TR-USDJPY-2025-05-19T103000-0722,USDJPY,2,2025-05-19 10:30:00,2025-05-19 11:10:00,3459.23,34.59,0.18,144.9215,145.119,144.5415,144.9245,BREAKEVEN,0.63,-0.54,-1.17,3458.06,True
TR-USDJPY-2025-05-20T080000-0723,USDJPY,5,2025-05-20 08:00:00,2025-05-20 08:50:00,3458.06,34.58,0.25,144.723,144.868,144.448,144.448,WIN,0.88,68.75,67.87,3525.94,False
TR-USDJPY-2025-05-21T030000-0724,USDJPY,2,2025-05-21 03:00:00,2025-05-21 03:50:00,3525.94,35.26,0.26,144.328,144.468,144.063,144.331,BREAKEVEN,0.91,-0.78,-1.69,3524.25,True
TR-USDJPY-2025-05-22T032000-0725,USDJPY,2,2025-05-22 03:20:00,2025-05-22 11:10:00,3524.25,35.24,0.13,143.538,143.823,142.983,142.983,WIN,0.46,72.15,71.7,3595.94,True
TR-USDJPY-2025-05-22T150000-0726,USDJPY,2,2025-05-22 15:00:00,2025-05-22 15:50:00,3595.94,35.96,0.21,143.462,143.642,143.117,143.647,LOSS,0.73,-38.85,-39.59,3556.36,False
TR-USDJPY-2025-05-23T102000-0727,USDJPY,2,2025-05-23 10:20:00,2025-05-23 13:10:00,3556.36,35.56,0.29,143.3725,143.501,143.1305,143.3755,BREAKEVEN,1.01,-0.87,-1.88,3554.47,False
TR-USDJPY-2025-05-23T150000-0728,USDJPY,5,2025-05-23 15:00:00,2025-05-26 09:30:00,3554.47,35.54,0.08,142.768,143.196,141.927,142.771,BREAKEVEN,0.28,-0.24,-0.52,3553.95,True
TR-USDJPY-2025-05-27T030000-0729,USDJPY,5,2025-05-27 03:00:00,2025-05-27 03:10:00,3553.95,35.54,0.26,142.6345,142.775,142.3685,142.3685,WIN,0.91,69.16,68.25,3622.2,True
TR-USDJPY-2025-05-27T035000-0730,USDJPY,5,2025-05-27 03:50:00,2025-05-27 04:50:00,3622.2,36.22,0.28,142.3085,142.443,142.0545,142.3115,BREAKEVEN,0.98,-0.84,-1.82,3620.38,True
TR-USDJPY-2025-05-27T100000-0731,USDJPY,2,2025-05-27 10:00:00,2025-05-27 10:50:00,3620.38,36.2,0.18,143.299,143.091,143.685,143.685,WIN,0.63,69.48,68.85,3689.23,True
TR-USDJPY-2025-05-27T152000-0732,USDJPY,2,2025-05-27 15:20:00,2025-05-27 15:30:00,3689.23,36.89,0.84,144.177,144.123,144.255,144.118,LOSS,2.94,-49.56,-52.5,3636.73,True
TR-USDJPY-2025-05-28T042000-0733,USDJPY,2,2025-05-28 04:20:00,2025-05-28 10:10:00,3636.73,36.37,0.12,144.1935,143.87,144.8075,144.1905,BREAKEVEN,0.42,-0.36,-0.78,3635.95,True
TR-USDJPY-2025-05-28T150000-0734,USDJPY,5,2025-05-28 15:00:00,2025-05-28 16:10:00,3635.95,36.36,0.24,144.3565,144.195,144.6435,144.6435,WIN,0.84,68.88,68.04,3703.99,True
TR-USDJPY-2025-05-29T020000-0735,USDJPY,5,2025-05-29 02:00:00,2025-05-29 02:10:00,3703.99,37.04,0.43,144.867,144.763,145.024,145.024,WIN,1.5,67.51,66.01,3770.0,True
TR-USDJPY-2025-05-29T022000-0736,USDJPY,5,2025-05-29 02:20:00,2025-05-29 02:40:00,3770.0,37.7,0.11,145.1705,144.825,145.8255,145.8255,WIN,0.39,72.05,71.66,3841.66,True
TR-USDJPY-2025-05-29T035000-0737,USDJPY,2,2025-05-29 03:50:00,2025-05-29 04:30:00,3841.66,38.42,0.2,145.929,145.727,146.297,145.926,BREAKEVEN,0.7,-0.6,-1.3,3840.36,True
TR-USDJPY-2025-05-29T083000-0738,USDJPY,5,2025-05-29 08:30:00,2025-05-29 08:50:00,3840.36,38.4,0.37,145.811,145.697,146.009,146.009,WIN,1.29,73.26,71.96,3912.33,True
TR-USDJPY-2025-05-30T030000-0739,USDJPY,5,2025-05-30 03:00:00,2025-05-30 03:50:00,3912.33,39.12,0.22,143.7535,143.938,143.3995,143.943,LOSS,0.77,-41.69,-42.46,3869.87,True
TR-USDJPY-2025-05-30T041000-0740,USDJPY,2,2025-05-30 04:10:00,2025-05-30 04:40:00,3869.87,38.7,0.18,143.8055,144.029,143.3735,143.8085,BREAKEVEN,0.63,-0.54,-1.17,3868.7,True
TR-USDJPY-2025-05-30T150000-0741,USDJPY,2,2025-05-30 15:00:00,2025-05-30 15:10:00,3868.7,38.69,0.27,143.9185,144.067,143.6365,143.6365,WIN,0.95,76.14,75.2,3943.89,False
TR-USDJPY-2025-05-30T152000-0742,USDJPY,2,2025-05-30 15:20:00,2025-05-30 16:50:00,3943.89,39.44,0.13,143.709,144.028,143.086,144.033,LOSS,0.46,-42.12,-42.57,3901.32,True
TR-USDJPY-2025-06-02T030000-0743,USDJPY,5,2025-06-02 03:00:00,2025-06-02 03:20:00,3901.32,39.01,0.49,143.784,143.868,143.631,143.631,WIN,1.71,74.97,73.26,3974.57,True
TR-USDJPY-2025-06-02T043000-0744,USDJPY,5,2025-06-02 04:30:00,2025-06-02 06:10:00,3974.57,39.75,0.23,143.4265,143.605,143.0845,143.61,LOSS,0.81,-42.2,-43.01,3931.56,True
TR-USDJPY-2025-06-02T082000-0745,USDJPY,2,2025-06-02 08:20:00,2025-06-02 09:20:00,3931.56,39.32,0.35,143.4975,143.616,143.2755,143.2755,WIN,1.22,77.7,76.47,4008.04,True
TR-USDJPY-2025-06-02T102000-0746,USDJPY,2,2025-06-02 10:20:00,2025-06-02 10:50:00,4008.04,40.08,0.32,143.1505,143.282,142.9025,142.9025,WIN,1.12,79.36,78.24,4086.28,True
TR-USDJPY-2025-06-03T100000-0747,USDJPY,2,2025-06-03 10:00:00,2025-06-03 10:20:00,4086.28,40.86,0.34,142.9365,143.06,142.7045,142.7045,WIN,1.19,78.88,77.69,4163.97,True
TR-USDJPY-2025-06-04T031000-0748,USDJPY,2,2025-06-04 03:10:00,2025-06-04 04:00:00,4163.97,41.64,0.32,143.9065,143.766,144.1515,144.1515,WIN,1.12,78.4,77.28,4241.25,True
TR-USDJPY-2025-06-05T153000-0749,USDJPY,5,2025-06-05 15:30:00,2025-06-05 15:50:00,4241.25,42.41,0.14,143.0345,143.352,142.4145,143.357,LOSS,0.49,-45.15,-45.64,4195.61,True
TR-USDJPY-2025-06-06T030000-0750,USDJPY,5,2025-06-06 03:00:00,2025-06-06 04:00:00,4195.61,41.96,0.5,143.545,143.449,143.701,143.701,WIN,1.75,78.0,76.25,4271.86,True
TR-USDJPY-2025-06-06T082000-0751,USDJPY,5,2025-06-06 08:20:00,2025-06-06 09:40:00,4271.86,42.72,0.39,143.8695,143.751,144.0765,144.0765,WIN,1.36,80.73,79.36,4351.22,True
TR-USDJPY-2025-06-06T151000-0752,USDJPY,5,2025-06-06 15:10:00,2025-06-06 15:30:00,4351.22,43.51,0.38,144.214,144.084,144.429,144.429,WIN,1.33,81.7,80.37,4431.59,True
TR-USDJPY-2025-06-06T154000-0753,USDJPY,2,2025-06-06 15:40:00,2025-06-06 16:40:00,4431.59,44.32,0.18,144.4475,144.191,144.9245,144.9245,WIN,0.63,85.86,85.23,4516.82,True
TR-USDJPY-2025-06-09T032000-0754,USDJPY,5,2025-06-09 03:20:00,2025-06-09 04:20:00,4516.82,45.17,0.42,144.741,144.622,144.943,144.738,BREAKEVEN,1.47,-1.26,-2.73,4514.09,True
TR-USDJPY-2025-06-09T155000-0755,USDJPY,5,2025-06-09 15:50:00,2025-06-09 18:30:00,4514.09,45.14,0.32,144.595,144.446,144.866,144.441,LOSS,1.12,-49.28,-50.4,4463.69,True
TR-USDJPY-2025-06-10T101000-0756,USDJPY,2,2025-06-10 10:10:00,2025-06-11 02:20:00,4463.69,44.64,0.22,144.6535,144.441,145.0575,145.0575,WIN,0.77,88.88,88.11,4551.8,True
TR-USDJPY-2025-06-11T041000-0757,USDJPY,2,2025-06-11 04:10:00,2025-06-11 05:00:00,4551.8,45.52,0.44,144.837,144.723,145.035,145.035,WIN,1.54,87.12,85.58,4637.38,True
TR-USDJPY-2025-06-11T100000-0758,USDJPY,2,2025-06-11 10:00:00,2025-06-11 10:10:00,4637.38,46.37,1.07,145.0835,145.03,145.1605,145.1605,WIN,3.75,82.39,78.64,4716.03,True
TR-USDJPY-2025-06-12T020000-0759,USDJPY,5,2025-06-12 02:00:00,2025-06-12 03:10:00,4716.03,47.16,0.31,144.287,144.445,143.986,144.29,BREAKEVEN,1.08,-0.93,-2.01,4714.01,False
TR-USDJPY-2025-06-12T034000-0760,USDJPY,5,2025-06-12 03:40:00,2025-06-12 04:20:00,4714.01,47.14,0.28,144.1725,144.347,143.8385,143.8385,WIN,0.98,93.52,92.54,4806.55,True
TR-USDJPY-2025-06-12T093000-0761,USDJPY,5,2025-06-12 09:30:00,2025-06-12 10:20:00,4806.55,48.07,0.29,143.765,143.934,143.442,143.939,LOSS,1.01,-50.46,-51.48,4755.08,False
TR-USDJPY-2025-06-12T152000-0762,USDJPY,2,2025-06-12 15:20:00,2025-06-12 15:30:00,4755.08,47.55,0.32,143.628,143.782,143.335,143.335,WIN,1.12,93.76,92.64,4847.72,True
TR-USDJPY-2025-06-13T030000-0763,USDJPY,2,2025-06-13 03:00:00,2025-06-13 06:20:00,4847.72,48.48,0.24,143.223,143.433,142.818,143.226,BREAKEVEN,0.84,-0.72,-1.56,4846.16,True
TR-USDJPY-2025-06-16T035000-0764,USDJPY,5,2025-06-16 03:50:00,2025-06-16 04:00:00,4846.16,48.46,0.47,144.481,144.366,144.675,144.361,LOSS,1.65,-56.4,-58.04,4788.11,False
TR-USDJPY-2025-06-17T030000-0765,USDJPY,2,2025-06-17 03:00:00,2025-06-17 03:10:00,4788.11,47.88,0.83,144.6465,144.577,144.7495,144.7495,WIN,2.9,85.49,82.59,4870.7,True
TR-USDJPY-2025-06-17T032000-0766,USDJPY,2,2025-06-17 03:20:00,2025-06-17 06:30:00,4870.7,48.71,0.28,144.804,144.618,145.146,144.801,BREAKEVEN,0.98,-0.84,-1.82,4868.88,True
TR-USDJPY-2025-06-17T100000-0767,USDJPY,5,2025-06-17 10:00:00,2025-06-17 10:50:00,4868.88,48.69,0.28,144.7835,144.596,145.1255,144.591,LOSS,0.98,-53.9,-54.88,4814.0,True
TR-USDJPY-2025-06-17T155000-0768,USDJPY,2,2025-06-17 15:50:00,2025-06-18 15:20:00,4814.0,48.14,0.11,144.7935,144.348,145.6605,144.7905,BREAKEVEN,0.39,-0.33,-0.71,4813.28,False
TR-USDJPY-2025-06-19T035000-0769,USDJPY,2,2025-06-19 03:50:00,2025-06-19 05:00:00,4813.28,48.13,0.43,144.928,144.809,145.142,145.142,WIN,1.5,92.02,90.51,4903.8,False
TR-USDJPY-2025-06-20T083000-0770,USDJPY,5,2025-06-20 08:30:00,2025-06-20 12:30:00,4903.8,49.04,0.43,145.406,145.28,145.622,145.275,LOSS,1.5,-56.33,-57.84,4845.96,True
TR-USDJPY-2025-06-20T153000-0771,USDJPY,5,2025-06-20 15:30:00,2025-06-20 15:40:00,4845.96,48.46,0.5,145.641,145.536,145.824,145.531,LOSS,1.75,-55.0,-56.75,4789.21,True
TR-USDJPY-2025-06-23T032000-0772,USDJPY,5,2025-06-23 03:20:00,2025-06-23 04:30:00,4789.21,47.89,0.25,146.3345,146.133,146.7045,146.7045,WIN,0.88,92.5,91.63,4880.84,True
TR-USDJPY-2025-06-23T104000-0773,USDJPY,2,2025-06-23 10:40:00,2025-06-23 11:10:00,4880.84,48.81,0.35,147.191,147.043,147.466,147.466,WIN,1.22,96.25,95.03,4975.86,False
TR-USDJPY-2025-06-24T090000-0774,USDJPY,5,2025-06-24 09:00:00,2025-06-24 11:00:00,4975.86,49.76,0.25,145.3235,145.525,144.9355,145.3265,BREAKEVEN,0.88,-0.75,-1.62,4974.24,True
TR-USDJPY-2025-06-24T154000-0775,USDJPY,2,2025-06-24 15:40:00,2025-06-24 17:30:00,4974.24,49.74,0.25,145.0155,145.217,144.6275,144.6275,WIN,0.88,97.0,96.12,5070.36,True
TR-USDJPY-2025-06-25T031000-0776,USDJPY,5,2025-06-25 03:10:00,2025-06-25 03:40:00,5070.36,50.7,0.24,144.7985,145.013,144.3845,145.018,LOSS,0.84,-52.68,-53.52,5016.84,True
TR-USDJPY-2025-06-25T041000-0777,USDJPY,5,2025-06-25 04:10:00,2025-06-25 08:20:00,5016.84,50.17,0.24,144.84,145.055,144.425,145.06,LOSS,0.84,-52.8,-53.64,4963.2,True
TR-USDJPY-2025-06-25T155000-0778,USDJPY,2,2025-06-25 15:50:00,2025-06-25 17:10:00,4963.2,49.63,0.46,145.83,145.715,146.042,145.71,LOSS,1.61,-55.2,-56.81,4906.39,True
TR-USDJPY-2025-06-26T020000-0779,USDJPY,5,2025-06-26 02:00:00,2025-06-26 03:00:00,4906.39,49.06,0.36,145.1545,145.296,144.8865,144.8865,WIN,1.26,96.48,95.22,5001.61,True
TR-USDJPY-2025-06-26T032000-0780,USDJPY,2,2025-06-26 03:20:00,2025-06-26 04:40:00,5001.61,50.02,0.4,144.8805,145.009,144.6385,144.8835,BREAKEVEN,1.4,-1.2,-2.6,4999.01,True
TR-USDJPY-2025-06-26T091000-0781,USDJPY,5,2025-06-26 09:10:00,2025-06-26 10:00:00,4999.01,49.99,0.31,144.678,144.846,144.357,144.357,WIN,1.08,99.51,98.43,5097.44,True
TR-USDJPY-2025-06-26T152000-0782,USDJPY,2,2025-06-26 15:20:00,2025-06-26 15:30:00,5097.44,50.97,0.31,144.3075,144.477,143.9835,144.3105,BREAKEVEN,1.08,-0.93,-2.01,5095.42,False
TR-USDJPY-2025-06-26T155000-0783,USDJPY,2,2025-06-26 15:50:00,2025-06-26 16:10:00,5095.42,50.95,0.54,144.3215,144.42,144.1395,144.425,LOSS,1.89,-55.89,-57.78,5037.64,True
TR-USDJPY-2025-06-27T045000-0784,USDJPY,5,2025-06-27 04:50:00,2025-06-27 07:00:00,5037.64,50.38,0.26,144.462,144.663,144.075,144.465,BREAKEVEN,0.91,-0.78,-1.69,5035.95,True
TR-USDJPY-2025-06-27T100000-0785,USDJPY,2,2025-06-27 10:00:00,2025-06-27 10:20:00,5035.95,50.36,0.4,144.261,144.391,144.016,144.396,LOSS,1.4,-54.0,-55.4,4980.55,True
TR-USDJPY-2025-06-27T154000-0786,USDJPY,2,2025-06-27 15:40:00,2025-06-27 16:30:00,4980.55,49.81,0.29,144.481,144.656,144.146,144.661,LOSS,1.01,-52.2,-53.22,4927.34,False
TR-USDJPY-2025-06-30T083000-0787,USDJPY,5,2025-06-30 08:30:00,2025-06-30 09:50:00,4927.34,49.27,0.34,143.832,143.981,143.549,143.986,LOSS,1.19,-52.36,-53.55,4873.79,True
TR-USDJPY-2025-06-30T100000-0788,USDJPY,5,2025-06-30 10:00:00,2025-06-30 10:50:00,4873.79,48.74,0.41,143.89,144.014,143.657,144.019,LOSS,1.43,-52.89,-54.33,4819.46,True
TR-USDJPY-2025-07-01T030000-0789,USDJPY,5,2025-07-01 03:00:00,2025-07-01 04:20:00,4819.46,48.19,0.38,143.7895,143.921,143.5415,143.5415,WIN,1.33,94.24,92.91,4912.37,True
TR-USDJPY-2025-07-01T084000-0790,USDJPY,2,2025-07-01 08:40:00,2025-07-01 10:20:00,4912.37,49.12,0.47,143.6585,143.767,143.4565,143.4565,WIN,1.65,94.94,93.29,5005.67,False
TR-USDJPY-2025-07-02T023000-0791,USDJPY,5,2025-07-02 02:30:00,2025-07-02 03:00:00,5005.67,50.06,0.65,143.407,143.489,143.258,143.41,BREAKEVEN,2.27,-1.95,-4.22,5001.44,False
TR-USDJPY-2025-07-02T150000-0792,USDJPY,2,2025-07-02 15:00:00,2025-07-02 15:20:00,5001.44,50.01,0.26,144.1415,143.939,144.5225,143.934,LOSS,0.91,-53.95,-54.86,4946.58,True
TR-USDJPY-2025-07-03T032000-0793,USDJPY,5,2025-07-03 03:20:00,2025-07-03 05:10:00,4946.58,49.47,0.33,143.486,143.641,143.191,143.646,LOSS,1.16,-52.8,-53.95,4892.63,True
TR-USDJPY-2025-07-03T151000-0794,USDJPY,5,2025-07-03 15:10:00,2025-07-03 15:30:00,4892.63,48.93,0.47,143.9175,143.804,144.1175,143.9145,BREAKEVEN,1.65,-1.41,-3.05,4889.57,False
TR-USDJPY-2025-07-03T154000-0795,USDJPY,2,2025-07-03 15:40:00,2025-07-04 08:50:00,4889.57,48.9,0.08,144.3175,143.69,145.5485,144.3145,BREAKEVEN,0.28,-0.24,-0.52,4889.05,True
TR-USDJPY-2025-07-07T074000-0796,USDJPY,5,2025-07-07 07:40:00,2025-07-07 08:30:00,4889.05,48.89,0.47,144.8625,144.748,145.0585,145.0585,WIN,1.65,92.12,90.47,4979.53,True
TR-USDJPY-2025-07-07T105000-0797,USDJPY,5,2025-07-07 10:50:00,2025-07-07 12:30:00,4979.53,49.8,0.32,145.132,144.966,145.428,145.428,WIN,1.12,94.72,93.6,5073.13,True
TR-USDJPY-2025-07-07T150000-0798,USDJPY,2,2025-07-07 15:00:00,2025-07-07 16:10:00,5073.13,50.73,0.52,145.4515,145.346,145.6385,145.6385,WIN,1.82,97.24,95.42,5168.55,True
TR-USDJPY-2025-07-08T022000-0799,USDJPY,2,2025-07-08 02:20:00,2025-07-08 04:20:00,5168.55,51.69,0.37,145.977,145.826,146.249,146.249,WIN,1.29,100.64,99.34,5267.89,True
TR-USDJPY-2025-07-08T100000-0800,USDJPY,2,2025-07-08 10:00:00,2025-07-08 10:40:00,5267.89,52.68,0.39,146.228,146.084,146.489,146.079,LOSS,1.36,-58.11,-59.47,5208.42,True
TR-USDJPY-2025-07-09T041000-0801,USDJPY,5,2025-07-09 04:10:00,2025-07-09 06:40:00,5208.42,52.08,0.37,146.8745,146.727,147.1455,147.1455,WIN,1.29,100.27,98.98,5307.39,True
TR-USDJPY-2025-07-10T030000-0802,USDJPY,5,2025-07-10 03:00:00,2025-07-10 03:30:00,5307.39,53.07,0.54,146.11,146.214,145.917,145.917,WIN,1.89,104.22,102.33,5409.72,True
TR-USDJPY-2025-07-10T034000-0803,USDJPY,5,2025-07-10 03:40:00,2025-07-10 05:10:00,5409.72,54.1,0.38,145.921,146.07,145.638,145.924,BREAKEVEN,1.33,-1.14,-2.47,5407.25,True
TR-USDJPY-2025-07-10T100000-0804,USDJPY,5,2025-07-10 10:00:00,2025-07-10 10:50:00,5407.25,54.07,0.39,146.2115,146.356,145.9375,146.361,LOSS,1.36,-58.3,-59.67,5347.58,True
TR-USDJPY-2025-07-11T101000-0805,USDJPY,2,2025-07-11 10:10:00,2025-07-11 12:20:00,5347.58,53.48,0.5,146.82,146.705,147.026,147.026,WIN,1.75,103.0,101.25,5448.83,True
TR-USDJPY-2025-07-11T151000-0806,USDJPY,5,2025-07-11 15:10:00,2025-07-11 15:30:00,5448.83,54.49,0.39,147.0145,146.867,147.2855,146.862,LOSS,1.36,-59.48,-60.84,5387.99,True
TR-USDJPY-2025-07-14T150000-0807,USDJPY,2,2025-07-14 15:00:00,2025-07-14 19:00:00,5387.99,53.88,0.42,147.3475,147.212,147.5975,147.5975,WIN,1.47,105.0,103.53,5491.52,True
TR-USDJPY-2025-07-15T031000-0808,USDJPY,1,2025-07-15 03:10:00,2025-07-15 03:20:00,5491.52,54.92,1.19,147.782,147.725,147.863,147.72,LOSS,4.17,-73.78,-77.95,5413.58,False
TR-USDJPY-2025-07-15T094000-0809,USDJPY,2,2025-07-15 09:40:00,2025-07-15 11:40:00,5413.58,54.14,0.59,147.656,147.558,147.831,147.653,BREAKEVEN,2.06,-1.77,-3.83,5409.74,False
TR-USDJPY-2025-07-15T154000-0810,USDJPY,2,2025-07-15 15:40:00,2025-07-15 17:30:00,5409.74,54.1,0.13,148.0295,147.612,148.8405,148.8405,WIN,0.46,105.43,104.98,5514.72,True
TR-USDJPY-2025-07-16T032000-0811,USDJPY,5,2025-07-16 03:20:00,2025-07-16 04:20:00,5514.72,55.15,0.42,148.8375,148.697,149.0915,148.8345,BREAKEVEN,1.47,-1.26,-2.73,5511.99,True
TR-USDJPY-2025-07-17T094000-0812,USDJPY,5,2025-07-17 09:40:00,2025-07-17 15:30:00,5511.99,55.12,0.33,148.6895,148.512,149.0205,149.0205,WIN,1.16,109.23,108.08,5620.06,True
TR-USDJPY-2025-07-18T032000-0813,USDJPY,2,2025-07-18 03:20:00,2025-07-18 08:40:00,5620.06,56.2,0.38,148.502,148.347,148.785,148.785,WIN,1.33,107.54,106.21,5726.27,True
TR-USDJPY-2025-07-18T101000-0814,USDJPY,2,2025-07-18 10:10:00,2025-07-18 10:40:00,5726.27,57.26,1.27,148.737,148.682,148.817,148.817,WIN,4.45,101.6,97.15,5823.43,False
TR-USDJPY-2025-07-21T030000-0815,USDJPY,5,2025-07-21 03:00:00,2025-07-21 04:00:00,5823.43,58.23,0.48,148.439,148.565,148.202,148.442,BREAKEVEN,1.68,-1.44,-3.12,5820.31,True
TR-USDJPY-2025-07-21T091000-0816,USDJPY,5,2025-07-21 09:10:00,2025-07-21 09:30:00,5820.31,58.2,0.54,148.24,148.353,148.029,148.029,WIN,1.89,113.94,112.05,5932.36,True
TR-USDJPY-2025-07-21T150000-0817,USDJPY,5,2025-07-21 15:00:00,2025-07-21 16:30:00,5932.36,59.32,0.32,147.5655,147.754,147.2035,147.5685,BREAKEVEN,1.12,-0.96,-2.08,5930.28,True
TR-USDJPY-2025-07-22T150000-0818,USDJPY,5,2025-07-22 15:00:00,2025-07-22 17:00:00,5930.28,59.3,0.19,147.2235,147.534,146.6175,146.6175,WIN,0.67,115.14,114.47,6044.75,True
TR-USDJPY-2025-07-23T032000-0819,USDJPY,5,2025-07-23 03:20:00,2025-07-23 05:30:00,6044.75,60.45,0.16,146.5805,146.961,145.8345,146.966,LOSS,0.56,-61.68,-62.24,5982.51,True
TR-USDJPY-2025-07-23T093000-0820,USDJPY,5,2025-07-23 09:30:00,2025-07-24 04:20:00,5982.51,59.83,0.16,146.861,147.25,146.098,146.098,WIN,0.56,122.08,121.52,6104.03,True
TR-USDJPY-2025-07-25T031000-0821,USDJPY,5,2025-07-25 03:10:00,2025-07-25 05:40:00,6104.03,61.04,0.36,147.1345,146.951,147.4625,147.4625,WIN,1.26,118.08,116.82,6220.85,True
TR-USDJPY-2025-07-25T101000-0822,USDJPY,5,2025-07-25 10:10:00,2025-07-25 11:10:00,6220.85,62.21,0.3,147.1345,146.913,147.5415,147.5415,WIN,1.05,122.1,121.05,6341.9,True
TR-USDJPY-2025-07-25T154000-0823,USDJPY,5,2025-07-25 15:40:00,2025-07-25 17:20:00,6341.9,63.42,0.37,147.7445,147.567,148.0755,147.562,LOSS,1.29,-67.53,-68.82,6273.08,True
TR-USDJPY-2025-07-28T044000-0824,USDJPY,5,2025-07-28 04:40:00,2025-07-28 06:40:00,6273.08,62.73,0.35,147.7345,147.541,148.0825,147.7315,BREAKEVEN,1.22,-1.05,-2.27,6270.81,True
TR-USDJPY-2025-07-28T102000-0825,USDJPY,2,2025-07-28 10:20:00,2025-07-28 10:30:00,6270.81,62.71,1.14,147.849,147.784,147.949,147.949,WIN,3.99,114.0,110.01,6380.82,True
TR-USDJPY-2025-07-28T104000-0826,USDJPY,5,2025-07-28 10:40:00,2025-07-28 11:00:00,6380.82,63.81,0.37,147.9655,147.784,148.3045,148.3045,WIN,1.29,125.43,124.13,6504.95,True
TR-USDJPY-2025-07-29T101000-0827,USDJPY,5,2025-07-29 10:10:00,2025-07-29 11:10:00,6504.95,65.05,0.39,148.5,148.325,148.829,148.497,BREAKEVEN,1.36,-1.17,-2.53,6502.42,True
TR-USDJPY-2025-07-30T021000-0828,USDJPY,2,2025-07-30 02:10:00,2025-07-30 03:00:00,6502.42,65.02,0.99,148.497,148.42,148.618,148.415,LOSS,3.46,-81.18,-84.64,6417.77,True
TR-USDJPY-2025-07-30T081000-0829,USDJPY,2,2025-07-30 08:10:00,2025-07-30 09:00:00,6417.77,64.18,0.51,148.075,148.205,147.83,148.078,BREAKEVEN,1.79,-1.53,-3.31,6414.46,True
TR-USDJPY-2025-07-30T101000-0830,USDJPY,2,2025-07-30 10:10:00,2025-07-30 10:40:00,6414.46,64.14,0.52,147.907,148.035,147.666,148.04,LOSS,1.82,-69.16,-70.98,6343.48,True
TR-USDJPY-2025-07-31T033000-0831,USDJPY,2,2025-07-31 03:30:00,2025-07-31 04:50:00,6343.48,63.43,0.58,149.274,149.156,149.486,149.151,LOSS,2.03,-71.34,-73.37,6270.11,True
TR-USDJPY-2025-07-31T102000-0832,USDJPY,2,2025-07-31 10:20:00,2025-07-31 10:40:00,6270.11,62.7,0.31,149.0465,148.837,149.4385,149.4385,WIN,1.08,121.52,120.43,6390.54,True
TR-USDJPY-2025-07-31T105000-0833,USDJPY,2,2025-07-31 10:50:00,2025-07-31 15:30:00,6390.54,63.91,0.19,149.4275,149.088,150.0825,150.0825,WIN,0.67,124.45,123.79,6514.33,True
TR-USDJPY-2025-08-01T022000-0834,USDJPY,5,2025-08-01 02:20:00,2025-08-01 06:50:00,6514.33,65.14,0.4,150.7825,150.612,151.0995,150.607,LOSS,1.4,-70.2,-71.6,6442.73,True
TR-USDJPY-2025-08-04T071000-0835,USDJPY,2,2025-08-04 07:10:00,2025-08-04 08:20:00,6442.73,64.43,0.74,147.647,147.739,147.478,147.744,LOSS,2.59,-71.78,-74.37,6368.36,True
TR-USDJPY-2025-08-04T152000-0836,USDJPY,5,2025-08-04 15:20:00,2025-08-04 18:10:00,6368.36,63.68,0.24,147.32,147.59,146.795,147.323,BREAKEVEN,0.84,-0.72,-1.56,6366.8,True
TR-USDJPY-2025-08-05T030000-0837,USDJPY,5,2025-08-05 03:00:00,2025-08-05 03:30:00,6366.8,63.67,0.69,146.7805,146.878,146.6005,146.883,LOSS,2.42,-70.72,-73.14,6293.66,True
TR-USDJPY-2025-08-06T040000-0838,USDJPY,5,2025-08-06 04:00:00,2025-08-06 05:00:00,6293.66,62.94,0.62,147.54,147.433,147.736,147.736,WIN,2.17,121.52,119.35,6413.01,True
TR-USDJPY-2025-08-07T092000-0839,USDJPY,2,2025-08-07 09:20:00,2025-08-07 09:40:00,6413.01,64.13,0.64,147.2265,147.332,147.0305,147.0305,WIN,2.24,125.44,123.2,6536.21,True
TR-USDJPY-2025-08-07T100000-0840,USDJPY,2,2025-08-07 10:00:00,2025-08-07 11:10:00,6536.21,65.36,0.31,146.9325,147.148,146.5165,146.9355,BREAKEVEN,1.08,-0.93,-2.01,6534.19,False
TR-USDJPY-2025-08-07T152000-0841,USDJPY,2,2025-08-07 15:20:00,2025-08-07 16:00:00,6534.19,65.34,0.44,147.2735,147.426,146.9835,147.2765,BREAKEVEN,1.54,-1.32,-2.86,6531.33,True
TR-USDJPY-2025-08-08T101000-0842,USDJPY,2,2025-08-08 10:10:00,2025-08-08 11:40:00,6531.33,65.31,0.35,147.2835,147.474,146.9175,147.479,LOSS,1.22,-68.42,-69.65,6461.68,True
TR-USDJPY-2025-08-08T150000-0843,USDJPY,2,2025-08-08 15:00:00,2025-08-08 15:30:00,6461.68,64.62,0.94,147.8005,147.724,147.9295,147.7975,BREAKEVEN,3.29,-2.82,-6.11,6455.57,True
TR-USDJPY-2025-08-08T155000-0844,USDJPY,2,2025-08-08 15:50:00,2025-08-08 16:10:00,6455.57,64.56,0.86,147.745,147.661,147.886,147.742,BREAKEVEN,3.01,-2.58,-5.59,6449.98,True
TR-USDJPY-2025-08-11T034000-0845,USDJPY,2,2025-08-11 03:40:00,2025-08-11 05:20:00,6449.98,64.5,0.58,147.6735,147.553,147.8875,147.548,LOSS,2.03,-72.79,-74.82,6375.16,True
TR-USDJPY-2025-08-11T153000-0846,USDJPY,2,2025-08-11 15:30:00,2025-08-11 15:50:00,6375.16,63.75,1.0,147.9165,147.845,148.0355,147.84,LOSS,3.5,-76.5,-80.0,6295.16,True
TR-USDJPY-2025-08-12T031000-0847,USDJPY,5,2025-08-12 03:10:00,2025-08-12 03:20:00,6295.16,62.95,0.98,148.19,148.118,148.31,148.31,WIN,3.43,117.6,114.17,6409.33,True
TR-USDJPY-2025-08-12T033000-0848,USDJPY,5,2025-08-12 03:30:00,2025-08-12 08:40:00,6409.33,64.09,0.43,148.2735,148.118,148.5605,148.2705,BREAKEVEN,1.5,-1.29,-2.79,6406.54,True
TR-USDJPY-2025-08-13T033000-0849,USDJPY,2,2025-08-13 03:30:00,2025-08-13 04:30:00,6406.54,64.07,0.7,147.807,147.903,147.63,147.908,LOSS,2.45,-70.7,-73.15,6333.39,True
TR-USDJPY-2025-08-13T090000-0850,USDJPY,5,2025-08-13 09:00:00,2025-08-13 09:40:00,6333.39,63.33,0.81,147.943,148.026,147.792,147.792,WIN,2.83,122.31,119.48,6452.86,False
TR-USDJPY-2025-08-13T102000-0851,USDJPY,2,2025-08-13 10:20:00,2025-08-13 11:20:00,6452.86,64.53,0.44,147.676,147.829,147.385,147.385,WIN,1.54,128.04,126.5,6579.36,True
TR-USDJPY-2025-08-13T151000-0852,USDJPY,5,2025-08-13 15:10:00,2025-08-14 03:20:00,6579.36,65.79,0.27,147.3385,147.588,146.8545,146.8545,WIN,0.95,130.68,129.73,6709.1,False
TR-USDJPY-2025-08-14T073000-0853,USDJPY,5,2025-08-14 07:30:00,2025-08-14 09:30:00,6709.1,67.09,0.55,146.474,146.601,146.235,146.235,WIN,1.93,131.45,129.53,6838.62,False
TR-USDJPY-2025-08-15T101000-0854,USDJPY,2,2025-08-15 10:10:00,2025-08-15 10:30:00,6838.62,68.39,0.64,147.0485,147.16,146.8405,147.165,LOSS,2.24,-74.56,-76.8,6761.82,True
TR-USDJPY-2025-08-15T154000-0855,USDJPY,2,2025-08-15 15:40:00,2025-08-15 19:50:00,6761.82,67.62,0.25,146.8935,147.17,146.3555,147.175,LOSS,0.88,-70.37,-71.25,6690.57,True
TR-USDJPY-2025-08-18T040000-0856,USDJPY,5,2025-08-18 04:00:00,2025-08-18 10:10:00,6690.57,66.91,0.46,147.409,147.257,147.689,147.252,LOSS,1.61,-72.22,-73.83,6616.74,True
TR-USDJPY-2025-08-18T150000-0857,USDJPY,2,2025-08-18 15:00:00,2025-08-18 15:10:00,6616.74,66.17,1.27,147.486,147.423,147.579,147.579,WIN,4.45,118.11,113.66,6730.41,False
TR-USDJPY-2025-08-18T153000-0858,USDJPY,2,2025-08-18 15:30:00,2025-08-18 17:50:00,6730.41,67.3,0.47,147.648,147.496,147.922,147.922,WIN,1.65,128.78,127.13,6857.54,True
TR-USDJPY-2025-08-19T043000-0859,USDJPY,2,2025-08-19 04:30:00,2025-08-19 08:40:00,6857.54,68.58,0.42,147.8475,147.676,148.1605,147.671,LOSS,1.47,-74.13,-75.6,6781.94,True
TR-USDJPY-2025-08-20T044000-0860,USDJPY,5,2025-08-20 04:40:00,2025-08-20 09:20:00,6781.94,67.82,0.46,147.5385,147.691,147.2485,147.2485,WIN,1.61,133.4,131.79,6913.73,True
TR-USDJPY-2025-08-20T154000-0861,USDJPY,2,2025-08-20 15:40:00,2025-08-20 17:40:00,6913.73,69.14,0.58,147.3735,147.498,147.1395,147.1395,WIN,2.03,135.72,133.69,7047.42,True
TR-USDJPY-2025-08-21T030000-0862,USDJPY,5,2025-08-21 03:00:00,2025-08-21 03:10:00,7047.42,70.47,0.62,147.3085,147.427,147.0865,147.432,LOSS,2.17,-76.57,-78.74,6968.68,True
TR-USDJPY-2025-08-22T030000-0863,USDJPY,5,2025-08-22 03:00:00,2025-08-22 04:50:00,6968.68,69.69,0.83,148.3615,148.269,148.5195,148.5195,WIN,2.9,131.14,128.23,7096.92,False
TR-USDJPY-2025-08-22T070000-0864,USDJPY,5,2025-08-22 07:00:00,2025-08-22 09:20:00,7096.92,70.97,0.55,148.66,148.524,148.908,148.519,LOSS,1.93,-77.55,-79.47,7017.44,False
TR-USDJPY-2025-08-22T104000-0865,USDJPY,5,2025-08-22 10:40:00,2025-08-22 13:00:00,7017.44,70.17,0.7,148.513,148.407,148.707,148.707,WIN,2.45,135.8,133.35,7150.79,True
TR-USDJPY-2025-08-22T155000-0866,USDJPY,6,2025-08-22 15:50:00,2025-08-22 16:20:00,7150.79,71.51,0.91,148.663,148.576,148.813,148.571,LOSS,3.19,-83.72,-86.91,7063.89,False
TR-USDJPY-2025-08-25T103000-0867,USDJPY,2,2025-08-25 10:30:00,2025-08-25 10:50:00,7063.89,70.64,0.8,147.204,147.297,147.033,147.302,LOSS,2.8,-78.4,-81.2,6982.69,True
TR-USDJPY-2025-08-26T100000-0868,USDJPY,5,2025-08-26 10:00:00,2025-08-26 11:20:00,6982.69,69.83,0.6,147.7405,147.615,147.9645,147.61,LOSS,2.1,-78.3,-80.4,6902.29,True
TR-USDJPY-2025-08-27T101000-0869,USDJPY,2,2025-08-27 10:10:00,2025-08-27 11:10:00,6902.29,69.02,0.8,147.7145,147.619,147.8785,147.8785,WIN,2.8,131.2,128.4,7030.69,True
TR-USDJPY-2025-08-28T041000-0870,USDJPY,5,2025-08-28 04:10:00,2025-08-28 10:20:00,7030.69,70.31,0.44,147.339,147.503,147.026,147.342,BREAKEVEN,1.54,-1.32,-2.86,7027.83,True
TR-USDJPY-2025-08-29T030000-0871,USDJPY,6,2025-08-29 03:00:00,2025-08-29 04:20:00,7027.83,70.28,0.78,146.854,146.949,146.679,146.954,LOSS,2.73,-78.0,-80.73,6947.1,True
TR-USDJPY-2025-08-29T154000-0872,USDJPY,2,2025-08-29 15:40:00,2025-08-29 16:10:00,6947.1,69.47,0.79,147.1965,147.099,147.3615,147.3615,WIN,2.77,130.35,127.59,7074.68,True
TR-USDJPY-2025-09-01T151000-0873,USDJPY,2,2025-09-01 15:10:00,2025-09-01 17:00:00,7074.68,70.75,1.26,147.17,147.102,147.27,147.27,WIN,4.41,126.0,121.59,7196.27,True
TR-USDJPY-2025-09-02T031000-0874,USDJPY,5,2025-09-02 03:10:00,2025-09-02 04:40:00,7196.27,71.96,0.47,147.171,147.01,147.466,147.466,WIN,1.65,138.65,137.01,7333.28,True
TR-USDJPY-2025-09-02T101000-0875,USDJPY,5,2025-09-02 10:10:00,2025-09-02 10:30:00,7333.28,73.33,0.72,148.0395,147.927,148.2345,148.2345,WIN,2.52,140.4,137.88,7471.16,True
TR-USDJPY-2025-09-02T152000-0876,USDJPY,2,2025-09-02 15:20:00,2025-09-02 16:10:00,7471.16,74.71,0.52,148.7275,148.573,149.0065,148.7245,BREAKEVEN,1.82,-1.56,-3.38,7467.78,True
TR-USDJPY-2025-09-03T032000-0877,USDJPY,5,2025-09-03 03:20:00,2025-09-03 04:00:00,7467.78,74.68,0.88,148.6075,148.515,148.7685,148.7685,WIN,3.08,141.68,138.6,7606.38,True
TR-USDJPY-2025-09-03T101000-0878,USDJPY,2,2025-09-03 10:10:00,2025-09-03 10:20:00,7606.38,76.06,0.51,148.6725,148.517,148.9655,148.9655,WIN,1.79,149.43,147.65,7754.02,True
TR-USDJPY-2025-09-03T103000-0879,USDJPY,2,2025-09-03 10:30:00,2025-09-03 12:00:00,7754.02,77.54,0.3,148.844,148.578,149.355,148.573,LOSS,1.05,-81.3,-82.35,7671.67,True
TR-USDJPY-2025-09-03T152000-0880,USDJPY,5,2025-09-03 15:20:00,2025-09-03 16:40:00,7671.67,76.72,0.65,148.646,148.521,148.875,148.643,BREAKEVEN,2.27,-1.95,-4.22,7667.45,True
TR-USDJPY-2025-09-04T044000-0881,USDJPY,2,2025-09-04 04:40:00,2025-09-04 05:10:00,7667.45,76.67,0.65,147.9795,148.102,147.7495,148.107,LOSS,2.27,-82.87,-85.15,7582.3,True
TR-USDJPY-2025-09-04T153000-0882,USDJPY,2,2025-09-04 15:30:00,2025-09-04 15:40:00,7582.3,75.82,1.83,148.2425,148.187,148.3115,148.3115,WIN,6.41,126.27,119.86,7702.16,True
TR-USDJPY-2025-09-04T155000-0883,USDJPY,2,2025-09-04 15:50:00,2025-09-05 15:10:00,7702.16,77.02,0.2,148.472,148.081,149.221,148.076,LOSS,0.7,-79.2,-79.9,7622.26,True
TR-USDJPY-2025-09-05T152000-0884,USDJPY,2,2025-09-05 15:20:00,2025-09-05 15:30:00,7622.26,76.22,0.45,148.091,148.265,147.758,147.758,WIN,1.57,149.85,148.27,7770.54,False
TR-USDJPY-2025-09-05T154000-0885,USDJPY,2,2025-09-05 15:40:00,2025-09-05 18:10:00,7770.54,77.71,0.21,147.6975,148.066,146.9755,146.9755,WIN,0.73,151.62,150.89,7921.42,False
TR-USDJPY-2025-09-08T154000-0886,USDJPY,5,2025-09-08 15:40:00,2025-09-08 17:20:00,7921.42,79.21,0.63,147.7475,147.879,147.4995,147.7505,BREAKEVEN,2.21,-1.89,-4.09,7917.33,True
TR-USDJPY-2025-09-09T021000-0887,USDJPY,5,2025-09-09 02:10:00,2025-09-09 02:30:00,7917.33,79.17,1.24,147.411,147.48,147.288,147.288,WIN,4.34,152.52,148.18,8065.51,True
TR-USDJPY-2025-09-09T032000-0888,USDJPY,5,2025-09-09 03:20:00,2025-09-09 04:00:00,8065.51,80.66,0.62,147.317,147.452,147.062,147.32,BREAKEVEN,2.17,-1.86,-4.03,8061.48,True
TR-USDJPY-2025-09-09T074000-0889,USDJPY,5,2025-09-09 07:40:00,2025-09-09 08:30:00,8061.48,80.61,0.75,147.232,147.344,147.023,147.023,WIN,2.62,156.75,154.12,8215.6,True
TR-USDJPY-2025-09-10T034000-0890,USDJPY,2,2025-09-10 03:40:00,2025-09-10 04:40:00,8215.6,82.16,0.93,147.434,147.338,147.602,147.431,BREAKEVEN,3.26,-2.79,-6.04,8209.56,True
TR-USDJPY-2025-09-10T152000-0891,USDJPY,2,2025-09-10 15:20:00,2025-09-10 15:30:00,8209.56,82.1,0.93,147.54,147.441,147.705,147.436,LOSS,3.26,-96.72,-99.97,8109.58,False
TR-USDJPY-2025-09-11T030000-0892,USDJPY,5,2025-09-11 03:00:00,2025-09-11 04:30:00,8109.58,81.1,0.87,147.348,147.245,147.524,147.345,BREAKEVEN,3.04,-2.61,-5.65,8103.93,True
TR-USDJPY-2025-09-11T103000-0893,USDJPY,2,2025-09-11 10:30:00,2025-09-11 10:40:00,8103.93,81.04,1.98,147.733,147.682,147.805,147.805,WIN,6.93,142.56,135.63,8239.56,True
TR-USDJPY-2025-09-12T093000-0894,USDJPY,5,2025-09-12 09:30:00,2025-09-12 11:20:00,8239.56,82.4,0.58,147.437,147.289,147.712,147.712,WIN,2.03,159.5,157.47,8397.03,True
TR-USDJPY-2025-09-12T151000-0895,USDJPY,2,2025-09-12 15:10:00,2025-09-12 16:00:00,8397.03,83.97,0.51,147.865,147.692,148.19,147.862,BREAKEVEN,1.79,-1.53,-3.31,8393.71,False
TR-USDJPY-2025-09-15T101000-0896,USDJPY,5,2025-09-15 10:10:00,2025-09-15 12:30:00,8393.71,83.94,1.0,147.52,147.609,147.357,147.357,WIN,3.5,163.0,159.5,8553.21,True
TR-USDJPY-2025-09-15T151000-0897,USDJPY,2,2025-09-15 15:10:00,2025-09-15 17:00:00,8553.21,85.53,0.97,147.3925,147.486,147.2205,147.3955,BREAKEVEN,3.4,-2.91,-6.3,8546.91,True
TR-USDJPY-2025-09-16T044000-0898,USDJPY,5,2025-09-16 04:40:00,2025-09-16 06:20:00,8546.91,85.47,0.56,147.413,147.57,147.114,147.114,WIN,1.96,167.44,165.48,8712.39,True
TR-USDJPY-2025-09-16T080000-0899,USDJPY,5,2025-09-16 08:00:00,2025-09-16 09:10:00,8712.39,87.12,0.94,147.016,147.114,146.835,147.019,BREAKEVEN,3.29,-2.82,-6.11,8706.28,True
TR-USDJPY-2025-09-16T150000-0900,USDJPY,2,2025-09-16 15:00:00,2025-09-16 15:30:00,8706.28,87.06,0.55,146.979,147.142,146.668,147.147,LOSS,1.93,-92.4,-94.32,8611.95,True
TR-USDJPY-2025-09-17T031000-0901,USDJPY,5,2025-09-17 03:10:00,2025-09-17 03:40:00,8611.95,86.12,0.7,146.318,146.446,146.077,146.451,LOSS,2.45,-93.1,-95.55,8516.4,True
TR-USDJPY-2025-09-18T030000-0902,USDJPY,2,2025-09-18 03:00:00,2025-09-18 03:10:00,8516.4,85.16,2.27,146.8545,146.807,146.9195,146.9195,WIN,7.95,147.55,139.6,8656.01,False
TR-USDJPY-2025-09-18T080000-0903,USDJPY,2,2025-09-18 08:00:00,2025-09-18 09:10:00,8656.01,86.56,0.87,147.188,147.08,147.38,147.38,WIN,3.04,167.04,164.0,8820.0,False
TR-USDJPY-2025-09-18T153000-0904,USDJPY,2,2025-09-18 15:30:00,2025-09-18 15:40:00,8820.0,88.2,2.38,147.404,147.353,147.464,147.464,WIN,8.33,142.8,134.47,8954.47,True
TR-USDJPY-2025-09-18T155000-0905,USDJPY,2,2025-09-18 15:50:00,2025-09-18 16:40:00,8954.47,89.54,0.31,147.63,147.336,148.197,148.197,WIN,1.08,175.77,174.68,9129.16,False
TR-USDJPY-2025-09-19T031000-0906,USDJPY,5,2025-09-19 03:10:00,2025-09-19 06:30:00,9129.16,91.29,0.76,148.0155,147.887,148.2485,147.882,LOSS,2.66,-101.46,-104.12,9025.04,True
TR-USDJPY-2025-09-19T095000-0907,USDJPY,5,2025-09-19 09:50:00,2025-09-19 19:00:00,9025.04,90.25,0.33,147.7985,147.511,148.3435,147.7955,BREAKEVEN,1.16,-0.99,-2.14,9022.89,False
TR-USDJPY-2025-09-22T030000-0908,USDJPY,5,2025-09-22 03:00:00,2025-09-22 05:10:00,9022.89,90.23,1.05,148.083,147.989,148.247,148.247,WIN,3.68,172.2,168.52,9191.42,False
TR-USDJPY-2025-09-23T035000-0909,USDJPY,5,2025-09-23 03:50:00,2025-09-23 06:00:00,9191.42,91.91,0.96,147.6895,147.79,147.5035,147.795,LOSS,3.36,-101.28,-104.64,9086.78,True
TR-USDJPY-2025-09-23T100000-0910,USDJPY,5,2025-09-23 10:00:00,2025-09-23 13:30:00,9086.78,90.87,0.94,147.7085,147.81,147.5205,147.7115,BREAKEVEN,3.29,-2.82,-6.11,9080.67,True
TR-USDJPY-2025-09-24T030000-0911,USDJPY,5,2025-09-24 03:00:00,2025-09-24 03:30:00,9080.67,90.81,0.98,147.59,147.688,147.409,147.693,LOSS,3.43,-100.94,-104.37,8976.3,True
TR-USDJPY-2025-09-24T072000-0912,USDJPY,5,2025-09-24 07:20:00,2025-09-24 10:20:00,8976.3,89.76,1.03,147.915,147.818,148.079,148.079,WIN,3.6,168.92,165.31,9141.61,True
TR-USDJPY-2025-09-24T153000-0913,USDJPY,5,2025-09-24 15:30:00,2025-09-24 15:50:00,9141.61,91.42,1.2,148.498,148.415,148.643,148.643,WIN,4.2,174.0,169.8,9311.41,True
TR-USDJPY-2025-09-25T153000-0914,USDJPY,2,2025-09-25 15:30:00,2025-09-25 15:40:00,9311.41,93.11,2.17,148.838,148.787,148.916,148.916,WIN,7.59,169.26,161.66,9473.08,False
TR-USDJPY-2025-09-25T155000-0915,USDJPY,5,2025-09-25 15:50:00,2025-09-25 18:50:00,9473.08,94.73,0.27,149.1385,148.785,149.8185,149.8185,WIN,0.95,183.6,182.66,9655.73,False
TR-USDJPY-2025-09-26T023000-0916,USDJPY,5,2025-09-26 02:30:00,2025-09-26 04:00:00,9655.73,96.56,0.84,149.8245,149.696,150.0425,149.691,LOSS,2.94,-112.14,-115.08,9540.65,True
TR-USDJPY-2025-09-29T102000-0917,USDJPY,2,2025-09-29 10:20:00,2025-09-29 14:20:00,9540.65,95.41,0.67,148.7405,148.888,148.4605,148.7435,BREAKEVEN,2.35,-2.01,-4.35,9536.3,True
TR-USDJPY-2025-09-29T150000-0918,USDJPY,2,2025-09-29 15:00:00,2025-09-30 08:20:00,9536.3,95.36,0.57,148.66,148.832,148.331,148.331,WIN,1.99,187.53,185.53,9721.83,True
TR-USDJPY-2025-09-30T150000-0919,USDJPY,5,2025-09-30 15:00:00,2025-09-30 17:00:00,9721.83,97.22,1.01,147.9745,148.076,147.7865,147.9775,BREAKEVEN,3.54,-3.03,-6.56,9715.27,True
TR-USDJPY-2025-10-01T073000-0920,USDJPY,5,2025-10-01 07:30:00,2025-10-01 08:00:00,9715.27,97.15,1.1,147.8865,147.98,147.7145,147.7145,WIN,3.85,189.2,185.35,9900.62,True
TR-USDJPY-2025-10-01T152000-0921,USDJPY,2,2025-10-01 15:20:00,2025-10-01 18:20:00,9900.62,99.01,0.33,146.834,147.138,146.241,147.143,LOSS,1.16,-101.97,-103.12,9797.49,False
TR-USDJPY-2025-10-02T105000-0922,USDJPY,2,2025-10-02 10:50:00,2025-10-02 11:50:00,9797.49,97.97,0.75,147.112,147.247,146.857,146.857,WIN,2.62,191.25,188.62,9986.12,False
TR-USDJPY-2025-10-03T041000-0923,USDJPY,5,2025-10-03 04:10:00,2025-10-03 04:20:00,9986.12,99.86,0.98,147.3435,147.234,147.5385,147.5385,WIN,3.43,191.1,187.67,10173.79,True
TR-USDJPY-2025-10-03T101000-0924,USDJPY,2,2025-10-03 10:10:00,2025-10-03 10:40:00,10173.79,101.74,0.75,147.638,147.496,147.901,147.491,LOSS,2.62,-110.25,-112.87,10060.91,False
TR-USDJPY-2025-10-06T023000-0925,USDJPY,5,2025-10-06 02:30:00,2025-10-06 02:50:00,10060.91,100.61,0.8,149.373,149.23,149.605,149.605,WIN,2.8,185.6,182.8,10243.71,True
TR-USDJPY-2025-10-06T031000-0926,USDJPY,2,2025-10-06 03:10:00,2025-10-06 03:20:00,10243.71,102.44,1.48,149.559,149.477,149.684,149.684,WIN,5.18,185.0,179.82,10423.53,True
TR-USDJPY-2025-10-06T033000-0927,USDJPY,2,2025-10-06 03:30:00,2025-10-06 06:50:00,10423.53,104.24,0.54,149.6165,149.412,149.9955,149.9955,WIN,1.89,204.66,202.77,10626.3,True
TR-USDJPY-2025-10-07T022000-0928,USDJPY,2,2025-10-07 02:20:00,2025-10-07 03:20:00,10626.3,106.26,0.92,150.351,150.226,150.574,150.574,WIN,3.22,205.16,201.94,10828.24,True
TR-USDJPY-2025-10-07T033000-0929,USDJPY,2,2025-10-07 03:30:00,2025-10-07 03:40:00,10828.24,108.28,2.89,150.3845,150.339,150.4515,150.4515,WIN,10.12,193.63,183.52,11011.76,True
TR-USDJPY-2025-10-08T022000-0930,USDJPY,5,2025-10-08 02:20:00,2025-10-08 03:10:00,11011.76,110.12,0.75,151.915,151.758,152.199,152.199,WIN,2.62,213.0,210.37,11222.13,True
TR-USDJPY-2025-10-08T040000-0931,USDJPY,5,2025-10-08 04:00:00,2025-10-08 04:30:00,11222.13,112.22,1.08,152.2785,152.164,152.4745,152.4745,WIN,3.78,211.68,207.9,11430.03,True
TR-USDJPY-2025-10-08T102000-0932,USDJPY,2,2025-10-08 10:20:00,2025-10-08 12:00:00,11430.03,114.3,0.74,152.457,152.295,152.76,152.76,WIN,2.59,224.22,221.63,11651.66,True
TR-USDJPY-2025-10-08T151000-0933,USDJPY,2,2025-10-08 15:10:00,2025-10-08 15:20:00,11651.66,116.52,1.93,152.6725,152.605,152.7865,152.6,LOSS,6.75,-139.93,-146.68,11504.98,True
TR-USDJPY-2025-10-09T030000-0934,USDJPY,2,2025-10-09 03:00:00,2025-10-09 03:20:00,11504.98,115.05,1.55,152.642,152.558,152.78,152.553,LOSS,5.42,-137.95,-143.37,11361.61,True
TR-USDJPY-2025-10-09T092000-0935,USDJPY,5,2025-10-09 09:20:00,2025-10-09 12:00:00,11361.61,113.62,0.34,152.8135,152.471,153.4715,152.8105,BREAKEVEN,1.19,-1.02,-2.21,11359.4,True
TR-USDJPY-2025-10-09T150000-0936,USDJPY,2,2025-10-09 15:00:00,2025-10-09 16:10:00,11359.4,113.59,1.04,152.7635,152.645,152.9735,152.64,LOSS,3.64,-128.44,-132.08,11227.32,True
TR-USDJPY-2025-10-10T031000-0937,USDJPY,2,2025-10-10 03:10:00,2025-10-10 04:00:00,11227.32,112.27,0.74,153.1045,152.945,153.3995,152.94,LOSS,2.59,-121.73,-124.32,11103.0,True
TR-USDJPY-2025-10-10T103000-0938,USDJPY,2,2025-10-10 10:30:00,2025-10-10 18:00:00,11103.0,111.03,0.36,152.7745,152.452,153.3865,152.447,LOSS,1.26,-117.9,-119.16,10983.84,True
TR-USDJPY-2025-10-13T035000-0939,USDJPY,5,2025-10-13 03:50:00,2025-10-13 09:50:00,10983.84,109.84,0.79,151.9055,152.05,151.6315,151.9085,BREAKEVEN,2.77,-2.37,-5.13,10978.7,True
TR-USDJPY-2025-10-14T030000-0940,USDJPY,5,2025-10-14 03:00:00,2025-10-14 04:10:00,10978.7,109.79,0.99,152.3795,152.26,152.5915,152.3765,BREAKEVEN,3.46,-2.97,-6.43,10972.27,True
TR-USDJPY-2025-10-14T090000-0941,USDJPY,5,2025-10-14 09:00:00,2025-10-14 09:50:00,10972.27,109.72,0.42,151.668,151.932,151.155,151.937,LOSS,1.47,-112.98,-114.45,10857.82,True
TR-USDJPY-2025-10-14T152000-0942,USDJPY,2,2025-10-14 15:20:00,2025-10-14 15:50:00,10857.82,108.58,1.07,152.0465,152.153,151.8485,152.0495,BREAKEVEN,3.75,-3.21,-6.95,10850.86,False
TR-USDJPY-2025-10-15T030000-0943,USDJPY,5,2025-10-15 03:00:00,2025-10-15 03:10:00,10850.86,108.51,1.08,151.7075,151.813,151.5115,151.818,LOSS,3.78,-119.34,-123.12,10727.74,True
TR-USDJPY-2025-10-15T032000-0944,USDJPY,5,2025-10-15 03:20:00,2025-10-15 04:10:00,10727.74,107.28,0.88,151.7155,151.842,151.4775,151.4775,WIN,3.08,209.44,206.36,10934.1,True
TR-USDJPY-2025-10-15T091000-0945,USDJPY,5,2025-10-15 09:10:00,2025-10-15 10:30:00,10934.1,109.34,0.7,151.1115,151.272,150.8055,151.277,LOSS,2.45,-115.85,-118.3,10815.8,True
TR-USDJPY-2025-10-15T105000-0946,USDJPY,1,2025-10-15 10:50:00,2025-10-15 11:20:00,10815.8,108.16,1.13,151.2315,151.332,151.0455,151.337,LOSS,3.95,-119.22,-123.17,10692.63,True
TR-USDJPY-2025-10-16T031000-0947,USDJPY,2,2025-10-16 03:10:00,2025-10-16 07:20:00,10692.63,106.93,0.51,150.911,151.126,150.496,150.914,BREAKEVEN,1.79,-1.53,-3.31,10689.32,True
TR-USDJPY-2025-10-16T153000-0948,USDJPY,5,2025-10-16 15:30:00,2025-10-16 17:20:00,10689.32,106.89,0.78,151.1665,151.309,150.8965,150.8965,WIN,2.73,210.6,207.87,10897.19,True
TR-USDJPY-2025-10-17T032000-0949,USDJPY,5,2025-10-17 03:20:00,2025-10-17 04:00:00,10897.19,108.97,0.76,150.1075,150.255,149.8275,150.26,LOSS,2.66,-115.9,-118.56,10778.63,True
TR-USDJPY-2025-10-17T100000-0950,USDJPY,2,2025-10-17 10:00:00,2025-10-17 11:30:00,10778.63,107.79,0.55,149.757,149.957,149.372,149.76,BREAKEVEN,1.93,-1.65,-3.57,10775.05,False
TR-USDJPY-2025-10-20T101000-0951,USDJPY,5,2025-10-20 10:10:00,2025-10-20 11:10:00,10775.05,107.75,0.85,150.68,150.542,150.923,150.677,BREAKEVEN,2.98,-2.55,-5.52,10769.53,True
TR-USDJPY-2025-10-21T030000-0952,USDJPY,2,2025-10-21 03:00:00,2025-10-21 03:10:00,10769.53,107.7,0.86,150.846,150.709,151.084,150.704,LOSS,3.01,-122.12,-125.13,10644.4,True
TR-USDJPY-2025-10-21T081000-0953,USDJPY,2,2025-10-21 08:10:00,2025-10-21 08:40:00,10644.4,106.44,0.71,151.1995,151.041,151.4925,151.4925,WIN,2.48,208.03,205.54,10849.94,True
TR-USDJPY-2025-10-21T151000-0954,USDJPY,2,2025-10-21 15:10:00,2025-10-21 16:00:00,10849.94,108.5,0.87,151.98,151.85,152.222,151.977,BREAKEVEN,3.04,-2.61,-5.65,10844.29,True
TR-USDJPY-2025-10-22T020000-0955,USDJPY,5,2025-10-22 02:00:00,2025-10-22 03:10:00,10844.29,108.44,1.52,151.9135,151.833,152.0475,151.828,LOSS,5.32,-129.96,-135.28,10709.01,True
TR-USDJPY-2025-10-22T090000-0956,USDJPY,5,2025-10-22 09:00:00,2025-10-22 10:00:00,10709.01,107.09,0.96,151.825,151.705,152.038,151.7,LOSS,3.36,-120.0,-123.36,10585.65,True
TR-USDJPY-2025-10-22T101000-0957,USDJPY,2,2025-10-22 10:10:00,2025-10-22 18:20:00,10585.65,105.86,0.68,151.806,151.64,152.108,151.803,BREAKEVEN,2.38,-2.04,-4.42,10581.23,True
TR-USDJPY-2025-10-23T030000-0958,USDJPY,2,2025-10-23 03:00:00,2025-10-23 03:10:00,10581.23,105.81,1.87,151.9615,151.896,152.0655,152.0655,WIN,6.54,194.48,187.93,10769.16,True
TR-USDJPY-2025-10-23T032000-0959,USDJPY,2,2025-10-23 03:20:00,2025-10-23 07:10:00,10769.16,107.69,0.54,152.1175,151.906,152.5075,152.5075,WIN,1.89,210.6,208.71,10977.87,True
TR-USDJPY-2025-10-24T040000-0960,USDJPY,5,2025-10-24 04:00:00,2025-10-24 04:30:00,10977.87,109.78,0.92,152.599,152.473,152.83,152.83,WIN,3.22,212.52,209.3,11187.17,True
TR-USDJPY-2025-10-24T091000-0961,USDJPY,2,2025-10-24 09:10:00,2025-10-24 10:20:00,11187.17,111.87,1.06,152.976,152.858,153.176,152.853,LOSS,3.71,-130.38,-134.09,11053.08,True
TR-USDJPY-2025-10-27T100000-0962,USDJPY,5,2025-10-27 10:00:00,2025-10-27 10:40:00,11053.08,110.53,1.07,152.9695,152.858,153.1685,152.853,LOSS,3.75,-124.65,-128.4,10924.68,True
TR-USDJPY-2025-10-27T153000-0963,USDJPY,5,2025-10-27 15:30:00,2025-10-27 15:50:00,10924.68,109.25,0.96,152.9175,152.796,153.1365,153.1365,WIN,3.36,210.24,206.88,11131.56,True
TR-USDJPY-2025-10-28T031000-0964,USDJPY,2,2025-10-28 03:10:00,2025-10-28 06:50:00,11131.56,111.32,0.67,152.374,152.545,152.047,152.047,WIN,2.35,219.09,216.74,11348.31,False
TR-USDJPY-2025-10-28T103000-0965,USDJPY,5,2025-10-28 10:30:00,2025-10-28 11:30:00,11348.31,113.48,0.78,152.04,152.191,151.753,152.043,BREAKEVEN,2.73,-2.34,-5.07,11343.24,True
TR-USDJPY-2025-10-29T030000-0966,USDJPY,5,2025-10-29 03:00:00,2025-10-29 04:00:00,11343.24,113.43,0.61,151.7135,151.904,151.3475,151.909,LOSS,2.13,-119.25,-121.39,11221.85,True
TR-USDJPY-2025-10-29T152000-0967,USDJPY,2,2025-10-29 15:20:00,2025-10-29 19:40:00,11221.85,112.22,0.53,152.059,152.277,151.638,152.282,LOSS,1.85,-118.19,-120.04,11101.8,False
TR-USDJPY-2025-10-30T020000-0968,USDJPY,5,2025-10-30 02:00:00,2025-10-30 02:20:00,11101.8,111.02,1.14,152.6625,152.556,152.8485,152.6595,BREAKEVEN,3.99,-3.42,-7.41,11094.39,True
TR-USDJPY-2025-10-30T031000-0969,USDJPY,6,2025-10-30 03:10:00,2025-10-30 03:40:00,11094.39,110.94,1.26,152.63,152.532,152.796,152.527,LOSS,4.41,-129.78,-134.19,10960.2,True
TR-USDJPY-2025-10-31T072000-0970,USDJPY,5,2025-10-31 07:20:00,2025-10-31 07:40:00,10960.2,109.6,1.44,153.98,153.896,154.124,153.891,LOSS,5.04,-128.16,-133.2,10827.0,True
TR-USDJPY-2025-10-31T090000-0971,USDJPY,5,2025-10-31 09:00:00,2025-10-31 12:00:00,10827.0,108.27,0.85,154.154,154.014,154.395,154.151,BREAKEVEN,2.98,-2.55,-5.52,10821.48,True
TR-USDJPY-2025-10-31T150000-0972,USDJPY,5,2025-10-31 15:00:00,2025-10-31 17:00:00,10821.48,108.21,0.77,154.0745,153.927,154.3485,153.922,LOSS,2.7,-117.43,-120.12,10701.36,True
TR-USDJPY-2025-11-03T083000-0973,USDJPY,5,2025-11-03 08:30:00,2025-11-03 10:40:00,10701.36,107.01,1.09,154.1955,154.085,154.3805,154.08,LOSS,3.82,-125.89,-129.71,10571.65,True
TR-USDJPY-2025-11-04T020000-0974,USDJPY,2,2025-11-04 02:00:00,2025-11-04 02:10:00,10571.65,105.72,2.75,154.2095,154.157,154.2725,154.2725,WIN,9.62,173.25,163.63,10735.27,False
TR-USDJPY-2025-11-04T022000-0975,USDJPY,2,2025-11-04 02:20:00,2025-11-04 04:20:00,10735.27,107.35,0.81,154.2975,154.157,154.5545,154.2945,BREAKEVEN,2.83,-2.43,-5.26,10730.01,True
TR-USDJPY-2025-11-04T151000-0976,USDJPY,5,2025-11-04 15:10:00,2025-11-04 16:20:00,10730.01,107.3,0.82,153.4905,153.626,153.2345,153.4935,BREAKEVEN,2.87,-2.46,-5.33,10724.68,True
TR-USDJPY-2025-11-05T023000-0977,USDJPY,5,2025-11-05 02:30:00,2025-11-05 03:00:00,10724.68,107.25,0.71,153.529,153.685,153.232,153.232,WIN,2.48,210.87,208.39,10933.06,False
TR-USDJPY-2025-11-05T034000-0978,USDJPY,5,2025-11-05 03:40:00,2025-11-05 04:40:00,10933.06,109.33,0.6,153.023,153.21,152.664,153.215,LOSS,2.1,-115.2,-117.3,10815.76,True
TR-USDJPY-2025-11-05T105000-0979,USDJPY,5,2025-11-05 10:50:00,2025-11-05 11:50:00,10815.76,108.16,0.96,153.5255,153.643,153.3055,153.648,LOSS,3.36,-117.6,-120.96,10694.8,True
TR-USDJPY-2025-11-06T020000-0980,USDJPY,2,2025-11-06 02:00:00,2025-11-06 02:20:00,10694.8,106.95,1.16,154.0735,153.972,154.2495,153.967,LOSS,4.06,-123.54,-127.6,10567.2,True
TR-USDJPY-2025-11-06T152000-0981,USDJPY,2,2025-11-06 15:20:00,2025-11-06 15:40:00,10567.2,105.67,1.69,153.6045,153.672,153.4845,153.4845,WIN,5.92,202.8,196.89,10764.09,True
TR-USDJPY-2025-11-06T155000-0982,USDJPY,2,2025-11-06 15:50:00,2025-11-06 17:40:00,10764.09,107.64,0.82,153.498,153.634,153.241,153.241,WIN,2.87,210.74,207.87,10971.96,True
TR-USDJPY-2025-11-07T150000-0983,USDJPY,5,2025-11-07 15:00:00,2025-11-07 15:30:00,10971.96,109.72,1.23,153.0955,153.19,152.9215,153.195,LOSS,4.3,-122.38,-126.69,10845.27,True
TR-USDJPY-2025-11-10T022000-0984,USDJPY,2,2025-11-10 02:20:00,2025-11-11 15:30:00,10845.27,108.45,0.22,153.863,153.367,154.819,153.86,BREAKEVEN,0.77,-0.66,-1.43,10843.84,True
TR-USDJPY-2025-11-12T023000-0985,USDJPY,5,2025-11-12 02:30:00,2025-11-12 06:20:00,10843.84,108.44,0.81,154.1555,154.014,154.4145,154.4145,WIN,2.83,209.79,206.95,11050.79,True
TR-USDJPY-2025-11-12T102000-0986,USDJPY,2,2025-11-12 10:20:00,2025-11-12 15:30:00,11050.79,110.51,0.92,154.6925,154.563,154.9245,154.9245,WIN,3.22,213.44,210.22,11261.01,True
TR-USDJPY-2025-11-12T154000-0987,USDJPY,2,2025-11-12 15:40:00,2025-11-12 18:00:00,11261.01,112.61,0.67,154.933,154.758,155.259,154.753,LOSS,2.35,-120.6,-122.95,11138.07,False
TR-USDJPY-2025-11-13T021000-0988,USDJPY,2,2025-11-13 02:10:00,2025-11-13 04:00:00,11138.07,111.38,0.9,154.7915,154.659,155.0295,154.7885,BREAKEVEN,3.15,-2.7,-5.85,11132.22,True
TR-USDJPY-2025-11-13T084000-0989,USDJPY,2,2025-11-13 08:40:00,2025-11-13 09:30:00,11132.22,111.32,1.65,154.9485,154.871,155.0735,154.866,LOSS,5.77,-136.12,-141.9,10990.32,True
TR-USDJPY-2025-11-14T033000-0990,USDJPY,2,2025-11-14 03:30:00,2025-11-14 08:30:00,10990.32,109.9,1.0,154.562,154.677,154.347,154.565,BREAKEVEN,3.5,-3.0,-6.5,10983.82,True
TR-USDJPY-2025-11-14T150000-0991,USDJPY,2,2025-11-14 15:00:00,2025-11-14 17:00:00,10983.82,109.84,0.26,153.9165,154.349,153.0665,154.354,LOSS,0.91,-113.75,-114.66,10869.16,True
TR-USDJPY-2025-11-17T081000-0992,USDJPY,2,2025-11-17 08:10:00,2025-11-17 16:50:00,10869.16,108.69,0.77,154.7175,154.568,154.9925,154.9925,WIN,2.7,211.75,209.05,11078.21,True
TR-USDJPY-2025-11-18T104000-0993,USDJPY,2,2025-11-18 10:40:00,2025-11-18 12:50:00,11078.21,110.78,0.74,155.072,154.915,155.365,155.365,WIN,2.59,216.82,214.23,11292.44,True
TR-USDJPY-2025-11-19T102000-0994,USDJPY,5,2025-11-19 10:20:00,2025-11-19 11:40:00,11292.44,112.92,0.92,155.548,155.417,155.786,155.786,WIN,3.22,218.96,215.74,11508.18,True
TR-USDJPY-2025-11-19T154000-0995,USDJPY,6,2025-11-19 15:40:00,2025-11-19 16:10:00,11508.18,115.08,1.06,156.153,156.036,156.363,156.363,WIN,3.71,222.6,218.89,11727.07,True
TR-USDJPY-2025-11-20T070000-0996,USDJPY,5,2025-11-20 07:00:00,2025-11-20 08:20:00,11727.07,117.27,0.97,157.3595,157.226,157.5875,157.5875,WIN,3.4,221.16,217.77,11944.84,True
TR-USDJPY-2025-11-20T155000-0997,USDJPY,2,2025-11-20 15:50:00,2025-11-21 06:10:00,11944.84,119.45,0.25,157.691,157.189,158.65,157.184,LOSS,0.88,-126.75,-127.63,11817.21,True
TR-USDJPY-2025-11-25T023000-0998,USDJPY,2,2025-11-25 02:30:00,2025-11-25 03:00:00,11817.21,118.17,1.31,156.922,156.824,157.094,156.819,LOSS,4.58,-134.93,-139.51,11677.7,True
TR-USDJPY-2025-11-25T090000-0999,USDJPY,5,2025-11-25 09:00:00,2025-11-25 10:00:00,11677.7,116.78,1.37,156.6935,156.784,156.5275,156.6965,BREAKEVEN,4.79,-4.11,-8.9,11668.79,True
TR-USDJPY-2025-11-25T104000-1000,USDJPY,2,2025-11-25 10:40:00,2025-11-25 11:20:00,11668.79,116.69,1.17,156.5695,156.674,156.3755,156.3755,WIN,4.09,226.98,222.89,11891.68,True
TR-USDJPY-2025-11-25T150000-1001,USDJPY,2,2025-11-25 15:00:00,2025-11-25 15:30:00,11891.68,118.92,0.9,156.3365,156.473,156.0785,156.0785,WIN,3.15,232.2,229.05,12120.73,True
TR-USDJPY-2025-11-26T034000-1002,USDJPY,2,2025-11-26 03:40:00,2025-11-26 06:30:00,12120.73,121.21,0.44,156.1105,156.392,155.5625,156.1135,BREAKEVEN,1.54,-1.32,-2.86,12117.87,True
TR-USDJPY-2025-11-26T154000-1003,USDJPY,2,2025-11-26 15:40:00,2025-11-26 17:20:00,12117.87,121.18,0.79,156.4695,156.309,156.7695,156.4665,BREAKEVEN,2.77,-2.37,-5.13,12112.73,False
TR-USDJPY-2025-11-27T030000-1004,USDJPY,5,2025-11-27 03:00:00,2025-11-27 03:30:00,12112.73,121.13,1.32,156.0515,156.148,155.8735,155.8735,WIN,4.62,234.96,230.34,12343.07,True
TR-USDJPY-2025-11-28T023000-1005,USDJPY,2,2025-11-28 02:30:00,2025-11-28 04:30:00,12343.07,123.43,1.05,156.284,156.156,156.51,156.281,BREAKEVEN,3.68,-3.15,-6.82,12336.25,True
TR-USDJPY-2025-12-01T020000-1006,USDJPY,5,2025-12-01 02:00:00,2025-12-01 03:10:00,12336.25,123.36,0.75,155.983,156.153,155.658,155.658,WIN,2.62,243.75,241.12,12577.37,True
TR-USDJPY-2025-12-01T032000-1007,USDJPY,5,2025-12-01 03:20:00,2025-12-01 09:30:00,12577.37,125.77,0.78,155.7255,155.891,155.4095,155.4095,WIN,2.73,246.48,243.75,12821.12,True
TR-USDJPY-2025-12-01T102000-1008,USDJPY,5,2025-12-01 10:20:00,2025-12-01 10:40:00,12821.12,128.21,1.5,155.3455,155.436,155.1795,155.441,LOSS,5.25,-143.25,-148.5,12672.62,True
TR-USDJPY-2025-12-02T101000-1009,USDJPY,5,2025-12-02 10:10:00,2025-12-02 10:30:00,12672.62,126.73,1.67,155.78,155.696,155.924,155.924,WIN,5.84,240.48,234.63,12907.26,False
TR-USDJPY-2025-12-03T070000-1010,USDJPY,5,2025-12-03 07:00:00,2025-12-03 09:30:00,12907.26,129.07,1.46,155.6705,155.764,155.4985,155.6735,BREAKEVEN,5.11,-4.38,-9.49,12897.77,True
TR-USDJPY-2025-12-03T103000-1011,USDJPY,1,2025-12-03 10:30:00,2025-12-03 11:50:00,12897.77,128.98,1.93,155.712,155.784,155.583,155.583,WIN,6.75,248.97,242.21,13139.98,True
TR-USDJPY-2025-12-04T030000-1012,USDJPY,6,2025-12-04 03:00:00,2025-12-04 03:30:00,13139.98,131.4,1.02,155.139,155.273,154.886,155.278,LOSS,3.57,-141.78,-145.35,12994.63,True
TR-USDJPY-2025-12-04T100000-1013,USDJPY,5,2025-12-04 10:00:00,2025-12-04 10:10:00,12994.63,129.95,1.72,155.2505,155.331,155.1045,155.1045,WIN,6.02,251.12,245.1,13239.73,True
TR-USDJPY-2025-12-04T102000-1014,USDJPY,5,2025-12-04 10:20:00,2025-12-04 15:30:00,13239.73,132.4,0.48,155.046,155.325,154.503,155.049,BREAKEVEN,1.68,-1.44,-3.12,13236.61,True
TR-USDJPY-2025-12-05T030000-1015,USDJPY,2,2025-12-05 03:00:00,2025-12-05 07:30:00,13236.61,132.37,0.74,155.035,155.219,154.682,154.682,WIN,2.59,261.22,258.63,13495.24,True
TR-USDJPY-2025-12-05T085000-1016,USDJPY,2,2025-12-05 08:50:00,2025-12-05 09:30:00,13495.24,134.95,1.74,154.5845,154.667,154.4345,154.4345,WIN,6.09,261.0,254.91,13750.15,True
TR-USDJPY-2025-12-08T102000-1017,USDJPY,2,2025-12-08 10:20:00,2025-12-08 10:30:00,13750.15,137.5,2.96,155.2895,155.235,155.3745,155.3745,WIN,10.36,251.6,241.24,13991.39,True
TR-USDJPY-2025-12-08T152000-1018,USDJPY,2,2025-12-08 15:20:00,2025-12-08 16:00:00,13991.39,139.91,3.11,155.542,155.489,155.624,155.624,WIN,10.88,255.02,244.13,14235.53,False
TR-USDJPY-2025-12-09T030000-1019,USDJPY,2,2025-12-09 03:00:00,2025-12-09 03:50:00,14235.53,142.36,1.08,155.9595,155.819,156.2135,155.814,LOSS,3.78,-157.14,-160.92,14074.61,True
TR-USDJPY-2025-12-09T100000-1020,USDJPY,2,2025-12-09 10:00:00,2025-12-09 10:30:00,14074.61,140.75,1.25,156.144,156.024,156.363,156.363,WIN,4.38,273.75,269.37,14343.98,True
TR-USDJPY-2025-12-11T033000-1021,USDJPY,5,2025-12-11 03:30:00,2025-12-11 07:00:00,14343.98,143.44,0.71,155.649,155.857,155.248,155.862,LOSS,2.48,-151.23,-153.71,14190.27,True
TR-USDJPY-2025-12-11T150000-1022,USDJPY,5,2025-12-11 15:00:00,2025-12-11 15:30:00,14190.27,141.9,1.36,155.6065,155.716,155.4025,155.4025,WIN,4.76,277.44,272.68,14462.95,True
TR-USDJPY-2025-12-12T020000-1023,USDJPY,5,2025-12-12 02:00:00,2025-12-12 02:20:00,14462.95,144.63,1.3,155.5305,155.647,155.3125,155.652,LOSS,4.55,-157.95,-162.5,14300.45,True
TR-USDJPY-2025-12-12T091000-1024,USDJPY,5,2025-12-12 09:10:00,2025-12-12 11:00:00,14300.45,143.0,1.04,155.691,155.834,155.42,155.839,LOSS,3.64,-153.92,-157.56,14142.89,True
TR-USDJPY-2025-12-15T153000-1025,USDJPY,5,2025-12-15 15:30:00,2025-12-15 16:00:00,14142.89,141.43,1.44,155.062,155.165,154.871,155.17,LOSS,5.04,-155.52,-160.56,13982.33,True
TR-USDJPY-2025-12-16T034000-1026,USDJPY,2,2025-12-16 03:40:00,2025-12-16 09:10:00,13982.33,139.82,0.75,154.9615,155.153,154.5935,154.9645,BREAKEVEN,2.62,-2.25,-4.87,13977.45,True
TR-USDJPY-2025-12-16T101000-1027,USDJPY,6,2025-12-16 10:10:00,2025-12-16 12:40:00,13977.45,139.77,1.86,154.898,154.978,154.753,154.901,BREAKEVEN,6.51,-5.58,-12.09,13965.36,True
TR-USDJPY-2025-12-16T153000-1028,USDJPY,5,2025-12-16 15:30:00,2025-12-16 15:50:00,13965.36,139.65,0.69,154.5445,154.752,154.1445,154.757,LOSS,2.42,-146.62,-149.04,13816.32,True
TR-USDJPY-2025-12-17T030000-1029,USDJPY,2,2025-12-17 03:00:00,2025-12-17 04:20:00,13816.32,138.16,0.83,154.6745,154.845,154.3485,154.85,LOSS,2.9,-145.66,-148.57,13667.75,True
TR-USDJPY-2025-12-17T082000-1030,USDJPY,5,2025-12-17 08:20:00,2025-12-17 09:10:00,13667.75,136.68,1.39,155.2075,155.102,155.3975,155.3975,WIN,4.86,264.1,259.23,13926.99,False
TR-USDJPY-2025-12-17T150000-1031,USDJPY,2,2025-12-17 15:00:00,2025-12-17 15:10:00,13926.99,139.27,2.87,155.5025,155.445,155.5905,155.5905,WIN,10.04,252.56,242.51,14169.5,True
TR-USDJPY-2025-12-18T034000-1032,USDJPY,2,2025-12-18 03:40:00,2025-12-18 15:30:00,14169.5,141.7,0.7,155.6575,155.444,156.0485,155.6545,BREAKEVEN,2.45,-2.1,-4.55,14164.95,True
TR-USDJPY-2025-12-19T020000-1033,USDJPY,2,2025-12-19 02:00:00,2025-12-19 02:40:00,14164.95,141.65,2.8,155.6275,155.569,155.7205,155.7205,WIN,9.8,260.4,250.6,14415.55,True
TR-USDJPY-2025-12-19T045000-1034,USDJPY,2,2025-12-19 04:50:00,2025-12-19 05:20:00,14415.55,144.16,1.65,155.7575,155.661,155.9235,155.7545,BREAKEVEN,5.77,-4.95,-10.72,14404.83,True
TR-USDJPY-2025-12-19T084000-1035,USDJPY,5,2025-12-19 08:40:00,2025-12-19 09:50:00,14404.83,144.05,0.89,156.074,155.899,156.382,156.382,WIN,3.12,274.12,271.01,14675.83,False
TR-USDJPY-2025-12-19T100000-1036,USDJPY,2,2025-12-19 10:00:00,2025-12-19 12:30:00,14675.83,146.76,0.39,156.558,156.178,157.294,157.294,WIN,1.36,287.04,285.68,14961.51,True
TR-USDJPY-2025-12-19T152000-1037,USDJPY,5,2025-12-19 15:20:00,2025-12-19 16:20:00,14961.51,149.62,1.31,157.3065,157.182,157.5255,157.177,LOSS,4.58,-169.65,-174.23,14787.28,True
TR-USDJPY-2025-12-22T100000-1038,USDJPY,2,2025-12-22 10:00:00,2025-12-22 11:00:00,14787.28,147.87,1.92,157.42,157.337,157.568,157.568,WIN,6.72,284.16,277.44,15064.72,True
TR-USDJPY-2025-12-23T105000-1039,USDJPY,2,2025-12-23 10:50:00,2025-12-23 11:10:00,15064.72,150.65,1.45,156.007,156.116,155.804,155.804,WIN,5.08,294.35,289.27,15353.99,True
TR-USDJPY-2025-12-23T152000-1040,USDJPY,1,2025-12-23 15:20:00,2025-12-23 15:30:00,15353.99,153.54,1.47,155.9855,156.095,155.7815,156.1,LOSS,5.14,-168.31,-173.46,15180.53,True
TR-USDJPY-2025-12-24T020000-1041,USDJPY,5,2025-12-24 02:00:00,2025-12-24 02:20:00,15180.53,151.81,1.26,156.1465,156.272,155.9105,156.1495,BREAKEVEN,4.41,-3.78,-8.19,15172.34,True
TR-USDJPY-2025-12-24T030000-1042,USDJPY,2,2025-12-24 03:00:00,2025-12-24 03:40:00,15172.34,151.72,0.83,156.088,156.275,155.729,155.729,WIN,2.9,297.97,295.07,15467.41,True
TR-USDJPY-2025-12-24T085000-1043,USDJPY,5,2025-12-24 08:50:00,2025-12-24 09:20:00,15467.41,154.67,2.23,155.7125,155.787,155.5785,155.792,LOSS,7.8,-177.28,-185.09,15282.32,True
TR-USDJPY-2025-12-25T020000-1044,USDJPY,5,2025-12-25 02:00:00,2025-12-25 06:30:00,15282.32,152.82,1.43,155.8755,155.987,155.6675,155.8785,BREAKEVEN,5.0,-4.29,-9.29,15273.02,False
TR-USDCAD-2024-01-02T031000-0001,USDCAD,2,2024-01-02 03:10:00,2024-01-02 04:40:00,200.0,2.0,0.02,1.3239,1.32498,1.32189,1.32503,LOSS,0.07,-2.26,-2.33,197.67,True
TR-USDCAD-2024-01-02T155000-0002,USDCAD,2,2024-01-02 15:50:00,2024-01-02 16:10:00,197.67,1.98,0.04,1.32956,1.32893,1.33036,1.33036,WIN,0.14,3.2,3.06,200.73,True
TR-USDCAD-2024-01-03T150000-0003,USDCAD,5,2024-01-03 15:00:00,2024-01-03 15:50:00,200.73,2.01,0.03,1.33442,1.33352,1.33565,1.33565,WIN,0.1,3.69,3.59,204.31,True
TR-USDCAD-2024-01-04T154000-0004,USDCAD,2,2024-01-04 15:40:00,2024-01-05 15:30:00,204.31,2.04,0.01,1.33489,1.33273,1.33869,1.33869,WIN,0.04,3.8,3.77,208.08,True
TR-USDCAD-2024-01-05T154000-0005,USDCAD,2,2024-01-05 15:40:00,2024-01-05 16:00:00,208.08,2.08,0.01,1.33716,1.33558,1.33975,1.33553,LOSS,0.04,-1.63,-1.67,206.41,True
TR-USDCAD-2024-01-08T100000-0006,USDCAD,2,2024-01-08 10:00:00,2024-01-08 10:10:00,206.41,2.06,0.06,1.33738,1.33681,1.33794,1.33794,WIN,0.21,3.36,3.15,209.56,True
TR-USDCAD-2024-01-08T102000-0007,USDCAD,2,2024-01-08 10:20:00,2024-01-08 17:10:00,209.56,2.1,0.02,1.3383,1.33681,1.34076,1.33828,BREAKEVEN,0.07,-0.06,-0.13,209.43,True
TR-USDCAD-2024-01-09T154000-0008,USDCAD,5,2024-01-09 15:40:00,2024-01-09 16:20:00,209.43,2.09,0.02,1.33603,1.33494,1.33767,1.33767,WIN,0.07,3.28,3.21,212.64,True
TR-USDCAD-2024-01-10T153000-0009,USDCAD,2,2024-01-10 15:30:00,2024-01-10 16:10:00,212.64,2.13,0.05,1.33851,1.33788,1.33923,1.33783,LOSS,0.18,-3.4,-3.58,209.07,True
TR-USDCAD-2024-01-11T030000-0010,USDCAD,5,2024-01-11 03:00:00,2024-01-11 08:30:00,209.07,2.09,0.03,1.33724,1.33801,1.33584,1.33584,WIN,0.1,4.2,4.1,213.16,True
TR-USDCAD-2024-01-12T100000-0011,USDCAD,2,2024-01-12 10:00:00,2024-01-12 10:10:00,213.16,2.13,0.03,1.33776,1.33859,1.33626,1.33626,WIN,0.1,4.5,4.4,217.56,True
TR-USDCAD-2024-01-12T102000-0012,USDCAD,5,2024-01-12 10:20:00,2024-01-12 13:50:00,217.56,2.18,0.01,1.33673,1.33845,1.33344,1.3385,LOSS,0.04,-1.77,-1.81,215.75,True
TR-USDCAD-2024-01-12T153000-0013,USDCAD,5,2024-01-12 15:30:00,2024-01-12 18:40:00,215.75,2.16,0.01,1.33672,1.33895,1.33241,1.339,LOSS,0.04,-2.28,-2.32,213.44,True
TR-USDCAD-2024-01-15T150000-0014,USDCAD,2,2024-01-15 15:00:00,2024-01-15 16:40:00,213.44,2.13,0.02,1.34203,1.34086,1.34377,1.34377,WIN,0.07,3.48,3.41,216.85,True
TR-USDCAD-2024-01-16T024000-0015,USDCAD,5,2024-01-16 02:40:00,2024-01-16 04:30:00,216.85,2.17,0.02,1.34434,1.34324,1.34603,1.34603,WIN,0.07,3.38,3.31,220.16,True
TR-USDCAD-2024-01-16T100000-0016,USDCAD,5,2024-01-16 10:00:00,2024-01-16 11:40:00,220.16,2.2,0.03,1.34812,1.34717,1.34952,1.34952,WIN,0.1,4.23,4.12,224.28,True
TR-USDCAD-2024-01-17T071000-0017,USDCAD,5,2024-01-17 07:10:00,2024-01-17 08:10:00,224.28,2.24,0.03,1.34995,1.34908,1.35118,1.35118,WIN,0.1,3.69,3.59,227.87,True
TR-USDCAD-2024-01-17T094000-0018,USDCAD,2,2024-01-17 09:40:00,2024-01-17 12:10:00,227.87,2.28,0.02,1.35154,1.35034,1.35336,1.3515,BREAKEVEN,0.07,-0.06,-0.13,227.74,True
TR-USDCAD-2024-01-17T153000-0019,USDCAD,2,2024-01-17 15:30:00,2024-01-17 15:50:00,227.74,2.28,0.05,1.3515,1.35088,1.35216,1.35216,WIN,0.18,3.25,3.08,230.81,True
TR-USDCAD-2024-01-18T081000-0020,USDCAD,5,2024-01-18 08:10:00,2024-01-18 10:10:00,230.81,2.31,0.02,1.34896,1.34993,1.34716,1.34998,LOSS,0.07,-2.05,-2.12,228.69,True
TR-USDCAD-2024-01-19T092000-0021,USDCAD,5,2024-01-19 09:20:00,2024-01-19 11:20:00,228.69,2.29,0.03,1.34906,1.34999,1.34735,1.34735,WIN,0.1,5.13,5.02,233.72,True
TR-USDCAD-2024-01-19T150000-0022,USDCAD,5,2024-01-19 15:00:00,2024-01-19 15:20:00,233.72,2.34,0.03,1.34732,1.34824,1.34564,1.34564,WIN,0.1,5.04,4.94,238.65,True
TR-USDCAD-2024-01-22T030000-0023,USDCAD,5,2024-01-22 03:00:00,2024-01-22 07:20:00,238.65,2.39,0.02,1.3428,1.34396,1.34062,1.34401,LOSS,0.07,-2.43,-2.5,236.15,True
TR-USDCAD-2024-01-22T103000-0024,USDCAD,2,2024-01-22 10:30:00,2024-01-22 15:30:00,236.15,2.36,0.02,1.34314,1.34415,1.34127,1.34317,BREAKEVEN,0.07,-0.06,-0.13,236.02,True
TR-USDCAD-2024-01-23T033000-0025,USDCAD,5,2024-01-23 03:30:00,2024-01-23 04:40:00,236.02,2.36,0.03,1.34788,1.34701,1.34908,1.34696,LOSS,0.1,-2.76,-2.87,233.16,True
TR-USDCAD-2024-01-23T094000-0026,USDCAD,5,2024-01-23 09:40:00,2024-01-23 17:50:00,233.16,2.33,0.02,1.34645,1.34513,1.34848,1.34848,WIN,0.07,4.06,3.99,237.15,True
TR-USDCAD-2024-01-24T072000-0027,USDCAD,2,2024-01-24 07:20:00,2024-01-24 08:40:00,237.15,2.37,0.03,1.34756,1.34664,1.34885,1.34659,LOSS,0.1,-2.93,-3.03,234.12,True
TR-USDCAD-2024-01-24T101000-0028,USDCAD,2,2024-01-24 10:10:00,2024-01-24 11:40:00,234.12,2.34,0.04,1.34536,1.346,1.34421,1.34421,WIN,0.14,4.56,4.42,238.54,True
TR-USDCAD-2024-01-24T154000-0029,USDCAD,2,2024-01-24 15:40:00,2024-01-24 16:50:00,238.54,2.39,0.02,1.34444,1.34557,1.34233,1.34447,BREAKEVEN,0.07,-0.06,-0.13,238.41,True
TR-USDCAD-2024-01-25T102000-0030,USDCAD,2,2024-01-25 10:20:00,2024-01-25 11:40:00,238.41,2.38,0.02,1.3525,1.35118,1.35466,1.35113,LOSS,0.07,-2.74,-2.81,235.6,True
TR-USDCAD-2024-01-26T100000-0031,USDCAD,5,2024-01-26 10:00:00,2024-01-26 12:40:00,235.6,2.36,0.03,1.34711,1.3481,1.34529,1.34529,WIN,0.1,5.46,5.36,240.95,False
TR-USDCAD-2024-01-29T033000-0032,USDCAD,5,2024-01-29 03:30:00,2024-01-29 09:40:00,240.95,2.41,0.03,1.34523,1.34599,1.34386,1.34386,WIN,0.1,4.11,4.0,244.96,False
TR-USDCAD-2024-01-29T100000-0033,USDCAD,2,2024-01-29 10:00:00,2024-01-29 10:20:00,244.96,2.45,0.04,1.34336,1.34396,1.34232,1.34401,LOSS,0.14,-2.58,-2.72,242.24,True
TR-USDCAD-2024-01-30T071000-0034,USDCAD,2,2024-01-30 07:10:00,2024-01-30 11:30:00,242.24,2.42,0.04,1.3408,1.34145,1.33965,1.34083,BREAKEVEN,0.14,-0.12,-0.26,241.98,True
TR-USDCAD-2024-01-31T103000-0035,USDCAD,5,2024-01-31 10:30:00,2024-01-31 12:10:00,241.98,2.42,0.03,1.34168,1.34265,1.33989,1.3427,LOSS,0.1,-3.06,-3.17,238.81,True
TR-USDCAD-2024-02-01T032000-0036,USDCAD,2,2024-02-01 03:20:00,2024-02-01 09:00:00,238.81,2.39,0.02,1.34331,1.34211,1.34517,1.34517,WIN,0.07,3.72,3.65,242.46,True
TR-USDCAD-2024-02-02T094000-0037,USDCAD,5,2024-02-02 09:40:00,2024-02-02 15:30:00,242.46,2.42,0.03,1.33754,1.33847,1.33584,1.33852,LOSS,0.1,-2.93,-3.03,239.43,True
TR-USDCAD-2024-02-05T030000-0038,USDCAD,2,2024-02-05 03:00:00,2024-02-05 03:20:00,239.43,2.39,0.07,1.34746,1.34692,1.34801,1.34801,WIN,0.25,3.92,3.67,243.11,False
TR-USDCAD-2024-02-05T103000-0039,USDCAD,5,2024-02-05 10:30:00,2024-02-05 12:30:00,243.11,2.43,0.03,1.34781,1.34691,1.3491,1.3491,WIN,0.1,3.87,3.77,246.87,True
TR-USDCAD-2024-02-06T101000-0040,USDCAD,5,2024-02-06 10:10:00,2024-02-06 10:50:00,246.87,2.47,0.03,1.35167,1.35078,1.35291,1.35291,WIN,0.1,3.72,3.62,250.49,True
TR-USDCAD-2024-02-07T090000-0041,USDCAD,5,2024-02-07 09:00:00,2024-02-07 10:20:00,250.49,2.5,0.04,1.34859,1.34929,1.34734,1.34862,BREAKEVEN,0.14,-0.12,-0.26,250.23,True
TR-USDCAD-2024-02-07T104000-0042,USDCAD,5,2024-02-07 10:40:00,2024-02-07 12:40:00,250.23,2.5,0.03,1.34818,1.34907,1.34654,1.3482,BREAKEVEN,0.1,-0.09,-0.2,250.03,True
TR-USDCAD-2024-02-07T150000-0043,USDCAD,5,2024-02-07 15:00:00,2024-02-07 17:10:00,250.03,2.5,0.02,1.34672,1.34796,1.34438,1.34801,LOSS,0.07,-2.59,-2.66,247.37,True
TR-USDCAD-2024-02-08T033000-0044,USDCAD,5,2024-02-08 03:30:00,2024-02-08 10:30:00,247.37,2.47,0.03,1.34562,1.34641,1.3442,1.34646,LOSS,0.1,-2.51,-2.61,244.76,True
TR-USDCAD-2024-02-09T042000-0045,USDCAD,6,2024-02-09 04:20:00,2024-02-09 07:50:00,244.76,2.45,0.05,1.34608,1.34661,1.34516,1.34666,LOSS,0.18,-2.93,-3.1,241.66,True
TR-USDCAD-2024-02-09T151000-0046,USDCAD,2,2024-02-09 15:10:00,2024-02-09 15:30:00,241.66,2.42,0.03,1.34487,1.34577,1.34323,1.34323,WIN,0.1,4.92,4.82,246.48,True
TR-USDCAD-2024-02-12T152000-0047,USDCAD,5,2024-02-12 15:20:00,2024-02-12 16:40:00,246.48,2.46,0.03,1.34689,1.3459,1.34833,1.34585,LOSS,0.1,-3.12,-3.23,243.25,True
TR-USDCAD-2024-02-13T090000-0048,USDCAD,5,2024-02-13 09:00:00,2024-02-13 10:20:00,243.25,2.43,0.03,1.34494,1.34577,1.34343,1.34582,LOSS,0.1,-2.64,-2.75,240.51,True
TR-USDCAD-2024-02-13T155000-0049,USDCAD,2,2024-02-13 15:50:00,2024-02-15 16:40:00,240.51,2.41,0.01,1.35058,1.34298,1.36528,1.35055,BREAKEVEN,0.04,-0.03,-0.07,240.44,True
TR-USDCAD-2024-02-16T090000-0050,USDCAD,5,2024-02-16 09:00:00,2024-02-16 15:30:00,240.44,2.4,0.04,1.34798,1.34872,1.34666,1.34877,LOSS,0.14,-3.14,-3.28,237.16,True
TR-USDCAD-2024-02-20T035000-0051,USDCAD,2,2024-02-20 03:50:00,2024-02-20 11:20:00,237.16,2.37,0.03,1.35022,1.3492,1.35178,1.34915,LOSS,0.1,-3.21,-3.32,233.85,True
TR-USDCAD-2024-02-20T155000-0052,USDCAD,2,2024-02-20 15:50:00,2024-02-20 16:20:00,233.85,2.34,0.04,1.35082,1.35012,1.35171,1.35007,LOSS,0.14,-3.0,-3.14,230.71,True
TR-USDCAD-2024-02-21T031000-0053,USDCAD,2,2024-02-21 03:10:00,2024-02-21 04:10:00,230.71,2.31,0.04,1.35251,1.3517,1.35365,1.35165,LOSS,0.14,-3.44,-3.58,227.13,True
TR-USDCAD-2024-02-21T090000-0054,USDCAD,2,2024-02-21 09:00:00,2024-02-21 09:20:00,227.13,2.27,0.05,1.35176,1.35115,1.35246,1.3511,LOSS,0.18,-3.28,-3.45,223.68,True
TR-USDCAD-2024-02-21T100000-0055,USDCAD,5,2024-02-21 10:00:00,2024-02-21 11:10:00,223.68,2.24,0.03,1.35177,1.35077,1.35329,1.35329,WIN,0.1,4.56,4.45,228.13,True
TR-USDCAD-2024-02-22T085000-0056,USDCAD,5,2024-02-22 08:50:00,2024-02-22 09:20:00,228.13,2.28,0.03,1.34725,1.34807,1.34576,1.34576,WIN,0.1,4.47,4.36,232.5,True
TR-USDCAD-2024-02-23T100000-0057,USDCAD,5,2024-02-23 10:00:00,2024-02-23 10:30:00,232.5,2.32,0.03,1.3478,1.34859,1.34638,1.34864,LOSS,0.1,-2.51,-2.61,229.89,True
TR-USDCAD-2024-02-26T095000-0058,USDCAD,5,2024-02-26 09:50:00,2024-02-26 10:10:00,229.89,2.3,0.04,1.35125,1.35053,1.35221,1.35221,WIN,0.14,3.84,3.7,233.59,True
TR-USDCAD-2024-02-26T104000-0059,USDCAD,2,2024-02-26 10:40:00,2024-02-26 13:40:00,233.59,2.34,0.03,1.35226,1.35136,1.3536,1.35131,LOSS,0.1,-2.87,-2.97,230.62,True
TR-USDCAD-2024-02-26T151000-0060,USDCAD,5,2024-02-26 15:10:00,2024-02-26 15:40:00,230.62,2.31,0.03,1.35204,1.35102,1.35356,1.35097,LOSS,0.1,-3.2,-3.3,227.32,True
TR-USDCAD-2024-02-27T032000-0061,USDCAD,2,2024-02-27 03:20:00,2024-02-27 04:10:00,227.32,2.27,0.06,1.35081,1.35027,1.35141,1.35022,LOSS,0.21,-3.54,-3.75,223.57,True
TR-USDCAD-2024-02-27T081000-0062,USDCAD,5,2024-02-27 08:10:00,2024-02-27 14:30:00,223.57,2.24,0.03,1.35008,1.35077,1.34884,1.34884,WIN,0.1,3.72,3.61,227.18,True
TR-USDCAD-2024-02-28T031000-0063,USDCAD,5,2024-02-28 03:10:00,2024-02-28 07:30:00,227.18,2.27,0.03,1.35336,1.35244,1.3547,1.3547,WIN,0.1,4.05,3.95,231.13,True
TR-USDCAD-2024-02-28T102000-0064,USDCAD,5,2024-02-28 10:20:00,2024-02-28 12:00:00,231.13,2.31,0.02,1.35626,1.3549,1.3585,1.3585,WIN,0.07,4.48,4.41,235.54,True
TR-USDCAD-2024-02-28T150000-0065,USDCAD,2,2024-02-28 15:00:00,2024-02-28 15:40:00,235.54,2.36,0.02,1.35952,1.35786,1.36229,1.35781,LOSS,0.07,-3.41,-3.48,232.06,True
TR-USDCAD-2024-02-29T101000-0066,USDCAD,5,2024-02-29 10:10:00,2024-02-29 15:10:00,232.06,2.32,0.03,1.35815,1.35715,1.3596,1.3596,WIN,0.1,4.35,4.25,236.3,True
TR-USDCAD-2024-03-01T100000-0067,USDCAD,2,2024-03-01 10:00:00,2024-03-01 11:20:00,236.3,2.36,0.03,1.35765,1.35661,1.35925,1.35762,BREAKEVEN,0.1,-0.09,-0.2,236.11,False
TR-USDCAD-2024-03-01T150000-0068,USDCAD,2,2024-03-01 15:00:00,2024-03-01 16:30:00,236.11,2.36,0.03,1.35784,1.35692,1.35913,1.35913,WIN,0.1,3.87,3.77,239.87,True
TR-USDCAD-2024-03-04T152000-0069,USDCAD,5,2024-03-04 15:20:00,2024-03-04 16:30:00,239.87,2.4,0.02,1.35761,1.35641,1.35953,1.35636,LOSS,0.07,-2.5,-2.57,237.3,True
TR-USDCAD-2024-03-05T020000-0070,USDCAD,5,2024-03-05 02:00:00,2024-03-05 08:20:00,237.3,2.37,0.04,1.35753,1.35674,1.35862,1.35862,WIN,0.14,4.36,4.22,241.52,True
TR-USDCAD-2024-03-06T022000-0071,USDCAD,5,2024-03-06 02:20:00,2024-03-06 04:00:00,241.52,2.42,0.03,1.35946,1.35859,1.36072,1.35854,LOSS,0.1,-2.76,-2.87,238.66,True
TR-USDCAD-2024-03-06T100000-0072,USDCAD,5,2024-03-06 10:00:00,2024-03-06 13:50:00,238.66,2.39,0.03,1.35866,1.35774,1.35998,1.35769,LOSS,0.1,-2.9,-3.0,235.66,True
TR-USDCAD-2024-03-06T154000-0073,USDCAD,5,2024-03-06 15:40:00,2024-03-06 16:50:00,235.66,2.36,0.02,1.35781,1.35895,1.35569,1.35569,WIN,0.07,4.24,4.17,239.83,True
TR-USDCAD-2024-03-07T033000-0074,USDCAD,5,2024-03-07 03:30:00,2024-03-07 03:50:00,239.83,2.4,0.04,1.35144,1.35203,1.35042,1.35208,LOSS,0.14,-2.54,-2.68,237.15,True
TR-USDCAD-2024-03-07T100000-0075,USDCAD,5,2024-03-07 10:00:00,2024-03-07 16:00:00,237.15,2.37,0.02,1.35077,1.35191,1.34864,1.34864,WIN,0.07,4.26,4.19,241.34,True
TR-USDCAD-2024-03-08T100000-0076,USDCAD,5,2024-03-08 10:00:00,2024-03-08 13:40:00,241.34,2.41,0.03,1.3441,1.34497,1.34251,1.34502,LOSS,0.1,-2.76,-2.87,238.47,True
TR-USDCAD-2024-03-08T152000-0077,USDCAD,6,2024-03-08 15:20:00,2024-03-08 15:30:00,238.47,2.38,0.02,1.34469,1.34585,1.34252,1.3459,LOSS,0.07,-2.42,-2.49,235.98,True
TR-USDCAD-2024-03-08T154000-0078,USDCAD,2,2024-03-08 15:40:00,2024-03-08 18:30:00,235.98,2.36,0.01,1.34353,1.34729,1.33616,1.34734,LOSS,0.04,-3.81,-3.85,232.14,True
TR-USDCAD-2024-03-11T040000-0079,USDCAD,2,2024-03-11 04:00:00,2024-03-11 04:50:00,232.14,2.32,0.06,1.34781,1.34721,1.34847,1.34847,WIN,0.21,3.96,3.75,235.89,True
TR-USDCAD-2024-03-11T150000-0080,USDCAD,2,2024-03-11 15:00:00,2024-03-11 18:00:00,235.89,2.36,0.02,1.35002,1.34859,1.35243,1.34854,LOSS,0.07,-2.96,-3.03,232.86,True
TR-USDCAD-2024-03-12T154000-0081,USDCAD,2,2024-03-12 15:40:00,2024-03-12 17:00:00,232.86,2.33,0.01,1.35163,1.34959,1.35516,1.34954,LOSS,0.04,-2.09,-2.12,230.74,True
TR-USDCAD-2024-03-13T020000-0082,USDCAD,5,2024-03-13 02:00:00,2024-03-13 10:00:00,230.74,2.31,0.04,1.34934,1.34861,1.35023,1.34856,LOSS,0.14,-3.12,-3.26,227.48,True
TR-USDCAD-2024-03-14T100000-0083,USDCAD,5,2024-03-14 10:00:00,2024-03-14 14:30:00,227.48,2.27,0.02,1.34748,1.34845,1.34569,1.34751,BREAKEVEN,0.07,-0.06,-0.13,227.35,True
TR-USDCAD-2024-03-15T100000-0084,USDCAD,2,2024-03-15 10:00:00,2024-03-15 12:00:00,227.35,2.27,0.03,1.35404,1.35313,1.35541,1.35308,LOSS,0.1,-2.88,-2.99,224.36,True
TR-USDCAD-2024-03-18T021000-0085,USDCAD,5,2024-03-18 02:10:00,2024-03-18 03:50:00,224.36,2.24,0.04,1.35484,1.35416,1.35572,1.35411,LOSS,0.14,-2.92,-3.06,221.3,True
TR-USDCAD-2024-03-18T154000-0086,USDCAD,2,2024-03-18 15:40:00,2024-03-19 07:40:00,221.3,2.21,0.02,1.35393,1.35276,1.35578,1.35578,WIN,0.07,3.7,3.63,224.93,True
TR-USDCAD-2024-03-19T102000-0087,USDCAD,2,2024-03-19 10:20:00,2024-03-19 14:30:00,224.93,2.25,0.03,1.35695,1.35594,1.35846,1.35692,BREAKEVEN,0.1,-0.09,-0.2,224.74,False
TR-USDCAD-2024-03-19T153000-0088,USDCAD,2,2024-03-19 15:30:00,2024-03-19 16:20:00,224.74,2.25,0.04,1.36076,1.36005,1.36168,1.36,LOSS,0.14,-3.02,-3.16,221.58,True
TR-USDCAD-2024-03-20T070000-0089,USDCAD,2,2024-03-20 07:00:00,2024-03-20 10:00:00,221.58,2.22,0.03,1.35769,1.35687,1.35879,1.35879,WIN,0.1,3.3,3.19,224.77,True
TR-USDCAD-2024-03-20T102000-0090,USDCAD,2,2024-03-20 10:20:00,2024-03-20 16:10:00,224.77,2.25,0.02,1.35942,1.35806,1.36159,1.35801,LOSS,0.07,-2.81,-2.88,221.89,True
TR-USDCAD-2024-03-22T034000-0091,USDCAD,2,2024-03-22 03:40:00,2024-03-22 04:20:00,221.89,2.22,0.02,1.35314,1.35183,1.35527,1.35527,WIN,0.07,4.26,4.19,226.08,True
TR-USDCAD-2024-03-22T093000-0092,USDCAD,2,2024-03-22 09:30:00,2024-03-22 14:10:00,226.08,2.26,0.02,1.35693,1.35565,1.35901,1.3569,BREAKEVEN,0.07,-0.06,-0.13,225.95,True
TR-USDCAD-2024-03-22T151000-0093,USDCAD,2,2024-03-22 15:10:00,2024-03-22 17:10:00,225.95,2.26,0.02,1.35723,1.35609,1.35903,1.35903,WIN,0.07,3.6,3.53,229.48,True
TR-USDCAD-2024-03-26T150000-0094,USDCAD,2,2024-03-26 15:00:00,2024-03-26 16:30:00,229.48,2.29,0.02,1.35582,1.35721,1.3532,1.35726,LOSS,0.07,-2.87,-2.94,226.54,True
TR-USDCAD-2024-03-27T032000-0095,USDCAD,2,2024-03-27 03:20:00,2024-03-27 03:40:00,226.54,2.27,0.05,1.35888,1.35829,1.35958,1.35958,WIN,0.18,3.5,3.32,229.87,True
TR-USDCAD-2024-03-27T104000-0096,USDCAD,2,2024-03-27 10:40:00,2024-03-27 11:20:00,229.87,2.3,0.02,1.36039,1.35926,1.36217,1.35921,LOSS,0.07,-2.36,-2.43,227.44,True
TR-USDCAD-2024-03-28T042000-0097,USDCAD,5,2024-03-28 04:20:00,2024-03-28 09:20:00,227.44,2.27,0.02,1.35776,1.35885,1.35573,1.3589,LOSS,0.07,-2.28,-2.35,225.09,True
TR-USDCAD-2024-04-01T030000-0098,USDCAD,2,2024-04-01 03:00:00,2024-04-01 05:00:00,225.09,2.25,0.03,1.35222,1.35309,1.35063,1.35314,LOSS,0.1,-2.76,-2.87,222.22,True
TR-USDCAD-2024-04-01T092000-0099,USDCAD,2,2024-04-01 09:20:00,2024-04-01 13:40:00,222.22,2.22,0.03,1.35302,1.35374,1.35171,1.35379,LOSS,0.1,-2.33,-2.43,219.79,True
TR-USDCAD-2024-04-02T020000-0100,USDCAD,5,2024-04-02 02:00:00,2024-04-02 09:00:00,219.79,2.2,0.04,1.35746,1.35667,1.35831,1.35831,WIN,0.14,3.4,3.26,223.05,True
TR-USDCAD-2024-04-02T155000-0101,USDCAD,2,2024-04-02 15:50:00,2024-04-03 11:30:00,223.05,2.23,0.02,1.35676,1.35563,1.3585,1.3585,WIN,0.07,3.48,3.41,226.46,True
TR-USDCAD-2024-04-04T101000-0102,USDCAD,6,2024-04-04 10:10:00,2024-04-04 11:00:00,226.46,2.26,0.06,1.35102,1.35148,1.35025,1.35105,BREAKEVEN,0.21,-0.18,-0.39,226.07,True
TR-USDCAD-2024-04-04T150000-0103,USDCAD,5,2024-04-04 15:00:00,2024-04-04 15:50:00,226.07,2.26,0.05,1.35007,1.3506,1.34916,1.34916,WIN,0.18,4.55,4.37,230.45,True
TR-USDCAD-2024-04-05T032000-0104,USDCAD,2,2024-04-05 03:20:00,2024-04-05 04:30:00,230.45,2.3,0.05,1.35451,1.35389,1.35517,1.35517,WIN,0.18,3.3,3.13,233.57,False
TR-USDCAD-2024-04-05T153000-0105,USDCAD,2,2024-04-05 15:30:00,2024-04-05 15:40:00,233.57,2.34,0.06,1.3562,1.35567,1.35683,1.35683,WIN,0.21,3.72,3.51,237.08,True
TR-USDCAD-2024-04-05T155000-0106,USDCAD,2,2024-04-05 15:50:00,2024-04-12 12:00:00,237.08,2.37,0.01,1.36142,1.35508,1.3736,1.3736,WIN,0.04,12.19,12.15,249.24,False
TR-USDCAD-2024-04-12T150000-0107,USDCAD,5,2024-04-12 15:00:00,2024-04-12 15:50:00,249.24,2.49,0.03,1.37442,1.37341,1.37596,1.37596,WIN,0.1,4.62,4.51,253.75,True
TR-USDCAD-2024-04-15T032000-0108,USDCAD,2,2024-04-15 03:20:00,2024-04-15 08:50:00,253.75,2.54,0.02,1.3763,1.37503,1.37824,1.37498,LOSS,0.07,-2.64,-2.71,251.04,True
TR-USDCAD-2024-04-15T153000-0109,USDCAD,2,2024-04-15 15:30:00,2024-04-15 15:40:00,251.04,2.51,0.06,1.37428,1.37369,1.37489,1.37489,WIN,0.21,3.66,3.45,254.49,True
TR-USDCAD-2024-04-16T030000-0110,USDCAD,2,2024-04-16 03:00:00,2024-04-16 03:50:00,254.49,2.54,0.07,1.37875,1.37821,1.37932,1.37932,WIN,0.25,3.99,3.74,258.24,True
TR-USDCAD-2024-04-16T153000-0111,USDCAD,2,2024-04-16 15:30:00,2024-04-16 15:40:00,258.24,2.58,0.06,1.37876,1.37811,1.37944,1.37944,WIN,0.21,4.14,3.93,262.17,True
TR-USDCAD-2024-04-16T155000-0112,USDCAD,2,2024-04-16 15:50:00,2024-04-17 21:10:00,262.17,2.62,0.01,1.38159,1.3774,1.38943,1.37735,LOSS,0.04,-4.24,-4.28,257.89,True
TR-USDCAD-2024-04-18T034000-0113,USDCAD,5,2024-04-18 03:40:00,2024-04-18 05:50:00,257.89,2.58,0.03,1.37704,1.37786,1.37556,1.37556,WIN,0.1,4.44,4.34,262.23,True
TR-USDCAD-2024-04-18T083000-0114,USDCAD,5,2024-04-18 08:30:00,2024-04-18 10:00:00,262.23,2.62,0.03,1.37524,1.37607,1.37373,1.37527,BREAKEVEN,0.1,-0.09,-0.2,262.03,True
TR-USDCAD-2024-04-18T103000-0115,USDCAD,1,2024-04-18 10:30:00,2024-04-18 11:00:00,262.03,2.62,0.05,1.37531,1.37591,1.37426,1.37596,LOSS,0.18,-3.25,-3.43,258.61,True
TR-USDCAD-2024-04-18T150000-0116,USDCAD,2,2024-04-18 15:00:00,2024-04-18 15:40:00,258.61,2.59,0.02,1.37528,1.37642,1.37315,1.37647,LOSS,0.07,-2.38,-2.45,256.16,True
TR-USDCAD-2024-04-19T152000-0117,USDCAD,5,2024-04-19 15:20:00,2024-04-19 17:30:00,256.16,2.56,0.02,1.37568,1.37706,1.37308,1.37308,WIN,0.07,5.2,5.13,261.29,True
TR-USDCAD-2024-04-22T031000-0118,USDCAD,5,2024-04-22 03:10:00,2024-04-22 04:50:00,261.29,2.61,0.03,1.37352,1.37438,1.37195,1.37195,WIN,0.1,4.71,4.61,265.89,True
TR-USDCAD-2024-04-23T103000-0119,USDCAD,5,2024-04-23 10:30:00,2024-04-23 12:00:00,265.89,2.66,0.02,1.3698,1.37099,1.36757,1.37104,LOSS,0.07,-2.48,-2.55,263.34,True
TR-USDCAD-2024-04-23T150000-0120,USDCAD,2,2024-04-23 15:00:00,2024-04-23 16:50:00,263.34,2.63,0.04,1.3706,1.37136,1.36922,1.36922,WIN,0.14,5.52,5.38,268.72,True
TR-USDCAD-2024-04-25T104000-0121,USDCAD,2,2024-04-25 10:40:00,2024-04-25 14:00:00,268.72,2.69,0.03,1.36828,1.36923,1.36654,1.36832,BREAKEVEN,0.1,-0.09,-0.2,268.53,True
TR-USDCAD-2024-04-26T032000-0122,USDCAD,5,2024-04-26 03:20:00,2024-04-26 08:50:00,268.53,2.69,0.05,1.36577,1.36636,1.36474,1.36474,WIN,0.18,5.15,4.98,273.5,True
TR-USDCAD-2024-04-26T153000-0123,USDCAD,5,2024-04-26 15:30:00,2024-04-26 16:30:00,273.5,2.74,0.01,1.36442,1.36671,1.35998,1.36676,LOSS,0.04,-2.35,-2.38,271.12,True
TR-USDCAD-2024-04-29T035000-0124,USDCAD,5,2024-04-29 03:50:00,2024-04-29 07:20:00,271.12,2.71,0.04,1.36555,1.36624,1.36432,1.36432,WIN,0.14,4.92,4.78,275.9,True
TR-USDCAD-2024-04-29T074000-0125,USDCAD,5,2024-04-29 07:40:00,2024-04-29 09:30:00,275.9,2.76,0.02,1.36348,1.36479,1.36102,1.36484,LOSS,0.07,-2.71,-2.78,273.12,True
TR-USDCAD-2024-04-30T035000-0126,USDCAD,2,2024-04-30 03:50:00,2024-04-30 06:10:00,273.12,2.73,0.04,1.36672,1.36588,1.3679,1.3679,WIN,0.14,4.76,4.62,277.74,True
TR-USDCAD-2024-04-30T153000-0127,USDCAD,2,2024-04-30 15:30:00,2024-04-30 15:40:00,277.74,2.78,0.06,1.36804,1.36736,1.3688,1.3688,WIN,0.21,4.56,4.35,282.09,True
TR-USDCAD-2024-04-30T155000-0128,USDCAD,2,2024-04-30 15:50:00,2024-05-01 21:50:00,282.09,2.82,0.01,1.37245,1.36726,1.38235,1.37242,BREAKEVEN,0.04,-0.03,-0.07,282.03,True
TR-USDCAD-2024-05-02T030000-0129,USDCAD,5,2024-05-02 03:00:00,2024-05-02 04:00:00,282.03,2.82,0.04,1.37258,1.37331,1.37126,1.37336,LOSS,0.14,-3.14,-3.28,278.75,True
TR-USDCAD-2024-05-02T101000-0130,USDCAD,6,2024-05-02 10:10:00,2024-05-02 17:10:00,278.75,2.79,0.03,1.37167,1.37282,1.36952,1.37287,LOSS,0.1,-3.6,-3.71,275.04,True
TR-USDCAD-2024-05-03T035000-0131,USDCAD,2,2024-05-03 03:50:00,2024-05-03 10:30:00,275.04,2.75,0.03,1.36669,1.36759,1.36504,1.36764,LOSS,0.1,-2.85,-2.96,272.09,True
TR-USDCAD-2024-05-03T105000-0132,USDCAD,5,2024-05-03 10:50:00,2024-05-03 15:30:00,272.09,2.72,0.04,1.36708,1.36786,1.36568,1.36568,WIN,0.14,5.6,5.46,277.55,True
TR-USDCAD-2024-05-03T154000-0133,USDCAD,2,2024-05-03 15:40:00,2024-05-03 17:20:00,277.55,2.78,0.01,1.36373,1.36696,1.35742,1.36701,LOSS,0.04,-3.28,-3.32,274.23,True
TR-USDCAD-2024-05-07T034000-0134,USDCAD,2,2024-05-07 03:40:00,2024-05-07 04:30:00,274.23,2.74,0.03,1.36644,1.36737,1.36473,1.36742,LOSS,0.1,-2.94,-3.05,271.19,True
TR-USDCAD-2024-05-08T030000-0135,USDCAD,2,2024-05-08 03:00:00,2024-05-08 04:20:00,271.19,2.71,0.07,1.37358,1.37299,1.3742,1.3742,WIN,0.25,4.41,4.16,275.35,True
TR-USDCAD-2024-05-09T031000-0136,USDCAD,5,2024-05-09 03:10:00,2024-05-09 07:10:00,275.35,2.75,0.04,1.37301,1.37214,1.37418,1.37209,LOSS,0.14,-3.68,-3.82,271.53,True
TR-USDCAD-2024-05-09T153000-0137,USDCAD,5,2024-05-09 15:30:00,2024-05-09 17:30:00,271.53,2.72,0.02,1.37152,1.37289,1.36894,1.36894,WIN,0.07,5.16,5.09,276.62,True
TR-USDCAD-2024-05-10T030000-0138,USDCAD,1,2024-05-10 03:00:00,2024-05-10 03:50:00,276.62,2.77,0.07,1.36761,1.36805,1.36688,1.3681,LOSS,0.25,-3.43,-3.68,272.95,True
TR-USDCAD-2024-05-10T100000-0139,USDCAD,5,2024-05-10 10:00:00,2024-05-10 13:10:00,272.95,2.73,0.04,1.36811,1.36881,1.36686,1.36886,LOSS,0.14,-3.0,-3.14,269.81,True
TR-USDCAD-2024-05-10T152000-0140,USDCAD,2,2024-05-10 15:20:00,2024-05-10 15:30:00,269.81,2.7,0.04,1.36792,1.36858,1.36676,1.36796,BREAKEVEN,0.14,-0.12,-0.26,269.55,True
TR-USDCAD-2024-05-10T154000-0141,USDCAD,2,2024-05-10 15:40:00,2024-05-10 17:20:00,269.55,2.7,0.01,1.36634,1.3684,1.36237,1.36637,BREAKEVEN,0.04,-0.03,-0.07,269.48,True
TR-USDCAD-2024-05-13T152000-0142,USDCAD,5,2024-05-13 15:20:00,2024-05-13 17:20:00,269.48,2.69,0.04,1.36692,1.36764,1.36563,1.36769,LOSS,0.14,-3.08,-3.22,266.26,True
TR-USDCAD-2024-05-14T102000-0143,USDCAD,6,2024-05-14 10:20:00,2024-05-14 12:20:00,266.26,2.66,0.06,1.36776,1.36715,1.36843,1.3671,LOSS,0.21,-3.93,-4.14,262.12,True
TR-USDCAD-2024-05-14T151000-0144,USDCAD,2,2024-05-14 15:10:00,2024-05-14 15:30:00,262.12,2.62,0.04,1.36646,1.36712,1.36531,1.36717,LOSS,0.14,-2.82,-2.96,259.16,True
TR-USDCAD-2024-05-14T154000-0145,USDCAD,5,2024-05-14 15:40:00,2024-05-15 17:20:00,259.16,2.59,0.01,1.3658,1.36934,1.35887,1.36583,BREAKEVEN,0.04,-0.03,-0.07,259.1,False
TR-USDCAD-2024-05-16T032000-0146,USDCAD,6,2024-05-16 03:20:00,2024-05-16 04:40:00,259.1,2.59,0.04,1.35962,1.36031,1.3584,1.36036,LOSS,0.14,-2.94,-3.08,256.02,True
TR-USDCAD-2024-05-17T104000-0147,USDCAD,2,2024-05-17 10:40:00,2024-05-17 11:40:00,256.02,2.56,0.04,1.36244,1.36156,1.36367,1.36367,WIN,0.14,4.96,4.82,260.84,True
TR-USDCAD-2024-05-20T154000-0148,USDCAD,5,2024-05-20 15:40:00,2024-05-20 16:50:00,260.84,2.61,0.04,1.36286,1.36197,1.36416,1.36192,LOSS,0.14,-3.76,-3.9,256.94,True
TR-USDCAD-2024-05-21T033000-0149,USDCAD,2,2024-05-21 03:30:00,2024-05-21 05:10:00,256.94,2.57,0.04,1.36278,1.36188,1.36405,1.36405,WIN,0.14,5.12,4.98,261.92,True
TR-USDCAD-2024-05-21T095000-0150,USDCAD,2,2024-05-21 09:50:00,2024-05-21 10:20:00,261.92,2.62,0.07,1.36322,1.36269,1.36382,1.36264,LOSS,0.25,-4.1,-4.34,257.58,True
TR-USDCAD-2024-05-21T153000-0151,USDCAD,2,2024-05-21 15:30:00,2024-05-21 15:40:00,257.58,2.58,0.07,1.36218,1.36164,1.36273,1.36273,WIN,0.25,3.85,3.6,261.18,True
TR-USDCAD-2024-05-21T155000-0152,USDCAD,2,2024-05-21 15:50:00,2024-05-23 20:10:00,261.18,2.61,0.01,1.36496,1.36164,1.37107,1.37107,WIN,0.04,6.11,6.07,267.26,True
TR-USDCAD-2024-05-24T031000-0153,USDCAD,2,2024-05-24 03:10:00,2024-05-24 10:30:00,267.26,2.67,0.04,1.37334,1.37248,1.37457,1.37243,LOSS,0.14,-3.62,-3.76,263.5,True
TR-USDCAD-2024-05-27T153000-0154,USDCAD,2,2024-05-27 15:30:00,2024-05-27 16:30:00,263.5,2.63,0.03,1.36564,1.36654,1.36399,1.36399,WIN,0.1,4.95,4.85,268.34,False
TR-USDCAD-2024-05-28T151000-0155,USDCAD,5,2024-05-28 15:10:00,2024-05-28 15:30:00,268.34,2.68,0.03,1.36186,1.36269,1.36034,1.36274,LOSS,0.1,-2.66,-2.76,265.58,True
TR-USDCAD-2024-05-29T031000-0156,USDCAD,5,2024-05-29 03:10:00,2024-05-29 06:00:00,265.58,2.66,0.04,1.36511,1.36427,1.36622,1.36622,WIN,0.14,4.44,4.3,269.88,True
TR-USDCAD-2024-05-29T155000-0157,USDCAD,2,2024-05-29 15:50:00,2024-05-29 16:40:00,269.88,2.7,0.03,1.36722,1.3663,1.36863,1.36863,WIN,0.1,4.23,4.13,274.01,True
TR-USDCAD-2024-05-30T095000-0158,USDCAD,2,2024-05-30 09:50:00,2024-05-30 10:20:00,274.01,2.74,0.04,1.37319,1.37225,1.37453,1.3722,LOSS,0.14,-3.96,-4.1,269.91,True
TR-USDCAD-2024-06-03T152000-0159,USDCAD,2,2024-06-03 15:20:00,2024-06-03 17:10:00,269.91,2.7,0.02,1.36321,1.36444,1.3609,1.3609,WIN,0.07,4.62,4.55,274.46,True
TR-USDCAD-2024-06-04T030000-0160,USDCAD,5,2024-06-04 03:00:00,2024-06-04 04:10:00,274.46,2.74,0.04,1.36256,1.36322,1.36139,1.36327,LOSS,0.14,-2.84,-2.98,271.48,True
TR-USDCAD-2024-06-04T101000-0161,USDCAD,5,2024-06-04 10:10:00,2024-06-04 11:00:00,271.48,2.71,0.04,1.36542,1.36452,1.36682,1.36682,WIN,0.14,5.56,5.42,276.9,True
TR-USDCAD-2024-06-05T042000-0162,USDCAD,5,2024-06-05 04:20:00,2024-06-05 05:00:00,276.9,2.77,0.04,1.3678,1.36691,1.36913,1.36686,LOSS,0.14,-3.76,-3.9,273.0,True
TR-USDCAD-2024-06-05T100000-0163,USDCAD,2,2024-06-05 10:00:00,2024-06-05 10:40:00,273.0,2.73,0.07,1.36806,1.36755,1.36865,1.3675,LOSS,0.25,-3.89,-4.13,268.87,True
TR-USDCAD-2024-06-06T100000-0164,USDCAD,6,2024-06-06 10:00:00,2024-06-06 10:50:00,268.87,2.69,0.04,1.36796,1.36865,1.36673,1.3687,LOSS,0.14,-2.96,-3.1,265.77,True
TR-USDCAD-2024-06-06T152000-0165,USDCAD,2,2024-06-06 15:20:00,2024-06-06 15:30:00,265.77,2.66,0.07,1.36898,1.36843,1.36956,1.36894,BREAKEVEN,0.25,-0.21,-0.46,265.31,True
TR-USDCAD-2024-06-06T155000-0166,USDCAD,2,2024-06-06 15:50:00,2024-06-06 16:50:00,265.31,2.65,0.02,1.37006,1.36844,1.37278,1.36839,LOSS,0.07,-3.33,-3.4,261.91,True
TR-USDCAD-2024-06-07T035000-0167,USDCAD,6,2024-06-07 03:50:00,2024-06-07 10:20:00,261.91,2.62,0.05,1.36672,1.36734,1.36563,1.36739,LOSS,0.18,-3.35,-3.53,258.39,True
TR-USDCAD-2024-06-07T153000-0168,USDCAD,2,2024-06-07 15:30:00,2024-06-07 15:40:00,258.39,2.58,0.07,1.36743,1.36686,1.36794,1.36794,WIN,0.25,3.57,3.33,261.71,False
TR-USDCAD-2024-06-07T155000-0169,USDCAD,2,2024-06-07 15:50:00,2024-06-12 15:30:00,261.71,2.62,0.01,1.37164,1.36627,1.38184,1.37161,BREAKEVEN,0.04,-0.03,-0.07,261.65,True
TR-USDCAD-2024-06-14T030000-0170,USDCAD,2,2024-06-14 03:00:00,2024-06-14 04:40:00,261.65,2.62,0.07,1.37433,1.37377,1.37497,1.3743,BREAKEVEN,0.25,-0.21,-0.46,261.19,True
TR-USDCAD-2024-06-14T091000-0171,USDCAD,5,2024-06-14 09:10:00,2024-06-14 12:40:00,261.19,2.61,0.03,1.3746,1.3734,1.37652,1.37652,WIN,0.1,5.76,5.65,266.85,False
TR-USDCAD-2024-06-14T151000-0172,USDCAD,2,2024-06-14 15:10:00,2024-06-14 16:30:00,266.85,2.67,0.03,1.37582,1.37475,1.3774,1.3774,WIN,0.1,4.77,4.66,271.51,True
TR-USDCAD-2024-06-17T033000-0173,USDCAD,6,2024-06-17 03:30:00,2024-06-17 04:10:00,271.51,2.72,0.04,1.37326,1.374,1.37191,1.37405,LOSS,0.14,-3.18,-3.32,268.19,True
TR-USDCAD-2024-06-17T095000-0174,USDCAD,5,2024-06-17 09:50:00,2024-06-17 15:40:00,268.19,2.68,0.03,1.37411,1.37514,1.3722,1.37519,LOSS,0.1,-3.24,-3.35,264.85,False
TR-USDCAD-2024-06-19T150000-0175,USDCAD,5,2024-06-19 15:00:00,2024-06-19 18:50:00,264.85,2.65,0.04,1.3707,1.37143,1.3694,1.37074,BREAKEVEN,0.14,-0.12,-0.26,264.59,True
TR-USDCAD-2024-06-20T103000-0176,USDCAD,5,2024-06-20 10:30:00,2024-06-20 11:30:00,264.59,2.65,0.03,1.37083,1.37179,1.36907,1.37184,LOSS,0.1,-3.02,-3.12,261.47,True
TR-USDCAD-2024-06-20T153000-0177,USDCAD,5,2024-06-20 15:30:00,2024-06-20 19:00:00,261.47,2.61,0.02,1.37065,1.37177,1.36856,1.37068,BREAKEVEN,0.07,-0.06,-0.13,261.34,True
TR-USDCAD-2024-06-21T150000-0178,USDCAD,5,2024-06-21 15:00:00,2024-06-21 15:30:00,261.34,2.61,0.04,1.36899,1.36969,1.36774,1.36974,LOSS,0.14,-3.0,-3.14,258.2,True
TR-USDCAD-2024-06-24T100000-0179,USDCAD,2,2024-06-24 10:00:00,2024-06-24 12:10:00,258.2,2.58,0.04,1.36868,1.36932,1.36753,1.36753,WIN,0.14,4.56,4.42,262.62,True
TR-USDCAD-2024-06-25T030000-0180,USDCAD,5,2024-06-25 03:00:00,2024-06-25 06:10:00,262.62,2.63,0.05,1.36566,1.36622,1.3647,1.3647,WIN,0.18,4.8,4.62,267.24,True
TR-USDCAD-2024-06-25T103000-0181,USDCAD,5,2024-06-25 10:30:00,2024-06-25 12:20:00,267.24,2.67,0.04,1.36484,1.36555,1.36357,1.3656,LOSS,0.14,-3.04,-3.18,264.06,True
TR-USDCAD-2024-06-25T153000-0182,USDCAD,5,2024-06-25 15:30:00,2024-06-26 13:20:00,264.06,2.64,0.01,1.36458,1.36812,1.35766,1.36817,LOSS,0.04,-3.59,-3.62,260.44,True
TR-USDCAD-2024-06-27T030000-0183,USDCAD,2,2024-06-27 03:00:00,2024-06-27 03:50:00,260.44,2.6,0.07,1.37049,1.36999,1.37107,1.37107,WIN,0.25,4.06,3.82,264.26,True
TR-USDCAD-2024-06-27T150000-0184,USDCAD,2,2024-06-27 15:00:00,2024-06-27 15:30:00,264.26,2.64,0.03,1.36926,1.36831,1.37061,1.36826,LOSS,0.1,-2.99,-3.09,261.17,True
TR-USDCAD-2024-06-28T035000-0185,USDCAD,2,2024-06-28 03:50:00,2024-06-28 04:00:00,261.17,2.61,0.03,1.37035,1.36939,1.37184,1.37184,WIN,0.1,4.47,4.36,265.53,True
TR-USDCAD-2024-06-28T042000-0186,USDCAD,5,2024-06-28 04:20:00,2024-06-28 12:40:00,265.53,2.66,0.01,1.37246,1.37022,1.37646,1.37017,LOSS,0.04,-2.29,-2.33,263.21,True
TR-USDCAD-2024-07-01T043000-0187,USDCAD,5,2024-07-01 04:30:00,2024-07-01 10:40:00,263.21,2.63,0.03,1.36695,1.36791,1.36518,1.36796,LOSS,0.1,-3.03,-3.14,260.07,True
TR-USDCAD-2024-07-02T035000-0188,USDCAD,2,2024-07-02 03:50:00,2024-07-02 06:10:00,260.07,2.6,0.04,1.37383,1.37295,1.37505,1.37505,WIN,0.14,4.88,4.74,264.81,True
TR-USDCAD-2024-07-03T100000-0189,USDCAD,5,2024-07-03 10:00:00,2024-07-03 12:10:00,264.81,2.65,0.03,1.36796,1.36894,1.36616,1.368,BREAKEVEN,0.1,-0.09,-0.2,264.62,True
TR-USDCAD-2024-07-03T150000-0190,USDCAD,5,2024-07-03 15:00:00,2024-07-03 15:40:00,264.62,2.65,0.03,1.36724,1.36806,1.36575,1.36575,WIN,0.1,4.47,4.36,268.98,True
TR-USDCAD-2024-07-04T035000-0191,USDCAD,5,2024-07-04 03:50:00,2024-07-04 05:40:00,268.98,2.69,0.05,1.36312,1.36376,1.36199,1.36381,LOSS,0.18,-3.45,-3.63,265.36,True
TR-USDCAD-2024-07-04T100000-0192,USDCAD,5,2024-07-04 10:00:00,2024-07-04 18:30:00,265.36,2.65,0.04,1.36251,1.36324,1.3612,1.3612,WIN,0.14,5.24,5.1,270.46,True
TR-USDCAD-2024-07-05T033000-0193,USDCAD,6,2024-07-05 03:30:00,2024-07-05 09:50:00,270.46,2.7,0.07,1.36102,1.36145,1.36029,1.36104,BREAKEVEN,0.25,-0.21,-0.46,270.0,True
TR-USDCAD-2024-07-08T100000-0194,USDCAD,2,2024-07-08 10:00:00,2024-07-08 10:30:00,270.0,2.7,0.04,1.36442,1.36364,1.3655,1.36359,LOSS,0.14,-3.32,-3.46,266.54,True
TR-USDCAD-2024-07-09T035000-0195,USDCAD,2,2024-07-09 03:50:00,2024-07-09 04:50:00,266.54,2.67,0.07,1.36311,1.36253,1.36373,1.36373,WIN,0.25,4.34,4.09,270.64,True
TR-USDCAD-2024-07-09T105000-0196,USDCAD,5,2024-07-09 10:50:00,2024-07-09 19:00:00,270.64,2.71,0.04,1.36375,1.36294,1.36485,1.36372,BREAKEVEN,0.14,-0.12,-0.26,270.38,True
TR-USDCAD-2024-07-10T030000-0197,USDCAD,5,2024-07-10 03:00:00,2024-07-10 04:40:00,270.38,2.7,0.05,1.3631,1.36369,1.36208,1.36374,LOSS,0.18,-3.18,-3.35,267.03,True
TR-USDCAD-2024-07-10T152000-0198,USDCAD,2,2024-07-10 15:20:00,2024-07-10 16:00:00,267.03,2.67,0.04,1.36324,1.36391,1.36205,1.36205,WIN,0.14,4.76,4.62,271.65,True
TR-USDCAD-2024-07-11T155000-0199,USDCAD,2,2024-07-11 15:50:00,2024-07-11 19:30:00,271.65,2.72,0.01,1.36072,1.36312,1.35607,1.36317,LOSS,0.04,-2.45,-2.49,269.16,True
TR-USDCAD-2024-07-12T040000-0200,USDCAD,5,2024-07-12 04:00:00,2024-07-12 06:40:00,269.16,2.69,0.04,1.36318,1.36235,1.36436,1.3623,LOSS,0.14,-3.52,-3.66,265.5,True
TR-USDCAD-2024-07-15T031000-0201,USDCAD,2,2024-07-15 03:10:00,2024-07-15 11:00:00,265.5,2.66,0.04,1.36521,1.36431,1.36649,1.36518,BREAKEVEN,0.14,-0.12,-0.26,265.24,True
TR-USDCAD-2024-07-15T154000-0202,USDCAD,5,2024-07-15 15:40:00,2024-07-15 17:40:00,265.24,2.65,0.03,1.36463,1.36362,1.36623,1.36623,WIN,0.1,4.8,4.7,269.94,True
TR-USDCAD-2024-07-16T153000-0203,USDCAD,2,2024-07-16 15:30:00,2024-07-16 15:40:00,269.94,2.7,0.05,1.36728,1.36649,1.36822,1.36822,WIN,0.18,4.7,4.52,274.46,True
TR-USDCAD-2024-07-16T155000-0204,USDCAD,2,2024-07-16 15:50:00,2024-07-17 13:00:00,274.46,2.74,0.01,1.36992,1.36591,1.37751,1.36586,LOSS,0.04,-4.06,-4.09,270.37,True
TR-USDCAD-2024-07-18T040000-0205,USDCAD,5,2024-07-18 04:00:00,2024-07-18 10:00:00,270.37,2.7,0.04,1.36819,1.36729,1.36945,1.36724,LOSS,0.14,-3.8,-3.94,266.43,True
TR-USDCAD-2024-07-18T105000-0206,USDCAD,6,2024-07-18 10:50:00,2024-07-18 14:10:00,266.43,2.66,0.04,1.36747,1.36815,1.36626,1.3682,LOSS,0.14,-2.92,-3.06,263.37,True
TR-USDCAD-2024-07-18T154000-0207,USDCAD,2,2024-07-18 15:40:00,2024-07-18 16:30:00,263.37,2.63,0.04,1.3678,1.36858,1.36639,1.36863,LOSS,0.14,-3.32,-3.46,259.91,True
TR-USDCAD-2024-07-19T030000-0208,USDCAD,1,2024-07-19 03:00:00,2024-07-19 03:10:00,259.91,2.6,0.07,1.37033,1.36979,1.3709,1.3709,WIN,0.25,3.99,3.74,263.66,False
TR-USDCAD-2024-07-19T032000-0209,USDCAD,2,2024-07-19 03:20:00,2024-07-19 16:20:00,263.66,2.64,0.02,1.37105,1.36984,1.37305,1.37305,WIN,0.07,4.0,3.93,267.59,True
TR-USDCAD-2024-07-22T090000-0210,USDCAD,5,2024-07-22 09:00:00,2024-07-22 10:10:00,267.59,2.68,0.05,1.37353,1.37287,1.37436,1.37436,WIN,0.18,4.15,3.98,271.56,True
TR-USDCAD-2024-07-22T150000-0211,USDCAD,2,2024-07-22 15:00:00,2024-07-22 16:50:00,271.56,2.72,0.04,1.37481,1.37392,1.37602,1.37602,WIN,0.14,4.84,4.7,276.26,True
TR-USDCAD-2024-07-23T020000-0212,USDCAD,5,2024-07-23 02:00:00,2024-07-23 04:30:00,276.26,2.76,0.05,1.37578,1.37503,1.37666,1.37574,BREAKEVEN,0.18,-0.15,-0.33,275.94,True
TR-USDCAD-2024-07-23T091000-0213,USDCAD,2,2024-07-23 09:10:00,2024-07-23 14:10:00,275.94,2.76,0.04,1.37686,1.37594,1.37818,1.37589,LOSS,0.14,-3.86,-4.0,271.94,True
TR-USDCAD-2024-07-25T031000-0214,USDCAD,2,2024-07-25 03:10:00,2024-07-25 09:50:00,271.94,2.72,0.04,1.38138,1.38052,1.38258,1.38258,WIN,0.14,4.8,4.66,276.6,True
TR-USDCAD-2024-07-26T101000-0215,USDCAD,2,2024-07-26 10:10:00,2024-07-26 11:00:00,276.6,2.77,0.07,1.38175,1.38117,1.38237,1.38112,LOSS,0.25,-4.41,-4.66,271.94,True
TR-USDCAD-2024-07-26T151000-0216,USDCAD,5,2024-07-26 15:10:00,2024-07-26 15:30:00,271.94,2.72,0.04,1.38186,1.38104,1.38307,1.38184,BREAKEVEN,0.14,-0.12,-0.26,271.68,True
TR-USDCAD-2024-07-26T155000-0217,USDCAD,2,2024-07-26 15:50:00,2024-07-26 16:40:00,271.68,2.72,0.02,1.38257,1.38123,1.38471,1.38118,LOSS,0.07,-2.78,-2.85,268.83,True
TR-USDCAD-2024-07-29T030000-0218,USDCAD,2,2024-07-29 03:00:00,2024-07-29 03:50:00,268.83,2.69,0.03,1.38322,1.38219,1.38477,1.38214,LOSS,0.1,-3.24,-3.35,265.49,True
TR-USDCAD-2024-07-29T101000-0219,USDCAD,2,2024-07-29 10:10:00,2024-07-29 10:20:00,265.49,2.65,0.06,1.38251,1.38191,1.38323,1.38323,WIN,0.21,4.32,4.11,269.6,True
TR-USDCAD-2024-07-29T103000-0220,USDCAD,2,2024-07-29 10:30:00,2024-07-29 17:30:00,269.6,2.7,0.02,1.38324,1.38191,1.38542,1.38542,WIN,0.07,4.36,4.29,273.89,True
TR-USDCAD-2024-07-30T030000-0221,USDCAD,2,2024-07-30 03:00:00,2024-07-30 04:50:00,273.89,2.74,0.08,1.38556,1.38504,1.3861,1.3861,WIN,0.28,4.4,4.12,278.01,True
TR-USDCAD-2024-07-30T150000-0222,USDCAD,5,2024-07-30 15:00:00,2024-07-30 16:40:00,278.01,2.78,0.04,1.38532,1.38441,1.38662,1.38528,BREAKEVEN,0.14,-0.12,-0.26,277.75,True
TR-USDCAD-2024-07-31T031000-0223,USDCAD,2,2024-07-31 03:10:00,2024-07-31 06:20:00,277.75,2.78,0.04,1.3851,1.38422,1.38634,1.38417,LOSS,0.14,-3.7,-3.84,273.91,True
TR-USDCAD-2024-07-31T153000-0224,USDCAD,5,2024-07-31 15:30:00,2024-07-31 17:30:00,273.91,2.74,0.03,1.38239,1.38347,1.38039,1.38039,WIN,0.1,6.0,5.9,279.8,True
TR-USDCAD-2024-08-01T043000-0225,USDCAD,5,2024-08-01 04:30:00,2024-08-01 05:10:00,279.8,2.8,0.04,1.38109,1.38191,1.3796,1.38196,LOSS,0.14,-3.48,-3.62,276.18,True
TR-USDCAD-2024-08-01T152000-0226,USDCAD,2,2024-08-01 15:20:00,2024-08-01 15:30:00,276.18,2.76,0.04,1.38204,1.38273,1.3808,1.38206,BREAKEVEN,0.14,-0.12,-0.26,275.92,True
TR-USDCAD-2024-08-02T030000-0227,USDCAD,5,2024-08-02 03:00:00,2024-08-02 04:40:00,275.92,2.76,0.04,1.38792,1.38713,1.38902,1.38708,LOSS,0.14,-3.36,-3.5,272.42,True
TR-USDCAD-2024-08-02T101000-0228,USDCAD,2,2024-08-02 10:10:00,2024-08-02 11:40:00,272.42,2.72,0.03,1.38633,1.38529,1.38792,1.38792,WIN,0.1,4.77,4.67,277.09,True
TR-USDCAD-2024-08-05T023000-0229,USDCAD,2,2024-08-05 02:30:00,2024-08-05 02:40:00,277.09,2.77,0.07,1.38696,1.3864,1.38757,1.38757,WIN,0.25,4.27,4.02,281.11,True
TR-USDCAD-2024-08-05T025000-0230,USDCAD,5,2024-08-05 02:50:00,2024-08-05 04:40:00,281.11,2.81,0.02,1.38808,1.3864,1.39083,1.38635,LOSS,0.07,-3.45,-3.52,277.59,True
TR-USDCAD-2024-08-05T154000-0231,USDCAD,5,2024-08-05 15:40:00,2024-08-06 10:00:00,277.59,2.78,0.01,1.38314,1.38526,1.37905,1.38317,BREAKEVEN,0.04,-0.03,-0.07,277.53,True
TR-USDCAD-2024-08-06T152000-0232,USDCAD,5,2024-08-06 15:20:00,2024-08-06 16:50:00,277.53,2.78,0.03,1.38374,1.38481,1.38175,1.38175,WIN,0.1,5.97,5.87,283.39,True
TR-USDCAD-2024-08-07T031000-0233,USDCAD,2,2024-08-07 03:10:00,2024-08-07 10:40:00,283.39,2.83,0.03,1.37842,1.37934,1.37672,1.37672,WIN,0.1,5.1,4.99,288.39,True
TR-USDCAD-2024-08-07T105000-0234,USDCAD,6,2024-08-07 10:50:00,2024-08-07 13:30:00,288.39,2.88,0.02,1.37691,1.37814,1.3746,1.3746,WIN,0.07,4.62,4.55,292.94,True
TR-USDCAD-2024-08-08T150000-0235,USDCAD,5,2024-08-08 15:00:00,2024-08-08 15:40:00,292.94,2.93,0.04,1.37442,1.37523,1.37295,1.37528,LOSS,0.14,-3.44,-3.58,289.36,True
TR-USDCAD-2024-08-09T100000-0236,USDCAD,2,2024-08-09 10:00:00,2024-08-09 10:30:00,289.36,2.89,0.03,1.37216,1.3733,1.37003,1.37335,LOSS,0.1,-3.57,-3.68,285.68,True
TR-USDCAD-2024-08-09T153000-0237,USDCAD,5,2024-08-09 15:30:00,2024-08-12 17:00:00,285.68,2.86,0.02,1.37399,1.37568,1.37076,1.37402,BREAKEVEN,0.07,-0.06,-0.13,285.55,True
TR-USDCAD-2024-08-13T091000-0238,USDCAD,5,2024-08-13 09:10:00,2024-08-13 10:10:00,285.55,2.86,0.04,1.37411,1.37324,1.37543,1.37319,LOSS,0.14,-3.68,-3.82,281.73,True
TR-USDCAD-2024-08-13T153000-0239,USDCAD,5,2024-08-13 15:30:00,2024-08-14 04:30:00,281.73,2.82,0.02,1.37296,1.37422,1.37061,1.37061,WIN,0.07,4.72,4.65,286.38,True
TR-USDCAD-2024-08-14T093000-0240,USDCAD,5,2024-08-14 09:30:00,2024-08-14 12:30:00,286.38,2.86,0.04,1.37164,1.37239,1.37029,1.37029,WIN,0.14,5.4,5.26,291.64,True
TR-USDCAD-2024-08-15T095000-0241,USDCAD,5,2024-08-15 09:50:00,2024-08-15 15:30:00,291.64,2.92,0.06,1.3707,1.37127,1.36971,1.37073,BREAKEVEN,0.21,-0.18,-0.39,291.25,True
TR-USDCAD-2024-08-16T031000-0242,USDCAD,2,2024-08-16 03:10:00,2024-08-16 04:30:00,291.25,2.91,0.06,1.37347,1.37285,1.3742,1.3728,LOSS,0.21,-4.02,-4.23,287.02,True
TR-USDCAD-2024-08-16T104000-0243,USDCAD,2,2024-08-16 10:40:00,2024-08-16 12:30:00,287.02,2.87,0.05,1.3725,1.37171,1.37352,1.37166,LOSS,0.18,-4.18,-4.35,282.67,True
TR-USDCAD-2024-08-19T100000-0244,USDCAD,5,2024-08-19 10:00:00,2024-08-19 11:50:00,282.67,2.83,0.05,1.36689,1.36751,1.3658,1.36756,LOSS,0.18,-3.35,-3.53,279.15,True
TR-USDCAD-2024-08-19T150000-0245,USDCAD,5,2024-08-19 15:00:00,2024-08-19 17:00:00,279.15,2.79,0.03,1.3677,1.36856,1.36613,1.36613,WIN,0.1,4.71,4.6,283.75,True
TR-USDCAD-2024-08-20T150000-0246,USDCAD,5,2024-08-20 15:00:00,2024-08-20 15:30:00,283.75,2.84,0.04,1.36148,1.36233,1.35994,1.36152,BREAKEVEN,0.14,-0.12,-0.26,283.49,True
TR-USDCAD-2024-08-22T102000-0247,USDCAD,2,2024-08-22 10:20:00,2024-08-22 14:10:00,283.49,2.83,0.04,1.35788,1.35869,1.35641,1.35874,LOSS,0.14,-3.44,-3.58,279.91,True
TR-USDCAD-2024-08-22T155000-0248,USDCAD,5,2024-08-22 15:50:00,2024-08-22 16:40:00,279.91,2.8,0.03,1.35866,1.35975,1.35665,1.3598,LOSS,0.1,-3.41,-3.51,276.4,True
TR-USDCAD-2024-08-23T155000-0249,USDCAD,6,2024-08-23 15:50:00,2024-08-23 17:00:00,276.4,2.76,0.03,1.35847,1.35932,1.35692,1.35692,WIN,0.1,4.65,4.55,280.95,True
TR-USDCAD-2024-08-26T030000-0250,USDCAD,2,2024-08-26 03:00:00,2024-08-26 04:50:00,280.95,2.81,0.05,1.35085,1.35148,1.34974,1.35088,BREAKEVEN,0.18,-0.15,-0.33,280.62,True
TR-USDCAD-2024-08-26T082000-0251,USDCAD,5,2024-08-26 08:20:00,2024-08-26 13:00:00,280.62,2.81,0.05,1.35102,1.35161,1.34998,1.35104,BREAKEVEN,0.18,-0.15,-0.33,280.3,True
TR-USDCAD-2024-08-26T151000-0252,USDCAD,5,2024-08-26 15:10:00,2024-08-26 15:30:00,280.3,2.8,0.04,1.35064,1.35139,1.34929,1.34929,WIN,0.14,5.4,5.26,285.56,True
TR-USDCAD-2024-08-27T092000-0253,USDCAD,5,2024-08-27 09:20:00,2024-08-27 12:20:00,285.56,2.86,0.04,1.34794,1.34871,1.34656,1.34656,WIN,0.14,5.52,5.38,290.94,True
TR-USDCAD-2024-08-28T044000-0254,USDCAD,5,2024-08-28 04:40:00,2024-08-28 07:40:00,290.94,2.91,0.05,1.34452,1.34521,1.34331,1.34526,LOSS,0.18,-3.68,-3.85,287.09,True
TR-USDCAD-2024-08-30T155000-0255,USDCAD,5,2024-08-30 15:50:00,2024-08-30 16:10:00,287.09,2.87,0.02,1.34786,1.3461,1.35088,1.35088,WIN,0.07,6.04,5.97,293.06,True
TR-USDCAD-2024-09-03T034000-0256,USDCAD,5,2024-09-03 03:40:00,2024-09-03 05:50:00,293.06,2.93,0.04,1.3498,1.34891,1.351,1.351,WIN,0.14,4.8,4.66,297.72,True
TR-USDCAD-2024-09-04T103000-0257,USDCAD,2,2024-09-04 10:30:00,2024-09-04 11:50:00,297.72,2.98,0.03,1.35444,1.35337,1.35608,1.35608,WIN,0.1,4.92,4.81,302.53,True
TR-USDCAD-2024-09-04T151000-0258,USDCAD,5,2024-09-04 15:10:00,2024-09-04 16:10:00,302.53,3.03,0.05,1.35558,1.35483,1.35656,1.35478,LOSS,0.18,-3.98,-4.15,298.38,True
TR-USDCAD-2024-09-06T031000-0259,USDCAD,6,2024-09-06 03:10:00,2024-09-06 04:10:00,298.38,2.98,0.06,1.34988,1.3504,1.349,1.35045,LOSS,0.21,-3.39,-3.6,294.78,True
TR-USDCAD-2024-09-06T153000-0260,USDCAD,5,2024-09-06 15:30:00,2024-09-06 16:00:00,294.78,2.95,0.02,1.34841,1.35029,1.3448,1.35034,LOSS,0.07,-3.86,-3.93,290.85,True
TR-USDCAD-2024-09-09T102000-0261,USDCAD,2,2024-09-09 10:20:00,2024-09-09 12:30:00,290.85,2.91,0.04,1.35699,1.3561,1.35826,1.35605,LOSS,0.14,-3.76,-3.9,286.95,True
TR-USDCAD-2024-09-09T151000-0262,USDCAD,2,2024-09-09 15:10:00,2024-09-09 17:20:00,286.95,2.87,0.05,1.35634,1.35558,1.35738,1.35631,BREAKEVEN,0.18,-0.15,-0.33,286.63,True
TR-USDCAD-2024-09-10T031000-0263,USDCAD,5,2024-09-10 03:10:00,2024-09-10 12:40:00,286.63,2.87,0.03,1.35668,1.3556,1.35829,1.35664,BREAKEVEN,0.1,-0.09,-0.2,286.43,True
TR-USDCAD-2024-09-11T032000-0264,USDCAD,2,2024-09-11 03:20:00,2024-09-11 04:40:00,286.43,2.86,0.04,1.36143,1.36056,1.36263,1.36051,LOSS,0.14,-3.68,-3.82,282.61,True
TR-USDCAD-2024-09-11T153000-0265,USDCAD,2,2024-09-11 15:30:00,2024-09-11 15:40:00,282.61,2.83,0.07,1.35786,1.35723,1.35845,1.35845,WIN,0.25,4.13,3.89,286.5,True
TR-USDCAD-2024-09-11T155000-0266,USDCAD,2,2024-09-11 15:50:00,2024-09-11 20:50:00,286.5,2.86,0.01,1.36023,1.35723,1.36572,1.35718,LOSS,0.04,-3.05,-3.09,283.41,True
TR-USDCAD-2024-09-12T103000-0267,USDCAD,5,2024-09-12 10:30:00,2024-09-12 11:00:00,283.41,2.83,0.03,1.35678,1.35764,1.35521,1.35769,LOSS,0.1,-2.73,-2.84,280.58,True
TR-USDCAD-2024-09-13T031000-0268,USDCAD,5,2024-09-13 03:10:00,2024-09-13 05:00:00,280.58,2.81,0.04,1.35736,1.35809,1.35605,1.35739,BREAKEVEN,0.14,-0.12,-0.26,280.32,True
TR-USDCAD-2024-09-13T104000-0269,USDCAD,2,2024-09-13 10:40:00,2024-09-13 13:20:00,280.32,2.8,0.04,1.3577,1.3584,1.35643,1.35772,BREAKEVEN,0.14,-0.12,-0.26,280.06,True
TR-USDCAD-2024-09-16T150000-0270,USDCAD,5,2024-09-16 15:00:00,2024-09-16 15:30:00,280.06,2.8,0.04,1.35774,1.35849,1.35641,1.35854,LOSS,0.14,-3.18,-3.32,276.74,True
TR-USDCAD-2024-09-17T032000-0271,USDCAD,2,2024-09-17 03:20:00,2024-09-17 09:50:00,276.74,2.77,0.04,1.35905,1.35812,1.36031,1.35807,LOSS,0.14,-3.92,-4.06,272.68,True
TR-USDCAD-2024-09-17T153000-0272,USDCAD,2,2024-09-17 15:30:00,2024-09-17 15:40:00,272.68,2.73,0.06,1.35892,1.35825,1.35955,1.35955,WIN,0.21,3.78,3.57,276.25,True
TR-USDCAD-2024-09-19T031000-0273,USDCAD,2,2024-09-19 03:10:00,2024-09-19 04:30:00,276.25,2.76,0.02,1.36139,1.35979,1.36408,1.36408,WIN,0.07,5.38,5.31,281.56,True
TR-USDCAD-2024-09-19T104000-0274,USDCAD,5,2024-09-19 10:40:00,2024-09-19 11:40:00,281.56,2.82,0.04,1.35637,1.35708,1.3551,1.3551,WIN,0.14,5.08,4.94,286.5,True
TR-USDCAD-2024-09-20T091000-0275,USDCAD,5,2024-09-20 09:10:00,2024-09-20 10:40:00,286.5,2.86,0.03,1.35588,1.35686,1.35407,1.35691,LOSS,0.1,-3.09,-3.2,283.3,True
TR-USDCAD-2024-09-20T153000-0276,USDCAD,5,2024-09-20 15:30:00,2024-09-20 16:50:00,283.3,2.83,0.02,1.35585,1.35729,1.35312,1.35734,LOSS,0.07,-2.98,-3.05,280.25,True
TR-USDCAD-2024-09-23T041000-0277,USDCAD,2,2024-09-23 04:10:00,2024-09-23 07:00:00,280.25,2.8,0.05,1.35628,1.35686,1.35528,1.35632,BREAKEVEN,0.18,-0.15,-0.33,279.93,True
TR-USDCAD-2024-09-24T043000-0278,USDCAD,5,2024-09-24 04:30:00,2024-09-24 09:20:00,279.93,2.8,0.03,1.35242,1.3533,1.35082,1.35246,BREAKEVEN,0.1,-0.09,-0.2,279.73,True
TR-USDCAD-2024-09-24T100000-0279,USDCAD,5,2024-09-24 10:00:00,2024-09-24 16:10:00,279.73,2.8,0.02,1.35198,1.35325,1.3496,1.3496,WIN,0.07,4.76,4.69,284.42,True
TR-USDCAD-2024-09-25T100000-0280,USDCAD,5,2024-09-25 10:00:00,2024-09-25 12:20:00,284.42,2.84,0.05,1.343,1.34365,1.34185,1.3437,LOSS,0.18,-3.5,-3.68,280.75,True
TR-USDCAD-2024-09-26T043000-0281,USDCAD,5,2024-09-26 04:30:00,2024-09-26 08:30:00,280.75,2.81,0.04,1.34738,1.34655,1.3485,1.3465,LOSS,0.14,-3.52,-3.66,277.09,True
TR-USDCAD-2024-09-26T102000-0282,USDCAD,2,2024-09-26 10:20:00,2024-09-26 14:10:00,277.09,2.77,0.03,1.3471,1.34591,1.34897,1.34586,LOSS,0.1,-3.72,-3.83,273.26,True
TR-USDCAD-2024-09-26T150000-0283,USDCAD,2,2024-09-26 15:00:00,2024-09-26 17:10:00,273.26,2.73,0.03,1.34673,1.34563,1.34844,1.34844,WIN,0.1,5.13,5.03,278.29,True
TR-USDCAD-2024-09-27T023000-0284,USDCAD,5,2024-09-27 02:30:00,2024-09-27 04:50:00,278.29,2.78,0.03,1.34736,1.34627,1.34897,1.34897,WIN,0.1,4.83,4.73,283.01,True
TR-USDCAD-2024-09-27T152000-0285,USDCAD,5,2024-09-27 15:20:00,2024-09-27 15:40:00,283.01,2.83,0.03,1.34797,1.34676,1.34987,1.34671,LOSS,0.1,-3.77,-3.87,279.14,True
TR-USDCAD-2024-09-30T032000-0286,USDCAD,6,2024-09-30 03:20:00,2024-09-30 08:10:00,279.14,2.79,0.05,1.35119,1.35044,1.35221,1.35039,LOSS,0.18,-4.0,-4.18,274.97,False
TR-USDCAD-2024-09-30T100000-0287,USDCAD,2,2024-09-30 10:00:00,2024-09-30 15:50:00,274.97,2.75,0.03,1.35119,1.35015,1.3527,1.35116,BREAKEVEN,0.1,-0.09,-0.2,274.77,True
TR-USDCAD-2024-10-01T032000-0288,USDCAD,5,2024-10-01 03:20:00,2024-10-01 04:30:00,274.77,2.75,0.05,1.35299,1.3522,1.35397,1.35215,LOSS,0.18,-4.2,-4.38,270.4,True
TR-USDCAD-2024-10-01T101000-0289,USDCAD,2,2024-10-01 10:10:00,2024-10-01 16:30:00,270.4,2.7,0.02,1.35256,1.35128,1.35462,1.35123,LOSS,0.07,-2.65,-2.72,267.68,True
TR-USDCAD-2024-10-02T030000-0290,USDCAD,6,2024-10-02 03:00:00,2024-10-02 03:50:00,267.68,2.68,0.07,1.34923,1.34968,1.34848,1.34848,WIN,0.25,5.25,5.01,272.68,True
TR-USDCAD-2024-10-02T101000-0291,USDCAD,5,2024-10-02 10:10:00,2024-10-02 16:00:00,272.68,2.73,0.03,1.34846,1.34933,1.34688,1.34938,LOSS,0.1,-2.75,-2.85,269.83,True
TR-USDCAD-2024-10-03T031000-0292,USDCAD,2,2024-10-03 03:10:00,2024-10-03 03:30:00,269.83,2.7,0.07,1.3508,1.35023,1.35138,1.35138,WIN,0.25,4.13,3.89,273.72,True
TR-USDCAD-2024-10-03T151000-0293,USDCAD,2,2024-10-03 15:10:00,2024-10-03 17:10:00,273.72,2.74,0.03,1.35352,1.35238,1.35528,1.35348,BREAKEVEN,0.1,-0.09,-0.2,273.52,True
TR-USDCAD-2024-10-04T094000-0294,USDCAD,2,2024-10-04 09:40:00,2024-10-04 10:00:00,273.52,2.74,0.08,1.35573,1.35517,1.35625,1.35625,WIN,0.28,4.16,3.88,277.4,True
TR-USDCAD-2024-10-04T151000-0295,USDCAD,5,2024-10-04 15:10:00,2024-10-04 15:30:00,277.4,2.77,0.04,1.35554,1.35471,1.35668,1.35551,BREAKEVEN,0.14,-0.12,-0.26,277.14,True
TR-USDCAD-2024-10-07T035000-0296,USDCAD,2,2024-10-07 03:50:00,2024-10-07 11:40:00,277.14,2.77,0.04,1.35824,1.35742,1.35943,1.35943,WIN,0.14,4.76,4.62,281.76,True
TR-USDCAD-2024-10-07T153000-0297,USDCAD,2,2024-10-07 15:30:00,2024-10-07 17:30:00,281.76,2.82,0.03,1.35873,1.35758,1.36049,1.36049,WIN,0.1,5.28,5.18,286.94,True
TR-USDCAD-2024-10-08T081000-0298,USDCAD,5,2024-10-08 08:10:00,2024-10-08 09:50:00,286.94,2.87,0.04,1.3624,1.36149,1.36373,1.36373,WIN,0.14,5.28,5.14,292.08,True
TR-USDCAD-2024-10-08T100000-0299,USDCAD,5,2024-10-08 10:00:00,2024-10-08 14:10:00,292.08,2.92,0.04,1.36375,1.36291,1.36492,1.36372,BREAKEVEN,0.14,-0.12,-0.26,291.82,True
TR-USDCAD-2024-10-08T151000-0300,USDCAD,2,2024-10-08 15:10:00,2024-10-08 17:30:00,291.82,2.92,0.04,1.36427,1.36331,1.36565,1.36565,WIN,0.14,5.52,5.38,297.2,True
TR-USDCAD-2024-10-09T030000-0301,USDCAD,5,2024-10-09 03:00:00,2024-10-09 08:00:00,297.2,2.97,0.05,1.36545,1.36462,1.36659,1.36542,BREAKEVEN,0.18,-0.15,-0.33,296.87,True
TR-USDCAD-2024-10-09T101000-0302,USDCAD,5,2024-10-09 10:10:00,2024-10-09 16:00:00,296.87,2.97,0.04,1.36642,1.36541,1.36791,1.36791,WIN,0.14,5.96,5.82,302.69,True
TR-USDCAD-2024-10-10T101000-0303,USDCAD,5,2024-10-10 10:10:00,2024-10-10 14:10:00,302.69,3.03,0.03,1.37196,1.37082,1.37378,1.37378,WIN,0.1,5.46,5.35,308.05,True
TR-USDCAD-2024-10-11T035000-0304,USDCAD,2,2024-10-11 03:50:00,2024-10-11 09:40:00,308.05,3.08,0.05,1.37498,1.37414,1.37612,1.37612,WIN,0.18,5.7,5.53,313.57,True
TR-USDCAD-2024-10-14T100000-0305,USDCAD,2,2024-10-14 10:00:00,2024-10-14 13:00:00,313.57,3.14,0.04,1.37791,1.37694,1.3794,1.3794,WIN,0.14,5.96,5.82,319.39,True
TR-USDCAD-2024-10-14T152000-0306,USDCAD,5,2024-10-14 15:20:00,2024-10-14 16:50:00,319.39,3.19,0.04,1.37922,1.3782,1.38078,1.37815,LOSS,0.14,-4.28,-4.42,314.97,True
TR-USDCAD-2024-10-16T151000-0307,USDCAD,5,2024-10-16 15:10:00,2024-10-16 17:30:00,314.97,3.15,0.04,1.3779,1.37865,1.37655,1.37793,BREAKEVEN,0.14,-0.12,-0.26,314.71,True
TR-USDCAD-2024-10-17T153000-0308,USDCAD,2,2024-10-17 15:30:00,2024-10-17 15:40:00,314.71,3.15,0.07,1.3777,1.37703,1.3783,1.3783,WIN,0.25,4.2,3.95,318.67,True
TR-USDCAD-2024-10-18T095000-0309,USDCAD,5,2024-10-18 09:50:00,2024-10-18 21:40:00,318.67,3.19,0.04,1.37949,1.37848,1.381,1.381,WIN,0.14,6.04,5.9,324.57,True
TR-USDCAD-2024-10-21T032000-0310,USDCAD,5,2024-10-21 03:20:00,2024-10-21 09:50:00,324.57,3.25,0.04,1.38045,1.37956,1.38178,1.38178,WIN,0.14,5.32,5.18,329.75,True
TR-USDCAD-2024-10-22T035000-0311,USDCAD,2,2024-10-22 03:50:00,2024-10-22 04:30:00,329.75,3.3,0.05,1.38373,1.38291,1.38486,1.38286,LOSS,0.18,-4.35,-4.53,325.22,True
TR-USDCAD-2024-10-23T150000-0312,USDCAD,2,2024-10-23 15:00:00,2024-10-23 15:30:00,325.22,3.25,0.05,1.38357,1.38282,1.38461,1.38461,WIN,0.18,5.2,5.03,330.25,True
TR-USDCAD-2024-10-23T154000-0313,USDCAD,2,2024-10-23 15:40:00,2024-10-23 16:40:00,330.25,3.3,0.03,1.38453,1.3834,1.38631,1.38335,LOSS,0.1,-3.54,-3.65,326.6,True
TR-USDCAD-2024-10-24T103000-0314,USDCAD,5,2024-10-24 10:30:00,2024-10-24 16:50:00,326.6,3.27,0.03,1.38193,1.38298,1.37998,1.38303,LOSS,0.1,-3.3,-3.41,323.2,True
TR-USDCAD-2024-10-25T153000-0315,USDCAD,2,2024-10-25 15:30:00,2024-10-25 15:50:00,323.2,3.23,0.09,1.3848,1.38424,1.38531,1.38419,LOSS,0.32,-5.45,-5.76,317.44,True
TR-USDCAD-2024-10-28T030000-0316,USDCAD,2,2024-10-28 03:00:00,2024-10-28 08:20:00,317.44,3.17,0.05,1.38982,1.38896,1.39103,1.38891,LOSS,0.18,-4.55,-4.73,312.71,True
TR-USDCAD-2024-10-28T152000-0317,USDCAD,2,2024-10-28 15:20:00,2024-10-28 15:40:00,312.71,3.13,0.07,1.38934,1.38876,1.39003,1.38871,LOSS,0.25,-4.38,-4.62,308.09,True
TR-USDCAD-2024-10-29T153000-0318,USDCAD,2,2024-10-29 15:30:00,2024-10-29 16:00:00,308.09,3.08,0.07,1.39039,1.38982,1.39108,1.38977,LOSS,0.25,-4.34,-4.59,303.51,True
TR-USDCAD-2024-10-30T150000-0319,USDCAD,2,2024-10-30 15:00:00,2024-10-30 15:50:00,303.51,3.04,0.04,1.3932,1.39221,1.3946,1.39216,LOSS,0.14,-4.14,-4.28,299.23,True
TR-USDCAD-2024-10-31T043000-0320,USDCAD,2,2024-10-31 04:30:00,2024-10-31 14:20:00,299.23,2.99,0.05,1.39182,1.39106,1.39285,1.39101,LOSS,0.18,-4.08,-4.25,294.98,True
TR-USDCAD-2024-11-04T152000-0321,USDCAD,2,2024-11-04 15:20:00,2024-11-04 15:40:00,294.98,2.95,0.03,1.38993,1.39099,1.38796,1.39104,LOSS,0.1,-3.33,-3.44,291.54,True
TR-USDCAD-2024-11-04T155000-0322,USDCAD,5,2024-11-04 15:50:00,2024-11-04 17:20:00,291.54,2.92,0.03,1.39037,1.39141,1.38844,1.38844,WIN,0.1,5.79,5.68,297.23,True
TR-USDCAD-2024-11-05T035000-0323,USDCAD,2,2024-11-05 03:50:00,2024-11-05 10:30:00,297.23,2.97,0.04,1.39015,1.39098,1.38864,1.38864,WIN,0.14,6.04,5.9,303.13,True
TR-USDCAD-2024-11-05T153000-0324,USDCAD,2,2024-11-05 15:30:00,2024-11-05 16:20:00,303.13,3.03,0.05,1.38798,1.38861,1.38688,1.38688,WIN,0.18,5.5,5.33,308.45,True
TR-USDCAD-2024-11-06T150000-0325,USDCAD,5,2024-11-06 15:00:00,2024-11-06 15:30:00,308.45,3.08,0.04,1.39166,1.39059,1.3932,1.3932,WIN,0.14,6.16,6.02,314.47,True
TR-USDCAD-2024-11-06T154000-0326,USDCAD,2,2024-11-06 15:40:00,2024-11-06 17:10:00,314.47,3.14,0.02,1.39359,1.3919,1.39634,1.39356,BREAKEVEN,0.07,-0.06,-0.13,314.34,True
TR-USDCAD-2024-11-07T150000-0327,USDCAD,5,2024-11-07 15:00:00,2024-11-07 15:10:00,314.34,3.14,0.04,1.38895,1.38981,1.38738,1.38738,WIN,0.14,6.28,6.14,320.48,True
TR-USDCAD-2024-11-07T152000-0328,USDCAD,6,2024-11-07 15:20:00,2024-11-07 16:40:00,320.48,3.2,0.03,1.38839,1.38962,1.38609,1.38609,WIN,0.1,6.9,6.8,327.28,True
TR-USDCAD-2024-11-08T154000-0329,USDCAD,2,2024-11-08 15:40:00,2024-11-08 17:40:00,327.28,3.27,0.02,1.39134,1.38965,1.39416,1.3896,LOSS,0.07,-3.49,-3.56,323.72,True
TR-USDCAD-2024-11-11T095000-0330,USDCAD,2,2024-11-11 09:50:00,2024-11-11 12:30:00,323.72,3.24,0.04,1.39217,1.39115,1.3937,1.39214,BREAKEVEN,0.14,-0.12,-0.26,323.46,True
TR-USDCAD-2024-11-11T150000-0331,USDCAD,5,2024-11-11 15:00:00,2024-11-11 15:40:00,323.46,3.23,0.05,1.39354,1.39273,1.39465,1.39465,WIN,0.18,5.55,5.37,328.83,True
TR-USDCAD-2024-11-12T033000-0332,USDCAD,2,2024-11-12 03:30:00,2024-11-12 04:40:00,328.83,3.29,0.04,1.39262,1.39173,1.39395,1.39395,WIN,0.14,5.32,5.18,334.01,True
TR-USDCAD-2024-11-12T080000-0333,USDCAD,5,2024-11-12 08:00:00,2024-11-12 10:30:00,334.01,3.34,0.05,1.39476,1.39392,1.39601,1.39601,WIN,0.18,6.25,6.08,340.09,True
TR-USDCAD-2024-11-13T100000-0334,USDCAD,2,2024-11-13 10:00:00,2024-11-13 11:30:00,340.09,3.4,0.08,1.39576,1.39517,1.39642,1.39512,LOSS,0.28,-5.16,-5.44,334.65,True
TR-USDCAD-2024-11-14T154000-0335,USDCAD,2,2024-11-14 15:40:00,2024-11-14 18:00:00,334.65,3.35,0.02,1.40116,1.39935,1.4043,1.40113,BREAKEVEN,0.07,-0.06,-0.13,334.52,True
TR-USDCAD-2024-11-15T154000-0336,USDCAD,2,2024-11-15 15:40:00,2024-11-15 17:00:00,334.52,3.35,0.02,1.40496,1.40292,1.40844,1.40844,WIN,0.07,6.96,6.89,341.41,True
TR-USDCAD-2024-11-18T020000-0337,USDCAD,5,2024-11-18 02:00:00,2024-11-18 03:00:00,341.41,3.41,0.05,1.40849,1.40768,1.40963,1.40763,LOSS,0.18,-4.3,-4.48,336.93,True
TR-USDCAD-2024-11-18T081000-0338,USDCAD,2,2024-11-18 08:10:00,2024-11-18 09:30:00,336.93,3.37,0.06,1.40872,1.40798,1.4097,1.4097,WIN,0.21,5.88,5.67,342.6,True
TR-USDCAD-2024-11-18T103000-0339,USDCAD,2,2024-11-18 10:30:00,2024-11-18 10:50:00,342.6,3.43,0.09,1.40895,1.40841,1.40958,1.40958,WIN,0.32,5.67,5.36,347.96,True
TR-USDCAD-2024-11-19T035000-0340,USDCAD,6,2024-11-19 03:50:00,2024-11-19 06:00:00,347.96,3.48,0.07,1.40212,1.40268,1.40117,1.40117,WIN,0.25,6.72,6.47,354.43,True
TR-USDCAD-2024-11-19T101000-0341,USDCAD,5,2024-11-19 10:10:00,2024-11-19 11:20:00,354.43,3.54,0.04,1.40152,1.40249,1.39974,1.40254,LOSS,0.14,-4.06,-4.2,350.23,True
TR-USDCAD-2024-11-19T153000-0342,USDCAD,5,2024-11-19 15:30:00,2024-11-19 16:00:00,350.23,3.5,0.02,1.40046,1.40277,1.39599,1.40049,BREAKEVEN,0.07,-0.06,-0.13,350.1,True
TR-USDCAD-2024-11-21T100000-0343,USDCAD,2,2024-11-21 10:00:00,2024-11-21 11:40:00,350.1,3.5,0.04,1.39648,1.39753,1.39454,1.39758,LOSS,0.14,-4.38,-4.52,345.58,True
TR-USDCAD-2024-11-22T030000-0344,USDCAD,5,2024-11-22 03:00:00,2024-11-22 07:00:00,345.58,3.46,0.05,1.39703,1.39778,1.39568,1.39783,LOSS,0.18,-4.0,-4.18,341.41,False
TR-USDCAD-2024-11-25T030000-0345,USDCAD,5,2024-11-25 03:00:00,2024-11-25 04:10:00,341.41,3.41,0.05,1.3932,1.39396,1.39184,1.39401,LOSS,0.18,-4.03,-4.2,337.21,True
TR-USDCAD-2024-11-25T082000-0346,USDCAD,5,2024-11-25 08:20:00,2024-11-25 09:20:00,337.21,3.37,0.05,1.39429,1.39506,1.3929,1.39511,LOSS,0.18,-4.1,-4.28,332.93,True
TR-USDCAD-2024-11-25T150000-0347,USDCAD,5,2024-11-25 15:00:00,2024-11-25 17:10:00,332.93,3.33,0.01,1.39638,1.39866,1.39198,1.39871,LOSS,0.04,-2.33,-2.36,330.57,True
TR-USDCAD-2024-11-26T030000-0348,USDCAD,2,2024-11-26 03:00:00,2024-11-26 04:30:00,330.57,3.31,0.01,1.41466,1.41202,1.41928,1.41197,LOSS,0.04,-2.69,-2.73,327.85,False
TR-USDCAD-2024-11-26T073000-0349,USDCAD,2,2024-11-26 07:30:00,2024-11-26 09:30:00,327.85,3.28,0.04,1.41083,1.40977,1.4124,1.4124,WIN,0.14,6.28,6.14,333.99,True
TR-USDCAD-2024-11-26T151000-0350,USDCAD,2,2024-11-26 15:10:00,2024-11-26 17:00:00,333.99,3.34,0.02,1.40945,1.40758,1.4127,1.40942,BREAKEVEN,0.07,-0.06,-0.13,333.86,True
TR-USDCAD-2024-11-27T153000-0351,USDCAD,5,2024-11-27 15:30:00,2024-11-27 16:20:00,333.86,3.34,0.04,1.40572,1.40658,1.40414,1.40575,BREAKEVEN,0.14,-0.12,-0.26,333.6,True
TR-USDCAD-2024-11-28T035000-0352,USDCAD,2,2024-11-28 03:50:00,2024-11-28 05:10:00,333.6,3.34,0.04,1.40097,1.40186,1.39934,1.40191,LOSS,0.14,-3.76,-3.9,329.7,True
TR-USDCAD-2024-11-28T083000-0353,USDCAD,2,2024-11-28 08:30:00,2024-11-28 10:00:00,329.7,3.3,0.05,1.40221,1.40295,1.40088,1.403,LOSS,0.18,-3.95,-4.13,325.57,True
TR-USDCAD-2024-11-28T104000-0354,USDCAD,2,2024-11-28 10:40:00,2024-11-28 17:20:00,325.57,3.26,0.02,1.40176,1.40312,1.39917,1.40178,BREAKEVEN,0.07,-0.06,-0.13,325.44,True
TR-USDCAD-2024-11-29T031000-0355,USDCAD,5,2024-11-29 03:10:00,2024-11-29 06:00:00,325.44,3.25,0.04,1.4001,1.40094,1.39856,1.39856,WIN,0.14,6.16,6.02,331.46,True
TR-USDCAD-2024-12-02T100000-0356,USDCAD,2,2024-12-02 10:00:00,2024-12-02 12:20:00,331.46,3.31,0.03,1.40378,1.40233,1.40616,1.40228,LOSS,0.1,-4.49,-4.59,326.87,True
TR-USDCAD-2024-12-03T033000-0357,USDCAD,5,2024-12-03 03:30:00,2024-12-03 04:30:00,326.87,3.27,0.04,1.40488,1.40389,1.40634,1.40634,WIN,0.14,5.84,5.7,332.57,True
TR-USDCAD-2024-12-04T105000-0358,USDCAD,2,2024-12-04 10:50:00,2024-12-04 13:40:00,332.57,3.33,0.04,1.4071,1.40603,1.4087,1.40598,LOSS,0.14,-4.48,-4.62,327.95,True
TR-USDCAD-2024-12-05T083000-0359,USDCAD,5,2024-12-05 08:30:00,2024-12-05 10:00:00,327.95,3.28,0.05,1.40724,1.40634,1.40846,1.40629,LOSS,0.18,-4.73,-4.9,323.05,True
TR-USDCAD-2024-12-05T150000-0360,USDCAD,2,2024-12-05 15:00:00,2024-12-05 15:50:00,323.05,3.23,0.04,1.40562,1.40658,1.40386,1.40386,WIN,0.14,7.04,6.9,329.95,True
TR-USDCAD-2024-12-06T101000-0361,USDCAD,2,2024-12-06 10:10:00,2024-12-06 12:30:00,329.95,3.3,0.03,1.40336,1.40439,1.40144,1.40444,LOSS,0.1,-3.26,-3.36,326.59,True
TR-USDCAD-2024-12-06T153000-0362,USDCAD,2,2024-12-06 15:30:00,2024-12-06 15:40:00,326.59,3.27,0.08,1.40665,1.40602,1.40728,1.40597,LOSS,0.28,-5.44,-5.72,320.87,True
TR-USDCAD-2024-12-06T155000-0363,USDCAD,2,2024-12-06 15:50:00,2024-12-06 17:20:00,320.87,3.21,0.01,1.40786,1.40414,1.4148,1.4148,WIN,0.04,6.94,6.9,327.78,True
TR-USDCAD-2024-12-09T044000-0364,USDCAD,2,2024-12-09 04:40:00,2024-12-09 05:30:00,327.78,3.28,0.08,1.415,1.4144,1.41568,1.41568,WIN,0.28,5.36,5.08,332.86,True
TR-USDCAD-2024-12-11T091000-0365,USDCAD,5,2024-12-11 09:10:00,2024-12-11 14:20:00,332.86,3.33,0.03,1.41738,1.41591,1.41973,1.41734,BREAKEVEN,0.1,-0.09,-0.2,332.66,True
TR-USDCAD-2024-12-12T023000-0366,USDCAD,5,2024-12-12 02:30:00,2024-12-12 04:10:00,332.66,3.33,0.03,1.41392,1.41523,1.41145,1.41528,LOSS,0.1,-4.08,-4.19,328.48,True
TR-USDCAD-2024-12-12T075000-0367,USDCAD,5,2024-12-12 07:50:00,2024-12-12 10:00:00,328.48,3.28,0.05,1.41472,1.41544,1.41345,1.41476,BREAKEVEN,0.18,-0.15,-0.33,328.15,True
TR-USDCAD-2024-12-12T104000-0368,USDCAD,2,2024-12-12 10:40:00,2024-12-12 14:00:00,328.15,3.28,0.03,1.41432,1.41543,1.41225,1.41548,LOSS,0.1,-3.48,-3.59,324.57,True
TR-USDCAD-2024-12-13T033000-0369,USDCAD,5,2024-12-13 03:30:00,2024-12-13 14:40:00,324.57,3.25,0.03,1.42301,1.42161,1.42527,1.42156,LOSS,0.1,-4.35,-4.46,320.11,True
TR-USDCAD-2024-12-13T153000-0370,USDCAD,2,2024-12-13 15:30:00,2024-12-13 17:30:00,320.11,3.2,0.03,1.42216,1.42083,1.42431,1.42431,WIN,0.1,6.45,6.34,326.46,True
TR-USDCAD-2024-12-16T045000-0371,USDCAD,5,2024-12-16 04:50:00,2024-12-16 13:00:00,326.46,3.26,0.04,1.42254,1.42147,1.42405,1.42405,WIN,0.14,6.04,5.9,332.36,True
TR-USDCAD-2024-12-17T032000-0372,USDCAD,2,2024-12-17 03:20:00,2024-12-17 05:30:00,332.36,3.32,0.05,1.4237,1.42295,1.42483,1.42483,WIN,0.18,5.6,5.43,337.78,False
TR-USDCAD-2024-12-18T105000-0373,USDCAD,2,2024-12-18 10:50:00,2024-12-18 15:10:00,337.78,3.38,0.05,1.43225,1.43135,1.43351,1.4313,LOSS,0.18,-4.75,-4.93,332.86,True
TR-USDCAD-2024-12-20T030000-0374,USDCAD,2,2024-12-20 03:00:00,2024-12-20 08:00:00,332.86,3.33,0.03,1.44154,1.44003,1.44392,1.4415,BREAKEVEN,0.1,-0.09,-0.2,332.66,True
TR-USDCAD-2024-12-20T153000-0375,USDCAD,5,2024-12-20 15:30:00,2024-12-20 16:00:00,332.66,3.33,0.02,1.438,1.4395,1.43514,1.43955,LOSS,0.07,-3.11,-3.18,329.48,True
TR-USDCAD-2024-12-23T152000-0376,USDCAD,2,2024-12-23 15:20:00,2024-12-23 16:00:00,329.48,3.29,0.04,1.44104,1.43998,1.44255,1.44255,WIN,0.14,6.04,5.9,335.38,True
TR-USDCAD-2024-12-24T104000-0377,USDCAD,2,2024-12-24 10:40:00,2024-12-24 11:30:00,335.38,3.35,0.05,1.43864,1.4378,1.43975,1.43975,WIN,0.18,5.55,5.38,340.76,True
TR-USDCAD-2024-12-26T034000-0378,USDCAD,5,2024-12-26 03:40:00,2024-12-26 06:40:00,340.76,3.41,0.07,1.43555,1.43611,1.43459,1.43616,LOSS,0.25,-4.24,-4.48,336.28,True
TR-USDCAD-2024-12-26T103000-0379,USDCAD,5,2024-12-26 10:30:00,2024-12-26 12:20:00,336.28,3.36,0.04,1.43878,1.43774,1.4403,1.43875,BREAKEVEN,0.14,-0.12,-0.26,336.02,True
TR-USDCAD-2024-12-27T031000-0380,USDCAD,2,2024-12-27 03:10:00,2024-12-27 10:30:00,336.02,3.36,0.04,1.44111,1.44015,1.44249,1.4401,LOSS,0.14,-4.04,-4.18,331.84,True
TR-USDCAD-2024-12-30T080000-0381,USDCAD,5,2024-12-30 08:00:00,2024-12-30 10:00:00,331.84,3.32,0.05,1.43933,1.44005,1.43804,1.4401,LOSS,0.18,-3.85,-4.03,327.81,True
TR-USDCAD-2024-12-31T032000-0382,USDCAD,2,2024-12-31 03:20:00,2024-12-31 04:40:00,327.81,3.28,0.05,1.43537,1.43611,1.43404,1.43404,WIN,0.18,6.65,6.48,334.29,True
TR-USDCAD-2025-01-02T023000-0383,USDCAD,2,2025-01-02 02:30:00,2025-01-02 03:40:00,334.29,3.34,0.04,1.43821,1.43708,1.43981,1.43703,LOSS,0.14,-4.72,-4.86,329.43,True
TR-USDCAD-2025-01-02T101000-0384,USDCAD,2,2025-01-02 10:10:00,2025-01-02 12:40:00,329.43,3.29,0.03,1.44023,1.43898,1.44219,1.44219,WIN,0.1,5.88,5.78,335.2,True
TR-USDCAD-2025-01-02T153000-0385,USDCAD,2,2025-01-02 15:30:00,2025-01-02 15:40:00,335.2,3.35,0.09,1.4424,1.44182,1.44298,1.44177,LOSS,0.32,-5.63,-5.94,329.26,True
TR-USDCAD-2025-01-03T102000-0386,USDCAD,2,2025-01-03 10:20:00,2025-01-03 12:40:00,329.26,3.29,0.04,1.43926,1.44015,1.43763,1.4402,LOSS,0.14,-3.76,-3.9,325.36,True
TR-USDCAD-2025-01-03T151000-0387,USDCAD,2,2025-01-03 15:10:00,2025-01-03 17:00:00,325.36,3.25,0.03,1.4406,1.43929,1.44266,1.44266,WIN,0.1,6.21,6.11,331.47,True
TR-USDCAD-2025-01-06T103000-0388,USDCAD,5,2025-01-06 10:30:00,2025-01-06 11:00:00,331.47,3.31,0.03,1.43859,1.43975,1.43643,1.43643,WIN,0.1,6.48,6.38,337.84,False
TR-USDCAD-2025-01-06T150000-0389,USDCAD,5,2025-01-06 15:00:00,2025-01-06 16:10:00,337.84,3.38,0.03,1.43158,1.43291,1.42908,1.42908,WIN,0.1,7.5,7.4,345.24,True
TR-USDCAD-2025-01-07T032000-0390,USDCAD,5,2025-01-07 03:20:00,2025-01-07 03:30:00,345.24,3.45,0.04,1.4336,1.4346,1.43175,1.43465,LOSS,0.14,-4.2,-4.34,340.9,True
TR-USDCAD-2025-01-07T092000-0391,USDCAD,2,2025-01-07 09:20:00,2025-01-07 13:30:00,340.9,3.41,0.03,1.43137,1.43242,1.42942,1.4314,BREAKEVEN,0.1,-0.09,-0.2,340.7,True
TR-USDCAD-2025-01-07T151000-0392,USDCAD,5,2025-01-07 15:10:00,2025-01-07 15:20:00,340.7,3.41,0.05,1.4315,1.43222,1.43022,1.43022,WIN,0.18,6.4,6.23,346.93,True
TR-USDCAD-2025-01-07T153000-0393,USDCAD,1,2025-01-07 15:30:00,2025-01-07 16:00:00,346.93,3.47,0.03,1.43107,1.43216,1.42904,1.43221,LOSS,0.1,-3.42,-3.53,343.4,True
TR-USDCAD-2025-01-08T090000-0394,USDCAD,5,2025-01-08 09:00:00,2025-01-08 09:50:00,343.4,3.43,0.06,1.4348,1.43408,1.43567,1.43567,WIN,0.21,5.22,5.01,348.41,True
TR-USDCAD-2025-01-08T105000-0395,USDCAD,2,2025-01-08 10:50:00,2025-01-08 13:40:00,348.41,3.48,0.03,1.43606,1.43469,1.43834,1.43834,WIN,0.1,6.84,6.73,355.15,True
TR-USDCAD-2025-01-10T105000-0396,USDCAD,5,2025-01-10 10:50:00,2025-01-10 15:30:00,355.15,3.55,0.03,1.44043,1.4391,1.44255,1.4404,BREAKEVEN,0.1,-0.09,-0.2,354.95,True
TR-USDCAD-2025-01-10T154000-0397,USDCAD,2,2025-01-10 15:40:00,2025-01-10 16:30:00,354.95,3.55,0.01,1.44168,1.43786,1.44892,1.43781,LOSS,0.04,-3.87,-3.9,351.05,True
TR-USDCAD-2025-01-13T021000-0398,USDCAD,2,2025-01-13 02:10:00,2025-01-13 05:40:00,351.05,3.51,0.04,1.44202,1.44092,1.44364,1.44364,WIN,0.14,6.48,6.34,357.39,True
TR-USDCAD-2025-01-13T093000-0399,USDCAD,5,2025-01-13 09:30:00,2025-01-13 10:10:00,357.39,3.57,0.04,1.44395,1.44278,1.44572,1.44273,LOSS,0.14,-4.88,-5.02,352.37,True
TR-USDCAD-2025-01-14T034000-0400,USDCAD,5,2025-01-14 03:40:00,2025-01-14 04:20:00,352.37,3.52,0.04,1.43768,1.43863,1.43593,1.43868,LOSS,0.14,-4.0,-4.14,348.23,True
TR-USDCAD-2025-01-14T100000-0401,USDCAD,5,2025-01-14 10:00:00,2025-01-14 11:40:00,348.23,3.48,0.05,1.4376,1.43841,1.43614,1.43764,BREAKEVEN,0.18,-0.15,-0.33,347.91,False
TR-USDCAD-2025-01-14T153000-0402,USDCAD,5,2025-01-14 15:30:00,2025-01-14 16:10:00,347.91,3.48,0.02,1.43762,1.43989,1.43323,1.43994,LOSS,0.07,-4.64,-4.71,343.2,True
TR-USDCAD-2025-01-15T100000-0403,USDCAD,5,2025-01-15 10:00:00,2025-01-15 10:30:00,343.2,3.43,0.03,1.43442,1.43577,1.43187,1.43445,BREAKEVEN,0.1,-0.09,-0.2,343.0,True
TR-USDCAD-2025-01-15T153000-0404,USDCAD,5,2025-01-15 15:30:00,2025-01-16 07:20:00,343.0,3.43,0.01,1.43328,1.43622,1.42755,1.43627,LOSS,0.04,-2.99,-3.03,339.98,True
TR-USDCAD-2025-01-16T101000-0405,USDCAD,5,2025-01-16 10:10:00,2025-01-16 10:30:00,339.98,3.4,0.04,1.4361,1.43499,1.43775,1.43775,WIN,0.14,6.6,6.46,346.44,True
TR-USDCAD-2025-01-16T104000-0406,USDCAD,2,2025-01-16 10:40:00,2025-01-16 11:10:00,346.44,3.46,0.08,1.43748,1.43689,1.43812,1.43684,LOSS,0.28,-5.12,-5.4,341.04,True
TR-USDCAD-2025-01-20T032000-0407,USDCAD,2,2025-01-20 03:20:00,2025-01-20 04:00:00,341.04,3.41,0.04,1.44669,1.44566,1.44817,1.44561,LOSS,0.14,-4.3,-4.44,336.6,True
TR-USDCAD-2025-01-20T102000-0408,USDCAD,2,2025-01-20 10:20:00,2025-01-20 11:20:00,336.6,3.37,0.04,1.44517,1.44413,1.44668,1.44668,WIN,0.14,6.04,5.9,342.5,True
TR-USDCAD-2025-01-20T152000-0409,USDCAD,2,2025-01-20 15:20:00,2025-01-20 15:30:00,342.5,3.42,0.03,1.44644,1.44502,1.44874,1.44497,LOSS,0.1,-4.41,-4.52,337.98,True
TR-USDCAD-2025-01-21T080000-0410,USDCAD,5,2025-01-21 08:00:00,2025-01-21 10:00:00,337.98,3.38,0.03,1.44286,1.44148,1.44503,1.44503,WIN,0.1,6.51,6.41,344.39,True
TR-USDCAD-2025-01-22T022000-0411,USDCAD,5,2025-01-22 02:20:00,2025-01-22 07:30:00,344.39,3.44,0.03,1.43298,1.4344,1.43027,1.43445,LOSS,0.1,-4.43,-4.53,339.86,True
TR-USDCAD-2025-01-22T092000-0412,USDCAD,5,2025-01-22 09:20:00,2025-01-22 12:10:00,339.86,3.4,0.03,1.4344,1.43555,1.43225,1.43225,WIN,0.1,6.45,6.35,346.2,True
TR-USDCAD-2025-01-23T073000-0413,USDCAD,2,2025-01-23 07:30:00,2025-01-23 09:50:00,346.2,3.46,0.05,1.43925,1.43843,1.44032,1.43922,BREAKEVEN,0.18,-0.15,-0.33,345.88,True
TR-USDCAD-2025-01-23T153000-0414,USDCAD,2,2025-01-23 15:30:00,2025-01-23 15:40:00,345.88,3.46,0.09,1.44005,1.43943,1.44064,1.44064,WIN,0.32,5.4,5.08,350.96,True
TR-USDCAD-2025-01-24T042000-0415,USDCAD,5,2025-01-24 04:20:00,2025-01-27 00:10:00,350.96,3.51,0.01,1.43556,1.43814,1.43054,1.43558,BREAKEVEN,0.04,-0.03,-0.07,350.9,True
TR-USDCAD-2025-01-27T034000-0416,USDCAD,5,2025-01-27 03:40:00,2025-01-27 04:10:00,350.9,3.51,0.04,1.43748,1.43628,1.43924,1.43924,WIN,0.14,7.04,6.9,357.8,True
TR-USDCAD-2025-01-27T100000-0417,USDCAD,2,2025-01-27 10:00:00,2025-01-27 11:00:00,357.8,3.58,0.03,1.43927,1.43805,1.44117,1.438,LOSS,0.1,-3.81,-3.92,353.88,True
TR-USDCAD-2025-01-29T023000-0418,USDCAD,2,2025-01-29 02:30:00,2025-01-29 06:00:00,353.88,3.54,0.07,1.44031,1.43952,1.4411,1.43947,LOSS,0.25,-5.85,-6.09,347.79,True
TR-USDCAD-2025-01-29T102000-0419,USDCAD,2,2025-01-29 10:20:00,2025-01-29 11:00:00,347.79,3.48,0.07,1.44119,1.4405,1.44197,1.44197,WIN,0.25,5.46,5.22,353.01,True
TR-USDCAD-2025-01-29T155000-0420,USDCAD,5,2025-01-29 15:50:00,2025-01-29 16:40:00,353.01,3.53,0.03,1.44571,1.44411,1.44834,1.44406,LOSS,0.1,-4.95,-5.06,347.95,True
TR-USDCAD-2025-02-03T030000-0421,USDCAD,2,2025-02-03 03:00:00,2025-02-03 12:50:00,347.95,3.48,0.01,1.47387,1.46725,1.48628,1.4672,LOSS,0.04,-6.67,-6.7,341.25,True
TR-USDCAD-2025-02-04T100000-0422,USDCAD,5,2025-02-04 10:00:00,2025-02-04 10:10:00,341.25,3.41,0.03,1.44388,1.44529,1.4412,1.44534,LOSS,0.1,-4.4,-4.5,336.75,True
TR-USDCAD-2025-02-04T150000-0423,USDCAD,5,2025-02-04 15:00:00,2025-02-04 15:30:00,336.75,3.37,0.03,1.44205,1.44323,1.43984,1.43984,WIN,0.1,6.63,6.53,343.28,True
TR-USDCAD-2025-02-05T024000-0424,USDCAD,2,2025-02-05 02:40:00,2025-02-05 07:00:00,343.28,3.43,0.03,1.43266,1.43395,1.43023,1.434,LOSS,0.1,-4.02,-4.13,339.15,True
TR-USDCAD-2025-02-05T083000-0425,USDCAD,5,2025-02-05 08:30:00,2025-02-05 10:20:00,339.15,3.39,0.02,1.43279,1.43433,1.42986,1.42986,WIN,0.07,5.86,5.79,344.94,True
TR-USDCAD-2025-02-05T103000-0426,USDCAD,2,2025-02-05 10:30:00,2025-02-05 16:00:00,344.94,3.45,0.02,1.42932,1.43132,1.42545,1.42934,BREAKEVEN,0.07,-0.06,-0.13,344.81,True
TR-USDCAD-2025-02-06T094000-0427,USDCAD,2,2025-02-06 09:40:00,2025-02-06 16:00:00,344.81,3.45,0.03,1.43548,1.43418,1.43752,1.43413,LOSS,0.1,-4.04,-4.14,340.67,True
TR-USDCAD-2025-02-07T034000-0428,USDCAD,2,2025-02-07 03:40:00,2025-02-07 05:50:00,340.67,3.41,0.05,1.43093,1.4317,1.42954,1.43175,LOSS,0.18,-4.1,-4.28,336.4,True
TR-USDCAD-2025-02-07T101000-0429,USDCAD,2,2025-02-07 10:10:00,2025-02-07 12:10:00,336.4,3.36,0.04,1.43091,1.43172,1.42944,1.43177,LOSS,0.14,-3.44,-3.58,332.82,True
TR-USDCAD-2025-02-07T154000-0430,USDCAD,2,2025-02-07 15:40:00,2025-02-10 00:00:00,332.82,3.33,0.01,1.43091,1.43445,1.42398,1.4345,LOSS,0.04,-3.59,-3.63,329.19,True
TR-USDCAD-2025-02-10T033000-0431,USDCAD,5,2025-02-10 03:30:00,2025-02-10 06:30:00,329.19,3.29,0.03,1.4339,1.43244,1.43612,1.43386,BREAKEVEN,0.1,-0.09,-0.2,329.0,True
TR-USDCAD-2025-02-10T092000-0432,USDCAD,5,2025-02-10 09:20:00,2025-02-10 11:10:00,329.0,3.29,0.03,1.43423,1.43294,1.43621,1.43289,LOSS,0.1,-4.02,-4.13,324.87,True
TR-USDCAD-2025-02-10T154000-0433,USDCAD,2,2025-02-10 15:40:00,2025-02-10 16:30:00,324.87,3.25,0.04,1.43418,1.43326,1.4355,1.43321,LOSS,0.14,-3.86,-4.0,320.87,True
TR-USDCAD-2025-02-11T105000-0434,USDCAD,2,2025-02-11 10:50:00,2025-02-11 15:40:00,320.87,3.21,0.03,1.4333,1.43209,1.43516,1.43204,LOSS,0.1,-3.77,-3.87,317.0,True
TR-USDCAD-2025-02-13T023000-0435,USDCAD,5,2025-02-13 02:30:00,2025-02-13 05:20:00,317.0,3.17,0.04,1.42962,1.43043,1.42816,1.42816,WIN,0.14,5.84,5.7,322.7,True
TR-USDCAD-2025-02-13T150000-0436,USDCAD,2,2025-02-13 15:00:00,2025-02-13 15:30:00,322.7,3.23,0.04,1.42872,1.42963,1.42706,1.42706,WIN,0.14,6.64,6.5,329.2,True
TR-USDCAD-2025-02-14T032000-0437,USDCAD,2,2025-02-14 03:20:00,2025-02-14 09:20:00,329.2,3.29,0.03,1.41894,1.42006,1.41685,1.41685,WIN,0.1,6.27,6.17,335.37,True
TR-USDCAD-2025-02-14T100000-0438,USDCAD,5,2025-02-14 10:00:00,2025-02-14 12:30:00,335.37,3.35,0.04,1.41664,1.41749,1.4151,1.41754,LOSS,0.14,-3.58,-3.72,331.65,True
TR-USDCAD-2025-02-14T153000-0439,USDCAD,5,2025-02-14 15:30:00,2025-02-14 18:20:00,331.65,3.32,0.03,1.41698,1.41814,1.41482,1.41702,BREAKEVEN,0.1,-0.09,-0.2,331.45,True
TR-USDCAD-2025-02-17T032000-0440,USDCAD,5,2025-02-17 03:20:00,2025-02-17 08:10:00,331.45,3.31,0.04,1.4169,1.41774,1.41537,1.41779,LOSS,0.14,-3.56,-3.7,327.75,True
TR-USDCAD-2025-02-18T031000-0441,USDCAD,2,2025-02-18 03:10:00,2025-02-18 03:30:00,327.75,3.28,0.09,1.41957,1.419,1.42014,1.42014,WIN,0.32,5.13,4.81,332.57,True
TR-USDCAD-2025-02-18T034000-0442,USDCAD,2,2025-02-18 03:40:00,2025-02-18 04:40:00,332.57,3.33,0.05,1.42006,1.41922,1.4212,1.41917,LOSS,0.18,-4.45,-4.63,327.94,True
TR-USDCAD-2025-02-18T151000-0443,USDCAD,2,2025-02-18 15:10:00,2025-02-18 15:30:00,327.94,3.28,0.03,1.42077,1.41941,1.42301,1.41936,LOSS,0.1,-4.23,-4.34,323.61,True
TR-USDCAD-2025-02-19T095000-0444,USDCAD,2,2025-02-19 09:50:00,2025-02-19 10:10:00,323.61,3.24,0.04,1.41782,1.41868,1.41625,1.41873,LOSS,0.14,-3.64,-3.78,319.83,True
TR-USDCAD-2025-02-20T033000-0445,USDCAD,2,2025-02-20 03:30:00,2025-02-20 04:00:00,319.83,3.2,0.04,1.42306,1.42207,1.42437,1.42437,WIN,0.14,5.24,5.1,324.93,True
TR-USDCAD-2025-02-20T090000-0446,USDCAD,2,2025-02-20 09:00:00,2025-02-20 10:30:00,324.93,3.25,0.04,1.42239,1.42139,1.42376,1.42134,LOSS,0.14,-4.2,-4.34,320.59,True
TR-USDCAD-2025-02-21T041000-0447,USDCAD,5,2025-02-21 04:10:00,2025-02-21 07:50:00,320.59,3.21,0.04,1.41807,1.41901,1.41634,1.4181,BREAKEVEN,0.14,-0.12,-0.26,320.33,True
TR-USDCAD-2025-02-21T153000-0448,USDCAD,5,2025-02-21 15:30:00,2025-02-21 17:30:00,320.33,3.2,0.02,1.41872,1.4201,1.4161,1.42015,LOSS,0.07,-2.87,-2.94,317.39,True
TR-USDCAD-2025-02-24T090000-0449,USDCAD,5,2025-02-24 09:00:00,2025-02-24 10:10:00,317.39,3.17,0.04,1.41918,1.42011,1.41748,1.42016,LOSS,0.14,-3.9,-4.04,313.35,True
TR-USDCAD-2025-02-24T153000-0450,USDCAD,2,2025-02-24 15:30:00,2025-02-24 16:50:00,313.35,3.13,0.04,1.42174,1.42073,1.42315,1.42315,WIN,0.14,5.64,5.5,318.85,True
TR-USDCAD-2025-02-25T070000-0451,USDCAD,2,2025-02-25 07:00:00,2025-02-25 10:00:00,318.85,3.19,0.03,1.42503,1.42379,1.42688,1.42688,WIN,0.1,5.55,5.45,324.29,True
TR-USDCAD-2025-02-26T030000-0452,USDCAD,5,2025-02-26 03:00:00,2025-02-26 04:50:00,324.29,3.24,0.04,1.43014,1.42911,1.4316,1.4316,WIN,0.14,5.84,5.7,329.99,True
TR-USDCAD-2025-02-27T030000-0453,USDCAD,2,2025-02-27 03:00:00,2025-02-27 09:10:00,329.99,3.3,0.03,1.43487,1.43371,1.43659,1.43484,BREAKEVEN,0.1,-0.09,-0.2,329.8,True
TR-USDCAD-2025-02-27T150000-0454,USDCAD,2,2025-02-27 15:00:00,2025-02-27 15:50:00,329.8,3.3,0.02,1.43538,1.43387,1.43784,1.43784,WIN,0.07,4.94,4.87,334.67,True
TR-USDCAD-2025-02-28T033000-0455,USDCAD,2,2025-02-28 03:30:00,2025-02-28 03:40:00,334.67,3.35,0.07,1.44323,1.44253,1.444,1.444,WIN,0.25,5.39,5.15,339.81,True
TR-USDCAD-2025-02-28T084000-0456,USDCAD,5,2025-02-28 08:40:00,2025-02-28 10:00:00,339.81,3.4,0.05,1.44424,1.44341,1.4453,1.44421,BREAKEVEN,0.18,-0.15,-0.33,339.49,True
TR-USDCAD-2025-03-03T100000-0457,USDCAD,5,2025-03-03 10:00:00,2025-03-03 11:50:00,339.49,3.39,0.06,1.44398,1.44318,1.44503,1.44313,LOSS,0.21,-5.07,-5.28,334.21,True
TR-USDCAD-2025-03-04T100000-0458,USDCAD,2,2025-03-04 10:00:00,2025-03-04 10:10:00,334.21,3.34,0.06,1.44806,1.44732,1.44893,1.44893,WIN,0.21,5.22,5.01,339.22,True
TR-USDCAD-2025-03-04T151000-0459,USDCAD,5,2025-03-04 15:10:00,2025-03-04 15:20:00,339.22,3.39,0.03,1.44186,1.44308,1.43958,1.44313,LOSS,0.1,-3.8,-3.9,335.32,True
TR-USDCAD-2025-03-05T092000-0460,USDCAD,2,2025-03-05 09:20:00,2025-03-05 09:50:00,335.32,3.35,0.03,1.44118,1.44247,1.43873,1.4412,BREAKEVEN,0.1,-0.09,-0.2,335.12,True
TR-USDCAD-2025-03-05T101000-0461,USDCAD,5,2025-03-05 10:10:00,2025-03-05 12:00:00,335.12,3.35,0.03,1.44034,1.44151,1.43816,1.43816,WIN,0.1,6.54,6.43,341.56,True
TR-USDCAD-2025-03-05T155000-0462,USDCAD,5,2025-03-05 15:50:00,2025-03-05 17:00:00,341.56,3.42,0.02,1.43889,1.44093,1.43496,1.43496,WIN,0.07,7.86,7.79,349.35,True
TR-USDCAD-2025-03-06T031000-0463,USDCAD,1,2025-03-06 03:10:00,2025-03-06 03:30:00,349.35,3.49,0.09,1.43479,1.43523,1.43407,1.43407,WIN,0.32,6.48,6.17,355.51,True
TR-USDCAD-2025-03-06T034000-0464,USDCAD,2,2025-03-06 03:40:00,2025-03-06 06:10:00,355.51,3.56,0.02,1.43334,1.4352,1.42978,1.43338,BREAKEVEN,0.07,-0.06,-0.13,355.38,True
TR-USDCAD-2025-03-07T093000-0465,USDCAD,2,2025-03-07 09:30:00,2025-03-07 10:30:00,355.38,3.55,0.05,1.4303,1.43108,1.42887,1.42887,WIN,0.18,7.1,6.93,362.31,True
TR-USDCAD-2025-03-07T104000-0466,USDCAD,2,2025-03-07 10:40:00,2025-03-07 12:20:00,362.31,3.62,0.02,1.42904,1.43065,1.42598,1.4307,LOSS,0.07,-3.31,-3.38,358.93,True
TR-USDCAD-2025-03-10T102000-0467,USDCAD,2,2025-03-10 10:20:00,2025-03-10 12:00:00,358.93,3.59,0.02,1.43709,1.43542,1.4398,1.43537,LOSS,0.07,-3.44,-3.51,355.42,True
TR-USDCAD-2025-03-12T083000-0468,USDCAD,5,2025-03-12 08:30:00,2025-03-12 09:10:00,355.42,3.55,0.04,1.44501,1.44383,1.4468,1.4468,WIN,0.14,7.16,7.02,362.44,True
TR-USDCAD-2025-03-13T025000-0469,USDCAD,2,2025-03-13 02:50:00,2025-03-13 03:10:00,362.44,3.62,0.05,1.43638,1.43711,1.43507,1.43716,LOSS,0.18,-3.9,-4.08,358.36,True
TR-USDCAD-2025-03-13T102000-0470,USDCAD,5,2025-03-13 10:20:00,2025-03-13 12:00:00,358.36,3.58,0.04,1.43906,1.43999,1.43734,1.43734,WIN,0.14,6.88,6.74,365.1,True
TR-USDCAD-2025-03-13T154000-0471,USDCAD,5,2025-03-13 15:40:00,2025-03-13 17:40:00,365.1,3.65,0.03,1.43862,1.44002,1.43597,1.44007,LOSS,0.1,-4.35,-4.46,360.65,True
TR-USDCAD-2025-03-14T083000-0472,USDCAD,2,2025-03-14 08:30:00,2025-03-14 08:40:00,360.65,3.61,0.09,1.44294,1.44236,1.44353,1.44231,LOSS,0.32,-5.67,-5.99,354.66,True
TR-USDCAD-2025-03-17T035000-0473,USDCAD,6,2025-03-17 03:50:00,2025-03-17 04:10:00,354.66,3.55,0.05,1.437,1.43775,1.43566,1.4378,LOSS,0.18,-3.98,-4.15,350.51,True
TR-USDCAD-2025-03-17T090000-0474,USDCAD,5,2025-03-17 09:00:00,2025-03-17 15:10:00,350.51,3.51,0.02,1.43672,1.43833,1.43364,1.43364,WIN,0.07,6.16,6.09,356.6,True
TR-USDCAD-2025-03-18T100000-0475,USDCAD,5,2025-03-18 10:00:00,2025-03-18 10:30:00,356.6,3.57,0.06,1.42918,1.42983,1.42804,1.42804,WIN,0.21,6.84,6.63,363.23,True
TR-USDCAD-2025-03-18T104000-0476,USDCAD,2,2025-03-18 10:40:00,2025-03-18 12:30:00,363.23,3.63,0.03,1.42773,1.42917,1.425,1.42922,LOSS,0.1,-4.47,-4.58,358.66,False
TR-USDCAD-2025-03-18T152000-0477,USDCAD,2,2025-03-18 15:20:00,2025-03-18 15:40:00,358.66,3.59,0.04,1.42859,1.42951,1.4269,1.42862,BREAKEVEN,0.14,-0.12,-0.26,358.4,True
TR-USDCAD-2025-03-19T103000-0478,USDCAD,2,2025-03-19 10:30:00,2025-03-19 12:10:00,358.4,3.58,0.05,1.43138,1.43043,1.43277,1.43277,WIN,0.18,6.95,6.78,365.17,True
TR-USDCAD-2025-03-19T150000-0479,USDCAD,2,2025-03-19 15:00:00,2025-03-19 15:40:00,365.17,3.65,0.05,1.4322,1.43134,1.43336,1.43129,LOSS,0.18,-4.53,-4.7,360.47,True
TR-USDCAD-2025-03-20T104000-0480,USDCAD,2,2025-03-20 10:40:00,2025-03-20 11:50:00,360.47,3.6,0.03,1.43517,1.43395,1.4371,1.4371,WIN,0.1,5.79,5.69,366.16,True
TR-USDCAD-2025-03-20T151000-0481,USDCAD,2,2025-03-20 15:10:00,2025-03-20 16:00:00,366.16,3.66,0.03,1.43905,1.43768,1.44124,1.43763,LOSS,0.1,-4.25,-4.35,361.81,True
TR-USDCAD-2025-03-21T031000-0482,USDCAD,1,2025-03-21 03:10:00,2025-03-21 03:20:00,361.81,3.62,0.1,1.43193,1.43236,1.43122,1.43241,LOSS,0.35,-4.8,-5.15,356.66,True
TR-USDCAD-2025-03-21T034000-0483,USDCAD,2,2025-03-21 03:40:00,2025-03-21 06:40:00,356.66,3.57,0.03,1.43198,1.43312,1.42986,1.43317,LOSS,0.1,-3.56,-3.66,353.0,True
TR-USDCAD-2025-03-21T100000-0484,USDCAD,5,2025-03-21 10:00:00,2025-03-21 10:30:00,353.0,3.53,0.04,1.43202,1.43302,1.43016,1.43307,LOSS,0.14,-4.22,-4.36,348.64,True
TR-USDCAD-2025-03-21T150000-0485,USDCAD,2,2025-03-21 15:00:00,2025-03-21 17:00:00,348.64,3.49,0.02,1.43568,1.43386,1.43876,1.43381,LOSS,0.07,-3.73,-3.8,344.84,True
TR-USDCAD-2025-03-25T031000-0486,USDCAD,5,2025-03-25 03:10:00,2025-03-25 09:30:00,344.84,3.45,0.04,1.43206,1.43295,1.43043,1.433,LOSS,0.14,-3.76,-3.9,340.94,True
TR-USDCAD-2025-03-25T153000-0487,USDCAD,5,2025-03-25 15:30:00,2025-03-25 16:00:00,340.94,3.41,0.06,1.42788,1.42853,1.42673,1.42858,LOSS,0.21,-4.2,-4.41,336.53,True
TR-USDCAD-2025-03-26T154000-0488,USDCAD,5,2025-03-26 15:40:00,2025-03-26 18:00:00,336.53,3.37,0.03,1.4258,1.42709,1.42338,1.42584,BREAKEVEN,0.1,-0.09,-0.2,336.33,True
TR-USDCAD-2025-03-27T150000-0489,USDCAD,5,2025-03-27 15:00:00,2025-03-27 15:30:00,336.33,3.36,0.02,1.42919,1.42763,1.43172,1.43172,WIN,0.07,5.08,5.01,341.34,True
TR-USDCAD-2025-03-28T022000-0490,USDCAD,5,2025-03-28 02:20:00,2025-03-28 09:10:00,341.34,3.41,0.04,1.43131,1.43029,1.43277,1.43277,WIN,0.14,5.84,5.7,347.04,True
TR-USDCAD-2025-03-28T102000-0491,USDCAD,2,2025-03-28 10:20:00,2025-03-28 10:50:00,347.04,3.47,0.07,1.43284,1.43216,1.43362,1.43211,LOSS,0.25,-5.08,-5.32,341.72,True
TR-USDCAD-2025-03-31T101000-0492,USDCAD,5,2025-03-31 10:10:00,2025-03-31 10:30:00,341.72,3.42,0.05,1.43249,1.43168,1.4336,1.4336,WIN,0.18,5.55,5.38,347.1,True
TR-USDCAD-2025-03-31T150000-0493,USDCAD,5,2025-03-31 15:00:00,2025-03-31 15:10:00,347.1,3.47,0.06,1.43519,1.4344,1.43623,1.43623,WIN,0.21,6.24,6.03,353.13,True
TR-USDCAD-2025-04-01T091000-0494,USDCAD,5,2025-04-01 09:10:00,2025-04-01 12:00:00,353.13,3.53,0.04,1.43916,1.43804,1.44085,1.43799,LOSS,0.14,-4.66,-4.8,348.33,True
TR-USDCAD-2025-04-02T092000-0495,USDCAD,2,2025-04-02 09:20:00,2025-04-02 13:30:00,348.33,3.48,0.02,1.43028,1.43173,1.42753,1.43178,LOSS,0.07,-3.0,-3.07,345.26,True
TR-USDCAD-2025-04-03T023000-0496,USDCAD,5,2025-04-03 02:30:00,2025-04-03 10:00:00,345.26,3.45,0.01,1.42401,1.42722,1.41774,1.41774,WIN,0.04,6.27,6.24,351.49,True
TR-USDCAD-2025-04-03T150000-0497,USDCAD,2,2025-04-03 15:00:00,2025-04-04 09:20:00,351.49,3.51,0.01,1.41058,1.41475,1.4024,1.41062,BREAKEVEN,0.04,-0.03,-0.07,351.43,True
TR-USDCAD-2025-04-04T154000-0498,USDCAD,2,2025-04-04 15:40:00,2025-04-07 08:20:00,351.43,3.51,0.01,1.42058,1.41652,1.42808,1.42055,BREAKEVEN,0.04,-0.03,-0.07,351.36,True
TR-USDCAD-2025-04-07T095000-0499,USDCAD,2,2025-04-07 09:50:00,2025-04-07 10:00:00,351.36,3.51,0.08,1.4243,1.42364,1.42499,1.42499,WIN,0.28,5.52,5.24,356.6,True
TR-USDCAD-2025-04-07T101000-0500,USDCAD,2,2025-04-07 10:10:00,2025-04-07 10:30:00,356.6,3.57,0.08,1.4243,1.42364,1.42499,1.42359,LOSS,0.28,-5.68,-5.96,350.64,True
TR-USDCAD-2025-04-07T151000-0501,USDCAD,2,2025-04-07 15:10:00,2025-04-07 15:40:00,350.64,3.51,0.02,1.42672,1.42456,1.4305,1.42669,BREAKEVEN,0.07,-0.06,-0.13,350.51,True
TR-USDCAD-2025-04-08T022000-0502,USDCAD,2,2025-04-08 02:20:00,2025-04-08 02:50:00,350.51,3.51,0.08,1.42405,1.42336,1.42462,1.42331,LOSS,0.28,-5.92,-6.2,344.31,True
TR-USDCAD-2025-04-08T094000-0503,USDCAD,2,2025-04-08 09:40:00,2025-04-08 10:40:00,344.31,3.44,0.02,1.4166,1.41815,1.41366,1.4182,LOSS,0.07,-3.19,-3.26,341.05,True
TR-USDCAD-2025-04-08T150000-0504,USDCAD,5,2025-04-08 15:00:00,2025-04-08 17:10:00,341.05,3.41,0.02,1.41781,1.41946,1.41467,1.41467,WIN,0.07,6.28,6.21,347.26,True
TR-USDCAD-2025-04-09T031000-0505,USDCAD,2,2025-04-09 03:10:00,2025-04-09 03:50:00,347.26,3.47,0.03,1.42622,1.42492,1.42819,1.42487,LOSS,0.1,-4.05,-4.16,343.11,True
TR-USDCAD-2025-04-10T031000-0506,USDCAD,5,2025-04-10 03:10:00,2025-04-10 06:50:00,343.11,3.43,0.04,1.41022,1.41116,1.4085,1.4085,WIN,0.14,6.88,6.74,349.85,True
TR-USDCAD-2025-04-10T100000-0507,USDCAD,5,2025-04-10 10:00:00,2025-04-10 10:40:00,349.85,3.5,0.02,1.40673,1.40822,1.40391,1.40827,LOSS,0.07,-3.07,-3.14,346.71,True
TR-USDCAD-2025-04-10T105000-0508,USDCAD,6,2025-04-10 10:50:00,2025-04-10 11:20:00,346.71,3.47,0.02,1.40614,1.40844,1.40169,1.40849,LOSS,0.07,-4.7,-4.77,341.94,True
TR-USDCAD-2025-04-10T152000-0509,USDCAD,5,2025-04-10 15:20:00,2025-04-10 15:30:00,341.94,3.42,0.03,1.40758,1.40874,1.40541,1.40541,WIN,0.1,6.51,6.4,348.34,True
TR-USDCAD-2025-04-11T030000-0510,USDCAD,2,2025-04-11 03:00:00,2025-04-11 03:30:00,348.34,3.48,0.03,1.39582,1.39703,1.39355,1.39355,WIN,0.1,6.81,6.7,355.05,True
TR-USDCAD-2025-04-11T100000-0511,USDCAD,2,2025-04-11 10:00:00,2025-04-11 10:10:00,355.05,3.55,0.02,1.39685,1.39841,1.39388,1.39388,WIN,0.07,5.94,5.87,360.92,True
TR-USDCAD-2025-04-11T102000-0512,USDCAD,2,2025-04-11 10:20:00,2025-04-11 11:00:00,360.92,3.61,0.02,1.39492,1.39723,1.39047,1.39047,WIN,0.07,8.92,8.85,369.77,True
TR-USDCAD-2025-04-11T150000-0513,USDCAD,2,2025-04-11 15:00:00,2025-04-11 15:20:00,369.77,3.7,0.02,1.3889,1.39123,1.38438,1.38438,WIN,0.07,9.04,8.97,378.74,True
TR-USDCAD-2025-04-11T153000-0514,USDCAD,5,2025-04-11 15:30:00,2025-04-11 16:30:00,378.74,3.79,0.01,1.3856,1.38824,1.38047,1.38829,LOSS,0.04,-2.69,-2.73,376.01,True
TR-USDCAD-2025-04-14T031000-0515,USDCAD,2,2025-04-14 03:10:00,2025-04-14 09:50:00,376.01,3.76,0.03,1.38641,1.38786,1.38366,1.38366,WIN,0.1,8.25,8.15,384.16,True
TR-USDCAD-2025-04-14T104000-0516,USDCAD,5,2025-04-14 10:40:00,2025-04-14 13:00:00,384.16,3.84,0.04,1.38368,1.38479,1.3816,1.38484,LOSS,0.14,-4.66,-4.8,379.36,True
TR-USDCAD-2025-04-15T100000-0517,USDCAD,5,2025-04-15 10:00:00,2025-04-15 11:20:00,379.36,3.79,0.06,1.38707,1.38781,1.38575,1.38575,WIN,0.21,7.92,7.71,387.07,True
TR-USDCAD-2025-04-16T021000-0518,USDCAD,2,2025-04-16 02:10:00,2025-04-16 04:10:00,387.07,3.87,0.04,1.39602,1.39464,1.39795,1.39459,LOSS,0.14,-5.74,-5.88,381.19,True
TR-USDCAD-2025-04-16T151000-0519,USDCAD,2,2025-04-16 15:10:00,2025-04-16 16:50:00,381.19,3.81,0.07,1.39222,1.3915,1.39304,1.39145,LOSS,0.25,-5.36,-5.6,375.59,True
TR-USDCAD-2025-04-17T030000-0520,USDCAD,5,2025-04-17 03:00:00,2025-04-17 03:20:00,375.59,3.76,0.07,1.38576,1.38637,1.3847,1.38642,LOSS,0.25,-4.59,-4.83,370.76,True
TR-USDCAD-2025-04-17T104000-0521,USDCAD,2,2025-04-17 10:40:00,2025-04-17 13:00:00,370.76,3.71,0.03,1.38788,1.38918,1.38545,1.38923,LOSS,0.1,-4.04,-4.14,366.62,True
TR-USDCAD-2025-04-17T152000-0522,USDCAD,2,2025-04-17 15:20:00,2025-04-17 17:00:00,366.62,3.67,0.03,1.38902,1.39037,1.38648,1.38648,WIN,0.1,7.62,7.51,374.13,True
TR-USDCAD-2025-04-18T020000-0523,USDCAD,5,2025-04-18 02:00:00,2025-04-18 02:30:00,374.13,3.74,0.03,1.38283,1.38411,1.38043,1.38416,LOSS,0.1,-3.98,-4.08,370.05,True
TR-USDCAD-2025-04-18T100000-0524,USDCAD,5,2025-04-18 10:00:00,2025-04-18 11:00:00,370.05,3.7,0.03,1.38516,1.38668,1.38228,1.38673,LOSS,0.1,-4.7,-4.8,365.25,True
TR-USDCAD-2025-04-18T153000-0525,USDCAD,2,2025-04-18 15:30:00,2025-04-18 16:50:00,365.25,3.65,0.03,1.38523,1.38652,1.3828,1.38657,LOSS,0.1,-4.02,-4.13,361.13,True
TR-USDCAD-2025-04-21T155000-0526,USDCAD,2,2025-04-21 15:50:00,2025-04-21 18:10:00,361.13,3.61,0.04,1.38004,1.38105,1.37815,1.3811,LOSS,0.14,-4.26,-4.4,356.73,True
TR-USDCAD-2025-04-22T034000-0527,USDCAD,2,2025-04-22 03:40:00,2025-04-22 06:00:00,356.73,3.57,0.03,1.38383,1.38241,1.3861,1.38236,LOSS,0.1,-4.41,-4.52,352.21,True
TR-USDCAD-2025-04-22T082000-0528,USDCAD,5,2025-04-22 08:20:00,2025-04-22 09:40:00,352.21,3.52,0.04,1.38027,1.38126,1.37844,1.38131,LOSS,0.14,-4.16,-4.3,347.91,True
TR-USDCAD-2025-04-22T150000-0529,USDCAD,2,2025-04-22 15:00:00,2025-04-22 17:50:00,347.91,3.48,0.03,1.38459,1.383,1.38717,1.38295,LOSS,0.1,-4.92,-5.03,342.89,True
TR-USDCAD-2025-04-23T031000-0530,USDCAD,2,2025-04-23 03:10:00,2025-04-23 03:20:00,342.89,3.43,0.05,1.3846,1.38367,1.38586,1.38362,LOSS,0.18,-4.9,-5.07,337.81,True
TR-USDCAD-2025-04-24T030000-0531,USDCAD,2,2025-04-24 03:00:00,2025-04-24 04:00:00,337.81,3.38,0.08,1.38755,1.38694,1.38817,1.38689,LOSS,0.28,-5.28,-5.56,332.25,True
TR-USDCAD-2025-04-24T073000-0532,USDCAD,2,2025-04-24 07:30:00,2025-04-24 09:20:00,332.25,3.32,0.06,1.38722,1.38643,1.38817,1.38638,LOSS,0.21,-5.04,-5.25,327.0,True
TR-USDCAD-2025-04-24T153000-0533,USDCAD,5,2025-04-24 15:30:00,2025-04-24 16:00:00,327.0,3.27,0.05,1.38646,1.38567,1.38747,1.38562,LOSS,0.18,-4.2,-4.38,322.63,True
TR-USDCAD-2025-04-25T104000-0534,USDCAD,2,2025-04-25 10:40:00,2025-04-25 16:50:00,322.63,3.23,0.02,1.38762,1.38609,1.39013,1.38604,LOSS,0.07,-3.17,-3.24,319.39,True
TR-USDCAD-2025-04-28T100000-0535,USDCAD,2,2025-04-28 10:00:00,2025-04-28 12:30:00,319.39,3.19,0.03,1.38815,1.38702,1.38996,1.38697,LOSS,0.1,-3.54,-3.65,315.74,True
TR-USDCAD-2025-04-29T152000-0536,USDCAD,2,2025-04-29 15:20:00,2025-04-29 16:50:00,315.74,3.16,0.03,1.38431,1.38528,1.38253,1.38434,BREAKEVEN,0.1,-0.09,-0.2,315.55,True
TR-USDCAD-2025-04-30T092000-0537,USDCAD,5,2025-04-30 09:20:00,2025-04-30 10:30:00,315.55,3.16,0.03,1.3823,1.38337,1.38032,1.38342,LOSS,0.1,-3.35,-3.45,312.1,True
TR-USDCAD-2025-04-30T151000-0538,USDCAD,5,2025-04-30 15:10:00,2025-04-30 15:30:00,312.1,3.12,0.04,1.38278,1.38359,1.38132,1.38364,LOSS,0.14,-3.42,-3.56,308.54,True
TR-USDCAD-2025-05-01T025000-0539,USDCAD,5,2025-05-01 02:50:00,2025-05-01 06:30:00,308.54,3.09,0.03,1.37904,1.37998,1.37731,1.38003,LOSS,0.1,-2.97,-3.08,305.46,True
TR-USDCAD-2025-05-02T154000-0540,USDCAD,2,2025-05-02 15:40:00,2025-05-02 16:40:00,305.46,3.05,0.02,1.38214,1.38422,1.37812,1.37812,WIN,0.07,8.04,7.97,313.43,True
TR-USDCAD-2025-05-05T042000-0541,USDCAD,5,2025-05-05 04:20:00,2025-05-05 09:30:00,313.43,3.13,0.02,1.38089,1.38269,1.37744,1.38092,BREAKEVEN,0.07,-0.06,-0.13,313.3,True
TR-USDCAD-2025-05-05T153000-0542,USDCAD,2,2025-05-05 15:30:00,2025-05-05 15:50:00,313.3,3.13,0.03,1.37969,1.38086,1.3775,1.38091,LOSS,0.1,-3.66,-3.77,309.54,False
TR-USDCAD-2025-05-06T031000-0543,USDCAD,5,2025-05-06 03:10:00,2025-05-06 03:30:00,309.54,3.1,0.05,1.3824,1.38157,1.38344,1.38344,WIN,0.18,5.25,5.07,314.61,True
TR-USDCAD-2025-05-06T034000-0544,USDCAD,2,2025-05-06 03:40:00,2025-05-06 07:20:00,314.61,3.15,0.02,1.38362,1.38204,1.38615,1.38199,LOSS,0.07,-3.26,-3.33,311.28,True
TR-USDCAD-2025-05-06T154000-0545,USDCAD,5,2025-05-06 15:40:00,2025-05-06 17:00:00,311.28,3.11,0.04,1.38002,1.3809,1.37842,1.37842,WIN,0.14,6.4,6.26,317.54,True
TR-USDCAD-2025-05-07T023000-0546,USDCAD,2,2025-05-07 02:30:00,2025-05-07 03:30:00,317.54,3.18,0.04,1.37678,1.37766,1.37517,1.37771,LOSS,0.14,-3.72,-3.86,313.68,True
TR-USDCAD-2025-05-08T081000-0547,USDCAD,5,2025-05-08 08:10:00,2025-05-08 08:40:00,313.68,3.14,0.03,1.38322,1.38208,1.38492,1.38492,WIN,0.1,5.1,4.99,318.68,True
TR-USDCAD-2025-05-08T100000-0548,USDCAD,5,2025-05-08 10:00:00,2025-05-08 16:20:00,318.68,3.19,0.02,1.38732,1.38543,1.39057,1.38729,BREAKEVEN,0.07,-0.06,-0.13,318.55,True
TR-USDCAD-2025-05-09T032000-0549,USDCAD,2,2025-05-09 03:20:00,2025-05-09 04:40:00,318.55,3.19,0.07,1.39241,1.39174,1.39312,1.39312,WIN,0.25,4.97,4.72,323.27,True
TR-USDCAD-2025-05-09T155000-0550,USDCAD,2,2025-05-09 15:50:00,2025-05-09 18:20:00,323.27,3.23,0.03,1.39166,1.39041,1.39356,1.39356,WIN,0.1,5.7,5.6,328.87,True
TR-USDCAD-2025-05-12T032000-0551,USDCAD,2,2025-05-12 03:20:00,2025-05-12 03:30:00,328.87,3.29,0.09,1.3926,1.39204,1.39312,1.39312,WIN,0.32,4.68,4.36,333.23,True
TR-USDCAD-2025-05-12T101000-0552,USDCAD,2,2025-05-12 10:10:00,2025-05-12 10:50:00,333.23,3.33,0.02,1.39313,1.39098,1.39677,1.39677,WIN,0.07,7.28,7.21,340.44,True
TR-USDCAD-2025-05-12T151000-0553,USDCAD,2,2025-05-12 15:10:00,2025-05-12 16:30:00,340.44,3.4,0.03,1.39841,1.39723,1.40026,1.39838,BREAKEVEN,0.1,-0.09,-0.2,340.25,True
TR-USDCAD-2025-05-13T034000-0554,USDCAD,2,2025-05-13 03:40:00,2025-05-13 06:30:00,340.25,3.4,0.04,1.39802,1.39703,1.39944,1.39698,LOSS,0.14,-4.18,-4.32,335.93,True
TR-USDCAD-2025-05-13T105000-0555,USDCAD,5,2025-05-13 10:50:00,2025-05-13 15:10:00,335.93,3.36,0.04,1.39792,1.39688,1.39943,1.39943,WIN,0.14,6.04,5.9,341.83,True
TR-USDCAD-2025-05-13T152000-0556,USDCAD,2,2025-05-13 15:20:00,2025-05-13 15:30:00,341.83,3.42,0.04,1.39972,1.39864,1.40143,1.39859,LOSS,0.14,-4.52,-4.66,337.17,True
TR-USDCAD-2025-05-14T043000-0557,USDCAD,2,2025-05-14 04:30:00,2025-05-14 11:30:00,337.17,3.37,0.04,1.393,1.39394,1.39126,1.39126,WIN,0.14,6.96,6.82,343.99,True
TR-USDCAD-2025-05-15T101000-0558,USDCAD,5,2025-05-15 10:10:00,2025-05-15 16:50:00,343.99,3.44,0.03,1.39768,1.39647,1.39955,1.39955,WIN,0.1,5.61,5.51,349.49,True
TR-USDCAD-2025-05-16T034000-0559,USDCAD,5,2025-05-16 03:40:00,2025-05-16 09:10:00,349.49,3.49,0.05,1.39511,1.39583,1.39382,1.39382,WIN,0.18,6.45,6.28,355.77,True
TR-USDCAD-2025-05-16T105000-0560,USDCAD,2,2025-05-16 10:50:00,2025-05-16 11:10:00,355.77,3.56,0.04,1.39459,1.39552,1.39288,1.39557,LOSS,0.14,-3.92,-4.06,351.71,True
TR-USDCAD-2025-05-19T102000-0561,USDCAD,2,2025-05-19 10:20:00,2025-05-19 17:30:00,351.71,3.52,0.03,1.39574,1.39692,1.39353,1.39353,WIN,0.1,6.63,6.53,358.23,True
TR-USDCAD-2025-05-20T101000-0562,USDCAD,2,2025-05-20 10:10:00,2025-05-20 15:10:00,358.23,3.58,0.04,1.39418,1.39522,1.39225,1.39527,LOSS,0.14,-4.36,-4.5,353.73,True
TR-USDCAD-2025-05-20T153000-0563,USDCAD,5,2025-05-20 15:30:00,2025-05-20 18:10:00,353.73,3.54,0.02,1.39455,1.39625,1.39131,1.39458,BREAKEVEN,0.07,-0.06,-0.13,353.6,True
TR-USDCAD-2025-05-21T031000-0564,USDCAD,5,2025-05-21 03:10:00,2025-05-21 06:20:00,353.6,3.54,0.05,1.39062,1.39137,1.38927,1.38927,WIN,0.18,6.75,6.57,360.18,True
TR-USDCAD-2025-05-21T103000-0565,USDCAD,2,2025-05-21 10:30:00,2025-05-21 11:50:00,360.18,3.6,0.04,1.38858,1.38948,1.38693,1.38953,LOSS,0.14,-3.8,-3.94,356.24,True
TR-USDCAD-2025-05-21T152000-0566,USDCAD,5,2025-05-21 15:20:00,2025-05-21 18:00:00,356.24,3.56,0.02,1.38818,1.38972,1.38526,1.38526,WIN,0.07,5.84,5.77,362.01,True
TR-USDCAD-2025-05-23T045000-0567,USDCAD,5,2025-05-23 04:50:00,2025-05-23 10:20:00,362.01,3.62,0.03,1.38375,1.38487,1.38167,1.38167,WIN,0.1,6.24,6.14,368.14,True
TR-USDCAD-2025-05-23T103000-0568,USDCAD,2,2025-05-23 10:30:00,2025-05-23 15:10:00,368.14,3.68,0.02,1.3815,1.38327,1.37813,1.38332,LOSS,0.07,-3.63,-3.7,364.44,True
TR-USDCAD-2025-05-23T154000-0569,USDCAD,5,2025-05-23 15:40:00,2025-05-23 18:00:00,364.44,3.64,0.01,1.38106,1.38373,1.37585,1.37585,WIN,0.04,5.2,5.17,369.61,True
TR-USDCAD-2025-05-26T032000-0570,USDCAD,2,2025-05-26 03:20:00,2025-05-26 04:30:00,369.61,3.7,0.05,1.37308,1.3739,1.37159,1.37159,WIN,0.18,7.45,7.27,376.88,True
TR-USDCAD-2025-05-27T031000-0571,USDCAD,5,2025-05-27 03:10:00,2025-05-27 07:50:00,376.88,3.77,0.05,1.37314,1.37403,1.37152,1.37408,LOSS,0.18,-4.68,-4.85,372.03,True
TR-USDCAD-2025-05-27T150000-0572,USDCAD,2,2025-05-27 15:00:00,2025-05-27 15:40:00,372.03,3.72,0.09,1.37686,1.37624,1.37755,1.37619,LOSS,0.32,-5.99,-6.3,365.73,True
TR-USDCAD-2025-05-28T154000-0573,USDCAD,2,2025-05-28 15:40:00,2025-05-28 17:00:00,365.73,3.66,0.04,1.38295,1.38184,1.38469,1.38292,BREAKEVEN,0.14,-0.12,-0.26,365.47,True
TR-USDCAD-2025-05-29T024000-0574,USDCAD,5,2025-05-29 02:40:00,2025-05-29 09:30:00,365.47,3.65,0.03,1.3848,1.38328,1.38716,1.38323,LOSS,0.1,-4.73,-4.83,360.64,True
TR-USDCAD-2025-05-30T100000-0575,USDCAD,2,2025-05-30 10:00:00,2025-05-30 10:10:00,360.64,3.61,0.09,1.38229,1.3817,1.38289,1.38289,WIN,0.32,5.4,5.09,365.73,True
TR-USDCAD-2025-05-30T102000-0576,USDCAD,2,2025-05-30 10:20:00,2025-05-30 13:20:00,365.73,3.66,0.03,1.38268,1.38127,1.38496,1.38122,LOSS,0.1,-4.38,-4.49,361.24,True
TR-USDCAD-2025-05-30T153000-0577,USDCAD,5,2025-05-30 15:30:00,2025-05-30 18:00:00,361.24,3.61,0.02,1.37994,1.38158,1.37681,1.37681,WIN,0.07,6.26,6.19,367.43,True
TR-USDCAD-2025-06-02T031000-0578,USDCAD,2,2025-06-02 03:10:00,2025-06-02 06:10:00,367.43,3.67,0.04,1.37207,1.37299,1.37038,1.3721,BREAKEVEN,0.14,-0.12,-0.26,367.17,True
TR-USDCAD-2025-06-02T080000-0579,USDCAD,5,2025-06-02 08:00:00,2025-06-02 09:30:00,367.17,3.67,0.07,1.37215,1.37275,1.3711,1.3711,WIN,0.25,7.35,7.1,374.28,True
TR-USDCAD-2025-06-02T154000-0580,USDCAD,5,2025-06-02 15:40:00,2025-06-02 16:30:00,374.28,3.74,0.04,1.36958,1.37053,1.36783,1.37058,LOSS,0.14,-4.0,-4.14,370.14,True
TR-USDCAD-2025-06-03T153000-0581,USDCAD,2,2025-06-03 15:30:00,2025-06-03 15:40:00,370.14,3.7,0.04,1.37426,1.37324,1.37579,1.37319,LOSS,0.14,-4.28,-4.42,365.72,True
TR-USDCAD-2025-06-04T030000-0582,USDCAD,5,2025-06-04 03:00:00,2025-06-04 06:40:00,365.72,3.66,0.05,1.37148,1.37224,1.37011,1.37229,LOSS,0.18,-4.05,-4.23,361.49,True
TR-USDCAD-2025-06-04T071000-0583,USDCAD,5,2025-06-04 07:10:00,2025-06-04 08:40:00,361.49,3.61,0.06,1.37179,1.37249,1.37054,1.37254,LOSS,0.21,-4.5,-4.71,356.78,True
TR-USDCAD-2025-06-04T100000-0584,USDCAD,5,2025-06-04 10:00:00,2025-06-04 14:40:00,356.78,3.57,0.04,1.37217,1.37303,1.37061,1.37061,WIN,0.14,6.24,6.1,362.88,True
TR-USDCAD-2025-06-04T152000-0585,USDCAD,2,2025-06-04 15:20:00,2025-06-04 17:10:00,362.88,3.63,0.04,1.3701,1.37116,1.36813,1.36813,WIN,0.14,7.88,7.74,370.62,True
TR-USDCAD-2025-06-05T035000-0586,USDCAD,2,2025-06-05 03:50:00,2025-06-05 04:40:00,370.62,3.71,0.04,1.3672,1.36817,1.36541,1.36822,LOSS,0.14,-4.08,-4.22,366.4,True
TR-USDCAD-2025-06-05T093000-0587,USDCAD,5,2025-06-05 09:30:00,2025-06-05 16:20:00,366.4,3.66,0.03,1.36718,1.36851,1.36467,1.36467,WIN,0.1,7.53,7.42,373.83,True
TR-USDCAD-2025-06-06T030000-0588,USDCAD,5,2025-06-06 03:00:00,2025-06-06 11:40:00,373.83,3.74,0.06,1.3668,1.36751,1.36552,1.36756,LOSS,0.21,-4.59,-4.8,369.03,True
TR-USDCAD-2025-06-06T151000-0589,USDCAD,2,2025-06-06 15:10:00,2025-06-06 15:50:00,369.03,3.69,0.03,1.36932,1.36789,1.37164,1.36784,LOSS,0.1,-4.44,-4.55,364.48,True
TR-USDCAD-2025-06-09T032000-0590,USDCAD,2,2025-06-09 03:20:00,2025-06-09 04:10:00,364.48,3.64,0.09,1.36943,1.36879,1.37005,1.36874,LOSS,0.32,-6.21,-6.53,357.96,True
TR-USDCAD-2025-06-10T044000-0591,USDCAD,2,2025-06-10 04:40:00,2025-06-10 07:00:00,357.96,3.58,0.04,1.37022,1.3691,1.37189,1.37019,BREAKEVEN,0.14,-0.12,-0.26,357.7,True
TR-USDCAD-2025-06-10T084000-0592,USDCAD,5,2025-06-10 08:40:00,2025-06-10 10:00:00,357.7,3.58,0.07,1.3708,1.37008,1.37172,1.37172,WIN,0.25,6.37,6.12,363.82,True
TR-USDCAD-2025-06-10T101000-0593,USDCAD,2,2025-06-10 10:10:00,2025-06-10 12:20:00,363.82,3.64,0.02,1.37204,1.37032,1.37493,1.37027,LOSS,0.07,-3.53,-3.6,360.22,True
TR-USDCAD-2025-06-11T083000-0594,USDCAD,5,2025-06-11 08:30:00,2025-06-11 12:00:00,360.22,3.6,0.05,1.36774,1.36845,1.36647,1.3685,LOSS,0.18,-3.8,-3.98,356.25,True
TR-USDCAD-2025-06-11T153000-0595,USDCAD,5,2025-06-11 15:30:00,2025-06-12 10:50:00,356.25,3.56,0.02,1.36693,1.36901,1.36292,1.36696,BREAKEVEN,0.07,-0.06,-0.13,356.12,True
TR-USDCAD-2025-06-12T152000-0596,USDCAD,2,2025-06-12 15:20:00,2025-06-12 17:40:00,356.12,3.56,0.04,1.36306,1.36412,1.36108,1.36108,WIN,0.14,7.92,7.78,363.9,True
TR-USDCAD-2025-06-13T102000-0597,USDCAD,2,2025-06-13 10:20:00,2025-06-13 13:30:00,363.9,3.64,0.03,1.36309,1.36449,1.36044,1.36312,BREAKEVEN,0.1,-0.09,-0.2,363.7,True
TR-USDCAD-2025-06-13T155000-0598,USDCAD,5,2025-06-13 15:50:00,2025-06-13 17:20:00,363.7,3.64,0.04,1.36243,1.36351,1.36043,1.36043,WIN,0.14,8.0,7.86,371.56,True
TR-USDCAD-2025-06-16T090000-0599,USDCAD,5,2025-06-16 09:00:00,2025-06-16 09:30:00,371.56,3.72,0.04,1.35814,1.35915,1.35628,1.3592,LOSS,0.14,-4.22,-4.36,367.2,True
TR-USDCAD-2025-06-16T100000-0600,USDCAD,5,2025-06-16 10:00:00,2025-06-16 15:20:00,367.2,3.67,0.03,1.3584,1.35956,1.35622,1.35622,WIN,0.1,6.54,6.43,373.64,True
TR-USDCAD-2025-06-17T071000-0601,USDCAD,5,2025-06-17 07:10:00,2025-06-17 08:50:00,373.64,3.74,0.07,1.35721,1.35776,1.35626,1.35781,LOSS,0.25,-4.2,-4.45,369.19,True
TR-USDCAD-2025-06-19T105000-0602,USDCAD,5,2025-06-19 10:50:00,2025-06-19 11:30:00,369.19,3.69,0.05,1.37188,1.37095,1.37316,1.3709,LOSS,0.18,-4.88,-5.05,364.14,True
TR-USDCAD-2025-06-19T153000-0603,USDCAD,2,2025-06-19 15:30:00,2025-06-19 17:20:00,364.14,3.64,0.04,1.37141,1.37023,1.37323,1.37323,WIN,0.14,7.28,7.14,371.28,True
TR-USDCAD-2025-06-20T151000-0604,USDCAD,2,2025-06-20 15:10:00,2025-06-20 17:00:00,371.28,3.71,0.04,1.37094,1.36971,1.37286,1.37286,WIN,0.14,7.68,7.54,378.82,True
TR-USDCAD-2025-06-23T031000-0605,USDCAD,5,2025-06-23 03:10:00,2025-06-23 04:30:00,378.82,3.79,0.04,1.37454,1.37341,1.37634,1.37634,WIN,0.14,7.16,7.02,385.84,True
TR-USDCAD-2025-06-23T084000-0606,USDCAD,2,2025-06-23 08:40:00,2025-06-23 09:00:00,385.84,3.86,0.06,1.37638,1.37549,1.37759,1.37544,LOSS,0.21,-5.64,-5.85,379.99,True
TR-USDCAD-2025-06-24T033000-0607,USDCAD,5,2025-06-24 03:30:00,2025-06-24 03:50:00,379.99,3.8,0.07,1.37282,1.37343,1.37176,1.37348,LOSS,0.25,-4.59,-4.83,375.16,True
TR-USDCAD-2025-06-24T093000-0608,USDCAD,5,2025-06-24 09:30:00,2025-06-24 10:50:00,375.16,3.75,0.05,1.37156,1.37237,1.37009,1.37242,LOSS,0.18,-4.3,-4.48,370.69,True
TR-USDCAD-2025-06-24T151000-0609,USDCAD,2,2025-06-24 15:10:00,2025-06-24 15:30:00,370.69,3.71,0.05,1.37111,1.37186,1.36976,1.37191,LOSS,0.18,-4.0,-4.18,366.51,True
TR-USDCAD-2025-06-24T155000-0610,USDCAD,5,2025-06-24 15:50:00,2025-06-24 17:20:00,366.51,3.67,0.04,1.3713,1.37238,1.36927,1.36927,WIN,0.14,8.08,7.94,374.45,True
TR-USDCAD-2025-06-25T100000-0611,USDCAD,2,2025-06-25 10:00:00,2025-06-25 11:40:00,374.45,3.74,0.05,1.37312,1.37222,1.37438,1.37217,LOSS,0.18,-4.75,-4.93,369.53,True
TR-USDCAD-2025-06-25T151000-0612,USDCAD,2,2025-06-25 15:10:00,2025-06-25 16:10:00,369.53,3.7,0.06,1.37341,1.3726,1.37452,1.37452,WIN,0.21,6.66,6.45,375.98,True
TR-USDCAD-2025-06-26T021000-0613,USDCAD,5,2025-06-26 02:10:00,2025-06-26 04:10:00,375.98,3.76,0.05,1.37189,1.37265,1.37052,1.37192,BREAKEVEN,0.18,-0.15,-0.33,375.65,True
TR-USDCAD-2025-06-26T044000-0614,USDCAD,5,2025-06-26 04:40:00,2025-06-26 05:50:00,375.65,3.76,0.07,1.37176,1.37237,1.37068,1.37068,WIN,0.25,7.56,7.31,382.97,False
TR-USDCAD-2025-06-26T094000-0615,USDCAD,6,2025-06-26 09:40:00,2025-06-26 11:10:00,382.97,3.83,0.04,1.37144,1.3724,1.36968,1.36968,WIN,0.14,7.04,6.9,389.87,True
TR-USDCAD-2025-06-26T155000-0616,USDCAD,2,2025-06-26 15:50:00,2025-06-26 16:30:00,389.87,3.9,0.04,1.36782,1.36886,1.36588,1.36588,WIN,0.14,7.76,7.62,397.49,True
TR-USDCAD-2025-06-27T025000-0617,USDCAD,2,2025-06-27 02:50:00,2025-06-27 03:40:00,397.49,3.97,0.08,1.36396,1.36454,1.36297,1.36459,LOSS,0.28,-5.0,-5.28,392.21,True
TR-USDCAD-2025-06-27T154000-0618,USDCAD,2,2025-06-27 15:40:00,2025-06-27 17:20:00,392.21,3.92,0.04,1.36462,1.36558,1.36284,1.36563,LOSS,0.14,-4.06,-4.2,388.01,True
TR-USDCAD-2025-06-30T031000-0619,USDCAD,2,2025-06-30 03:10:00,2025-06-30 04:30:00,388.01,3.88,0.05,1.36856,1.36762,1.3698,1.36853,BREAKEVEN,0.18,-0.15,-0.33,387.68,True
TR-USDCAD-2025-06-30T151000-0620,USDCAD,5,2025-06-30 15:10:00,2025-06-30 17:20:00,387.68,3.88,0.05,1.36718,1.36622,1.3686,1.36617,LOSS,0.18,-5.03,-5.2,382.48,True
TR-USDCAD-2025-07-01T102000-0621,USDCAD,6,2025-07-01 10:20:00,2025-07-01 14:00:00,382.48,3.82,0.06,1.36044,1.36117,1.35914,1.36048,BREAKEVEN,0.21,-0.18,-0.39,382.09,True
TR-USDCAD-2025-07-02T045000-0622,USDCAD,5,2025-07-02 04:50:00,2025-07-02 09:50:00,382.09,3.82,0.05,1.3644,1.36345,1.36572,1.36572,WIN,0.18,6.6,6.42,388.52,True
TR-USDCAD-2025-07-02T150000-0623,USDCAD,2,2025-07-02 15:00:00,2025-07-02 15:20:00,388.52,3.89,0.1,1.36478,1.36422,1.36536,1.36417,LOSS,0.35,-6.1,-6.45,382.07,True
TR-USDCAD-2025-07-02T154000-0624,USDCAD,5,2025-07-02 15:40:00,2025-07-02 18:50:00,382.07,3.82,0.02,1.36462,1.36291,1.36752,1.36286,LOSS,0.07,-3.51,-3.58,378.49,True
TR-USDCAD-2025-07-03T032000-0625,USDCAD,2,2025-07-03 03:20:00,2025-07-03 05:20:00,378.49,3.78,0.05,1.3584,1.35914,1.35707,1.35919,LOSS,0.18,-3.95,-4.13,374.36,True
TR-USDCAD-2025-07-03T105000-0626,USDCAD,2,2025-07-03 10:50:00,2025-07-03 15:30:00,374.36,3.74,0.04,1.35885,1.35984,1.35702,1.35989,LOSS,0.14,-4.16,-4.3,370.06,True
TR-USDCAD-2025-07-04T023000-0627,USDCAD,5,2025-07-04 02:30:00,2025-07-04 10:20:00,370.06,3.7,0.06,1.35798,1.35868,1.35674,1.35802,BREAKEVEN,0.21,-0.18,-0.39,369.67,True
TR-USDCAD-2025-07-04T155000-0628,USDCAD,5,2025-07-04 15:50:00,2025-07-04 16:30:00,369.67,3.7,0.05,1.35959,1.35872,1.36076,1.36076,WIN,0.18,5.85,5.67,375.35,False
TR-USDCAD-2025-07-07T074000-0629,USDCAD,5,2025-07-07 07:40:00,2025-07-07 09:30:00,375.35,3.75,0.06,1.36316,1.36234,1.3642,1.3642,WIN,0.21,6.24,6.03,381.38,True
TR-USDCAD-2025-07-07T100000-0630,USDCAD,2,2025-07-07 10:00:00,2025-07-07 10:30:00,381.38,3.81,0.09,1.36475,1.36415,1.36537,1.36537,WIN,0.32,5.58,5.27,386.64,True
TR-USDCAD-2025-07-07T105000-0631,USDCAD,2,2025-07-07 10:50:00,2025-07-07 11:00:00,386.64,3.87,0.11,1.36537,1.36487,1.36594,1.36594,WIN,0.39,6.27,5.89,392.53,True
TR-USDCAD-2025-07-08T150000-0632,USDCAD,5,2025-07-08 15:00:00,2025-07-08 16:30:00,392.53,3.93,0.04,1.36541,1.36435,1.36699,1.36699,WIN,0.14,6.32,6.18,398.71,True
TR-USDCAD-2025-07-09T031000-0633,USDCAD,5,2025-07-09 03:10:00,2025-07-09 06:20:00,398.71,3.99,0.05,1.36726,1.36626,1.36869,1.36869,WIN,0.18,7.15,6.97,405.68,True
TR-USDCAD-2025-07-09T104000-0634,USDCAD,2,2025-07-09 10:40:00,2025-07-09 14:40:00,405.68,4.06,0.04,1.3679,1.36667,1.36981,1.36981,WIN,0.14,7.6,7.46,413.14,True
TR-USDCAD-2025-07-10T100000-0635,USDCAD,2,2025-07-10 10:00:00,2025-07-10 11:50:00,413.14,4.13,0.05,1.36696,1.36786,1.36532,1.36791,LOSS,0.18,-4.73,-4.9,408.24,True
TR-USDCAD-2025-07-11T090000-0636,USDCAD,5,2025-07-11 09:00:00,2025-07-11 10:40:00,408.24,4.08,0.07,1.3696,1.36879,1.37056,1.36874,LOSS,0.25,-6.02,-6.27,401.98,True
TR-USDCAD-2025-07-11T150000-0637,USDCAD,5,2025-07-11 15:00:00,2025-07-11 15:30:00,401.98,4.02,0.05,1.36933,1.36827,1.37094,1.36822,LOSS,0.18,-5.55,-5.73,396.25,True
TR-USDCAD-2025-07-14T084000-0638,USDCAD,2,2025-07-14 08:40:00,2025-07-14 10:10:00,396.25,3.96,0.1,1.36968,1.3691,1.37026,1.36905,LOSS,0.35,-6.25,-6.6,389.65,True
TR-USDCAD-2025-07-15T100000-0639,USDCAD,2,2025-07-15 10:00:00,2025-07-15 10:50:00,389.65,3.9,0.05,1.36992,1.369,1.37124,1.36895,LOSS,0.18,-4.88,-5.05,384.6,True
TR-USDCAD-2025-07-15T153000-0640,USDCAD,5,2025-07-15 15:30:00,2025-07-15 17:00:00,384.6,3.85,0.03,1.3683,1.36966,1.36573,1.36971,LOSS,0.1,-4.23,-4.34,380.27,True
TR-USDCAD-2025-07-16T105000-0641,USDCAD,2,2025-07-16 10:50:00,2025-07-16 15:30:00,380.27,3.8,0.04,1.37158,1.37045,1.37337,1.37156,BREAKEVEN,0.14,-0.12,-0.26,380.01,True
TR-USDCAD-2025-07-17T090000-0642,USDCAD,2,2025-07-17 09:00:00,2025-07-17 09:20:00,380.01,3.8,0.1,1.37144,1.37085,1.37198,1.37198,WIN,0.35,5.4,5.05,385.06,True
TR-USDCAD-2025-07-17T153000-0643,USDCAD,2,2025-07-17 15:30:00,2025-07-17 16:00:00,385.06,3.85,0.08,1.37636,1.3757,1.37712,1.37565,LOSS,0.28,-5.64,-5.92,379.14,True
TR-USDCAD-2025-07-18T102000-0644,USDCAD,2,2025-07-18 10:20:00,2025-07-18 11:00:00,379.14,3.79,0.05,1.37414,1.37325,1.37541,1.3732,LOSS,0.18,-4.7,-4.88,374.26,True
TR-USDCAD-2025-07-18T153000-0645,USDCAD,2,2025-07-18 15:30:00,2025-07-18 17:40:00,374.26,3.74,0.03,1.37117,1.37252,1.36863,1.37257,LOSS,0.1,-4.19,-4.29,369.97,True
TR-USDCAD-2025-07-21T030000-0646,USDCAD,5,2025-07-21 03:00:00,2025-07-21 03:40:00,369.97,3.7,0.06,1.37229,1.37296,1.3711,1.37301,LOSS,0.21,-4.32,-4.53,365.44,True
TR-USDCAD-2025-07-21T151000-0647,USDCAD,2,2025-07-21 15:10:00,2025-07-21 15:40:00,365.44,3.65,0.09,1.37054,1.37099,1.36978,1.36978,WIN,0.32,6.84,6.52,371.97,False
TR-USDCAD-2025-07-22T025000-0648,USDCAD,5,2025-07-22 02:50:00,2025-07-22 03:40:00,371.97,3.72,0.06,1.36768,1.36836,1.36647,1.36841,LOSS,0.21,-4.38,-4.59,367.38,True
TR-USDCAD-2025-07-22T150000-0649,USDCAD,5,2025-07-22 15:00:00,2025-07-22 17:50:00,367.38,3.67,0.04,1.36738,1.36835,1.3656,1.3656,WIN,0.14,7.12,6.98,374.36,True
TR-USDCAD-2025-07-23T032000-0650,USDCAD,2,2025-07-23 03:20:00,2025-07-23 07:20:00,374.36,3.74,0.06,1.36019,1.36089,1.35895,1.36022,BREAKEVEN,0.21,-0.18,-0.39,373.97,True
TR-USDCAD-2025-07-23T100000-0651,USDCAD,2,2025-07-23 10:00:00,2025-07-23 11:10:00,373.97,3.74,0.05,1.36022,1.36102,1.35876,1.35876,WIN,0.18,7.3,7.13,381.09,False
TR-USDCAD-2025-07-25T031000-0652,USDCAD,2,2025-07-25 03:10:00,2025-07-25 04:20:00,381.09,3.81,0.08,1.36408,1.36338,1.36484,1.36484,WIN,0.28,6.08,5.8,386.89,True
TR-USDCAD-2025-07-25T104000-0653,USDCAD,2,2025-07-25 10:40:00,2025-07-25 16:20:00,386.89,3.87,0.03,1.36685,1.36552,1.36893,1.36893,WIN,0.1,6.24,6.14,393.03,True
TR-USDCAD-2025-07-28T025000-0654,USDCAD,2,2025-07-28 02:50:00,2025-07-28 03:20:00,393.03,3.93,0.07,1.37006,1.36926,1.37094,1.36921,LOSS,0.25,-5.95,-6.2,386.83,True
TR-USDCAD-2025-07-28T044000-0655,USDCAD,5,2025-07-28 04:40:00,2025-07-28 10:40:00,386.83,3.87,0.04,1.36998,1.36867,1.37197,1.37197,WIN,0.14,7.96,7.82,394.65,True
TR-USDCAD-2025-07-28T155000-0656,USDCAD,2,2025-07-28 15:50:00,2025-07-28 16:10:00,394.65,3.95,0.06,1.37213,1.37126,1.37339,1.37121,LOSS,0.21,-5.52,-5.73,388.92,True
TR-USDCAD-2025-07-29T030000-0657,USDCAD,2,2025-07-29 03:00:00,2025-07-29 09:40:00,388.92,3.89,0.1,1.37363,1.37304,1.37418,1.37418,WIN,0.35,5.5,5.15,394.07,True
TR-USDCAD-2025-07-29T150000-0658,USDCAD,5,2025-07-29 15:00:00,2025-07-29 21:30:00,394.07,3.94,0.02,1.37677,1.37493,1.37994,1.37674,BREAKEVEN,0.07,-0.06,-0.13,393.94,True
TR-USDCAD-2025-07-30T043000-0659,USDCAD,5,2025-07-30 04:30:00,2025-07-30 12:20:00,393.94,3.94,0.05,1.37658,1.37565,1.37781,1.37781,WIN,0.18,6.15,5.98,399.92,True
TR-USDCAD-2025-07-30T151000-0660,USDCAD,2,2025-07-30 15:10:00,2025-07-30 16:00:00,399.92,4.0,0.05,1.37918,1.37831,1.38055,1.38055,WIN,0.18,6.8,6.63,406.54,True
TR-USDCAD-2025-07-31T035000-0661,USDCAD,2,2025-07-31 03:50:00,2025-07-31 07:00:00,406.54,4.07,0.06,1.38322,1.38236,1.38437,1.38231,LOSS,0.21,-5.46,-5.67,400.87,True
TR-USDCAD-2025-07-31T102000-0662,USDCAD,2,2025-07-31 10:20:00,2025-07-31 11:10:00,400.87,4.01,0.05,1.38222,1.38123,1.38371,1.38371,WIN,0.18,7.4,7.23,408.1,True
TR-USDCAD-2025-08-01T043000-0663,USDCAD,2,2025-08-01 04:30:00,2025-08-01 04:50:00,408.1,4.08,0.1,1.38488,1.38428,1.38547,1.38547,WIN,0.35,5.9,5.55,413.65,True
TR-USDCAD-2025-08-01T093000-0664,USDCAD,5,2025-08-01 09:30:00,2025-08-01 12:50:00,413.65,4.14,0.04,1.38586,1.38467,1.38769,1.38769,WIN,0.14,7.32,7.18,420.83,True
TR-USDCAD-2025-08-04T095000-0665,USDCAD,5,2025-08-04 09:50:00,2025-08-04 11:10:00,420.83,4.21,0.04,1.3775,1.37855,1.37556,1.3786,LOSS,0.14,-4.38,-4.52,416.31,True
TR-USDCAD-2025-08-04T153000-0666,USDCAD,2,2025-08-04 15:30:00,2025-08-04 18:10:00,416.31,4.16,0.05,1.37744,1.37828,1.37591,1.37747,BREAKEVEN,0.18,-0.15,-0.33,415.98,True
TR-USDCAD-2025-08-05T030000-0667,USDCAD,5,2025-08-05 03:00:00,2025-08-05 04:10:00,415.98,4.16,0.08,1.37684,1.37742,1.37584,1.37747,LOSS,0.28,-5.0,-5.28,410.7,True
TR-USDCAD-2025-08-05T092000-0668,USDCAD,5,2025-08-05 09:20:00,2025-08-05 10:50:00,410.7,4.11,0.05,1.37854,1.37939,1.377,1.37858,BREAKEVEN,0.18,-0.15,-0.33,410.38,True
TR-USDCAD-2025-08-05T153000-0669,USDCAD,5,2025-08-05 15:30:00,2025-08-05 15:50:00,410.38,4.1,0.05,1.38012,1.3791,1.38168,1.37905,LOSS,0.18,-5.35,-5.53,404.85,True
TR-USDCAD-2025-08-07T045000-0670,USDCAD,5,2025-08-07 04:50:00,2025-08-07 11:00:00,404.85,4.05,0.05,1.37398,1.37485,1.37238,1.37238,WIN,0.18,8.0,7.83,412.68,True
TR-USDCAD-2025-08-08T030000-0671,USDCAD,2,2025-08-08 03:00:00,2025-08-08 03:20:00,412.68,4.13,0.07,1.3733,1.37392,1.3722,1.37397,LOSS,0.25,-4.73,-4.97,407.71,True
TR-USDCAD-2025-08-08T101000-0672,USDCAD,2,2025-08-08 10:10:00,2025-08-08 11:50:00,407.71,4.08,0.05,1.37391,1.37473,1.37242,1.37394,BREAKEVEN,0.18,-0.15,-0.33,407.38,True
TR-USDCAD-2025-08-11T034000-0673,USDCAD,2,2025-08-11 03:40:00,2025-08-11 05:20:00,407.38,4.07,0.07,1.37574,1.375,1.37666,1.37495,LOSS,0.25,-5.57,-5.81,401.57,True
TR-USDCAD-2025-08-11T100000-0674,USDCAD,2,2025-08-11 10:00:00,2025-08-11 10:10:00,401.57,4.02,0.1,1.37581,1.37527,1.37643,1.37643,WIN,0.35,6.2,5.85,407.42,True
TR-USDCAD-2025-08-11T102000-0675,USDCAD,2,2025-08-11 10:20:00,2025-08-11 14:50:00,407.42,4.07,0.04,1.3764,1.3753,1.3781,1.3781,WIN,0.14,6.8,6.66,414.08,True
TR-USDCAD-2025-08-11T152000-0676,USDCAD,2,2025-08-11 15:20:00,2025-08-12 00:10:00,414.08,4.14,0.04,1.3786,1.37744,1.38033,1.37739,LOSS,0.14,-4.82,-4.96,409.12,True
TR-USDCAD-2025-08-12T070000-0677,USDCAD,5,2025-08-12 07:00:00,2025-08-12 11:10:00,409.12,4.09,0.07,1.37774,1.37696,1.37873,1.37873,WIN,0.25,6.93,6.69,415.81,True
TR-USDCAD-2025-08-14T040000-0678,USDCAD,5,2025-08-14 04:00:00,2025-08-14 05:40:00,415.81,4.16,0.08,1.37512,1.37566,1.37419,1.37571,LOSS,0.28,-4.72,-5.0,410.81,True
TR-USDCAD-2025-08-14T091000-0679,USDCAD,2,2025-08-14 09:10:00,2025-08-14 09:50:00,410.81,4.11,0.06,1.37582,1.37657,1.37446,1.37662,LOSS,0.21,-4.83,-5.04,405.77,True
TR-USDCAD-2025-08-18T152000-0680,USDCAD,2,2025-08-18 15:20:00,2025-08-18 16:20:00,405.77,4.06,0.05,1.37884,1.3797,1.37727,1.37975,LOSS,0.18,-4.55,-4.73,401.04,True
TR-USDCAD-2025-08-19T034000-0681,USDCAD,2,2025-08-19 03:40:00,2025-08-19 14:20:00,401.04,4.01,0.06,1.38084,1.37991,1.38204,1.38081,BREAKEVEN,0.21,-0.18,-0.39,400.65,True
TR-USDCAD-2025-08-19T154000-0682,USDCAD,2,2025-08-19 15:40:00,2025-08-19 17:40:00,400.65,4.01,0.02,1.38215,1.38032,1.38535,1.38535,WIN,0.07,6.4,6.33,406.98,True
TR-USDCAD-2025-08-20T031000-0683,USDCAD,2,2025-08-20 03:10:00,2025-08-20 05:00:00,406.98,4.07,0.07,1.38698,1.38622,1.38791,1.38791,WIN,0.25,6.51,6.26,413.25,True
TR-USDCAD-2025-08-20T101000-0684,USDCAD,2,2025-08-20 10:10:00,2025-08-20 15:20:00,413.25,4.13,0.06,1.38742,1.38647,1.38872,1.38642,LOSS,0.21,-6.0,-6.21,407.04,True
TR-USDCAD-2025-08-21T035000-0685,USDCAD,5,2025-08-21 03:50:00,2025-08-21 15:50:00,407.04,4.07,0.07,1.38786,1.38706,1.38888,1.38888,WIN,0.25,7.14,6.9,413.93,True
TR-USDCAD-2025-08-22T035000-0686,USDCAD,5,2025-08-22 03:50:00,2025-08-22 16:30:00,413.93,4.14,0.06,1.39064,1.38976,1.39187,1.39187,WIN,0.21,7.38,7.17,421.1,True
TR-USDCAD-2025-08-25T150000-0687,USDCAD,2,2025-08-25 15:00:00,2025-08-25 17:00:00,421.1,4.21,0.06,1.38253,1.38331,1.38112,1.38256,BREAKEVEN,0.21,-0.18,-0.39,420.71,True
TR-USDCAD-2025-08-26T092000-0688,USDCAD,5,2025-08-26 09:20:00,2025-08-26 14:20:00,420.71,4.21,0.04,1.38588,1.38464,1.38785,1.38459,LOSS,0.14,-5.16,-5.3,415.41,True
TR-USDCAD-2025-08-29T101000-0689,USDCAD,2,2025-08-29 10:10:00,2025-08-29 12:40:00,415.41,4.15,0.06,1.37522,1.37603,1.37376,1.37526,BREAKEVEN,0.21,-0.18,-0.39,415.02,True
TR-USDCAD-2025-09-02T102000-0690,USDCAD,5,2025-09-02 10:20:00,2025-09-02 10:40:00,415.02,4.15,0.04,1.37533,1.37418,1.37709,1.37709,WIN,0.14,7.04,6.9,421.92,True
TR-USDCAD-2025-09-02T105000-0691,USDCAD,2,2025-09-02 10:50:00,2025-09-02 11:00:00,421.92,4.22,0.1,1.37695,1.3764,1.37763,1.37763,WIN,0.35,6.8,6.45,428.37,True
TR-USDCAD-2025-09-02T151000-0692,USDCAD,2,2025-09-02 15:10:00,2025-09-02 15:30:00,428.37,4.28,0.1,1.37884,1.37825,1.37954,1.37954,WIN,0.35,7.0,6.65,435.02,True
TR-USDCAD-2025-09-02T154000-0693,USDCAD,2,2025-09-02 15:40:00,2025-09-02 17:00:00,435.02,4.35,0.02,1.38018,1.37823,1.3836,1.37818,LOSS,0.07,-4.0,-4.07,430.95,True
TR-USDCAD-2025-09-03T032000-0694,USDCAD,5,2025-09-03 03:20:00,2025-09-03 08:50:00,430.95,4.31,0.07,1.3788,1.37802,1.3798,1.3798,WIN,0.25,7.0,6.75,437.71,True
TR-USDCAD-2025-09-03T102000-0695,USDCAD,5,2025-09-03 10:20:00,2025-09-03 11:10:00,437.71,4.38,0.05,1.38011,1.37897,1.38187,1.37892,LOSS,0.18,-5.93,-6.1,431.61,True
TR-USDCAD-2025-09-03T152000-0696,USDCAD,2,2025-09-03 15:20:00,2025-09-03 17:00:00,431.61,4.32,0.1,1.38001,1.37941,1.38066,1.37936,LOSS,0.35,-6.45,-6.8,424.81,True
TR-USDCAD-2025-09-04T031000-0697,USDCAD,2,2025-09-04 03:10:00,2025-09-04 08:00:00,424.81,4.25,0.07,1.37963,1.37883,1.38066,1.38066,WIN,0.25,7.21,6.96,431.77,True
TR-USDCAD-2025-09-04T153000-0698,USDCAD,2,2025-09-04 15:30:00,2025-09-04 15:40:00,431.77,4.32,0.09,1.38184,1.38118,1.3826,1.3826,WIN,0.32,6.93,6.61,438.39,True
TR-USDCAD-2025-09-05T101000-0699,USDCAD,5,2025-09-05 10:10:00,2025-09-05 14:40:00,438.39,4.38,0.05,1.37996,1.38092,1.37819,1.37999,BREAKEVEN,0.18,-0.15,-0.33,438.06,True
TR-USDCAD-2025-09-05T151000-0700,USDCAD,5,2025-09-05 15:10:00,2025-09-05 15:30:00,438.06,4.38,0.05,1.37967,1.38056,1.37804,1.37804,WIN,0.18,8.15,7.98,446.04,True
TR-USDCAD-2025-09-08T154000-0701,USDCAD,5,2025-09-08 15:40:00,2025-09-08 16:50:00,446.04,4.46,0.04,1.37994,1.381,1.37796,1.38105,LOSS,0.14,-4.46,-4.6,441.44,True
TR-USDCAD-2025-09-10T100000-0702,USDCAD,2,2025-09-10 10:00:00,2025-09-10 10:20:00,441.44,4.41,0.12,1.38491,1.38437,1.38551,1.38551,WIN,0.42,7.2,6.78,448.22,True
TR-USDCAD-2025-09-10T151000-0703,USDCAD,2,2025-09-10 15:10:00,2025-09-10 15:30:00,448.22,4.48,0.11,1.38594,1.38536,1.38653,1.38531,LOSS,0.39,-6.93,-7.32,440.9,True
TR-USDCAD-2025-09-11T032000-0704,USDCAD,2,2025-09-11 03:20:00,2025-09-11 10:30:00,440.9,4.41,0.06,1.38665,1.38567,1.38804,1.38804,WIN,0.21,8.34,8.13,449.03,True
TR-USDCAD-2025-09-12T040000-0705,USDCAD,5,2025-09-12 04:00:00,2025-09-12 04:20:00,449.03,4.49,0.08,1.38376,1.3844,1.38263,1.38445,LOSS,0.28,-5.52,-5.8,443.23,True
TR-USDCAD-2025-09-12T100000-0706,USDCAD,5,2025-09-12 10:00:00,2025-09-12 11:20:00,443.23,4.43,0.06,1.38358,1.38442,1.38205,1.38447,LOSS,0.21,-5.34,-5.55,437.68,True
TR-USDCAD-2025-09-15T070000-0707,USDCAD,5,2025-09-15 07:00:00,2025-09-15 13:30:00,437.68,4.38,0.07,1.38354,1.3842,1.38237,1.38237,WIN,0.25,8.19,7.95,445.63,True
TR-USDCAD-2025-09-15T152000-0708,USDCAD,2,2025-09-15 15:20:00,2025-09-15 16:10:00,445.63,4.46,0.07,1.38214,1.38282,1.38094,1.38287,LOSS,0.25,-5.08,-5.32,440.31,True
TR-USDCAD-2025-09-16T090000-0709,USDCAD,2,2025-09-16 09:00:00,2025-09-16 10:40:00,440.31,4.4,0.12,1.37684,1.37725,1.37617,1.37687,BREAKEVEN,0.42,-0.36,-0.78,439.53,True
TR-USDCAD-2025-09-18T031000-0710,USDCAD,5,2025-09-18 03:10:00,2025-09-18 08:20:00,439.53,4.4,0.05,1.37748,1.37646,1.37894,1.37894,WIN,0.18,7.3,7.13,446.65,False
TR-USDCAD-2025-09-18T151000-0711,USDCAD,2,2025-09-18 15:10:00,2025-09-18 16:40:00,446.65,4.47,0.04,1.37816,1.37694,1.38,1.38,WIN,0.14,7.36,7.22,453.87,True
TR-USDCAD-2025-09-19T032000-0712,USDCAD,5,2025-09-19 03:20:00,2025-09-19 09:10:00,453.87,4.54,0.07,1.37958,1.37871,1.38071,1.38071,WIN,0.25,7.91,7.67,461.54,True
TR-USDCAD-2025-09-19T150000-0713,USDCAD,2,2025-09-19 15:00:00,2025-09-19 17:10:00,461.54,4.62,0.04,1.38158,1.38016,1.38384,1.38011,LOSS,0.14,-5.9,-6.04,455.5,True
TR-USDCAD-2025-09-22T100000-0714,USDCAD,2,2025-09-22 10:00:00,2025-09-22 10:10:00,455.5,4.55,0.12,1.37954,1.379,1.38012,1.38012,WIN,0.42,7.08,6.66,462.16,True
TR-USDCAD-2025-09-22T151000-0715,USDCAD,2,2025-09-22 15:10:00,2025-09-22 16:00:00,462.16,4.62,0.07,1.38106,1.38025,1.38213,1.3802,LOSS,0.25,-5.99,-6.23,455.93,True
TR-USDCAD-2025-09-23T031000-0716,USDCAD,2,2025-09-23 03:10:00,2025-09-23 10:40:00,455.93,4.56,0.07,1.38275,1.38192,1.38387,1.38387,WIN,0.25,7.84,7.59,463.52,True
TR-USDCAD-2025-09-23T150000-0717,USDCAD,2,2025-09-23 15:00:00,2025-09-23 15:40:00,463.52,4.64,0.12,1.38265,1.38208,1.38328,1.38203,LOSS,0.42,-7.44,-7.86,455.66,True
TR-USDCAD-2025-09-24T031000-0718,USDCAD,2,2025-09-24 03:10:00,2025-09-24 09:40:00,455.66,4.56,0.07,1.38417,1.38333,1.38525,1.38525,WIN,0.25,7.56,7.31,462.98,True
TR-USDCAD-2025-09-24T155000-0719,USDCAD,2,2025-09-24 15:50:00,2025-09-24 17:20:00,462.98,4.63,0.05,1.38742,1.38629,1.3892,1.3892,WIN,0.18,8.9,8.72,471.7,True
TR-USDCAD-2025-09-25T094000-0720,USDCAD,5,2025-09-25 09:40:00,2025-09-25 15:40:00,471.7,4.72,0.08,1.38961,1.3888,1.39066,1.39066,WIN,0.28,8.4,8.12,479.82,True
TR-USDCAD-2025-09-25T155000-0721,USDCAD,5,2025-09-25 15:50:00,2025-09-25 20:00:00,479.82,4.8,0.03,1.39061,1.38887,1.39355,1.39355,WIN,0.1,8.82,8.72,488.54,True
TR-USDCAD-2025-09-29T102000-0722,USDCAD,2,2025-09-29 10:20:00,2025-09-29 14:20:00,488.54,4.89,0.06,1.39217,1.39302,1.39062,1.39307,LOSS,0.21,-5.4,-5.61,482.93,True
TR-USDCAD-2025-10-02T031000-0723,USDCAD,2,2025-10-02 03:10:00,2025-10-02 04:40:00,482.93,4.83,0.08,1.39439,1.39356,1.39548,1.39351,LOSS,0.28,-7.04,-7.32,475.61,True
TR-USDCAD-2025-10-02T152000-0724,USDCAD,2,2025-10-02 15:20:00,2025-10-02 16:40:00,475.61,4.76,0.12,1.39459,1.39401,1.39518,1.39518,WIN,0.42,7.08,6.66,482.27,True
TR-USDCAD-2025-10-03T034000-0725,USDCAD,1,2025-10-03 03:40:00,2025-10-03 15:40:00,482.27,4.82,0.13,1.39631,1.39575,1.39688,1.3957,LOSS,0.46,-7.87,-8.32,473.95,True
TR-USDCAD-2025-10-06T103000-0726,USDCAD,2,2025-10-06 10:30:00,2025-10-06 11:10:00,473.95,4.74,0.04,1.39432,1.39543,1.39225,1.39548,LOSS,0.14,-4.64,-4.78,469.17,True
TR-USDCAD-2025-10-07T152000-0727,USDCAD,2,2025-10-07 15:20:00,2025-10-07 16:10:00,469.17,4.69,0.07,1.39595,1.39511,1.39715,1.39506,LOSS,0.25,-6.23,-6.48,462.69,True
TR-USDCAD-2025-10-08T151000-0728,USDCAD,2,2025-10-08 15:10:00,2025-10-08 16:50:00,462.69,4.63,0.08,1.39425,1.39487,1.39316,1.39428,BREAKEVEN,0.28,-0.24,-0.52,462.17,True
TR-USDCAD-2025-10-09T154000-0729,USDCAD,2,2025-10-09 15:40:00,2025-10-09 16:40:00,462.17,4.62,0.07,1.39462,1.39536,1.39327,1.39541,LOSS,0.25,-5.57,-5.81,456.36,True
TR-USDCAD-2025-10-10T092000-0730,USDCAD,2,2025-10-10 09:20:00,2025-10-10 09:50:00,456.36,4.56,0.06,1.4019,1.40094,1.40324,1.40324,WIN,0.21,8.04,7.83,464.19,True
TR-USDCAD-2025-10-10T151000-0731,USDCAD,5,2025-10-10 15:10:00,2025-10-10 15:30:00,464.19,4.64,0.07,1.40182,1.40103,1.40293,1.40098,LOSS,0.25,-5.85,-6.09,458.1,True
TR-USDCAD-2025-10-13T035000-0732,USDCAD,2,2025-10-13 03:50:00,2025-10-13 06:50:00,458.1,4.58,0.07,1.39966,1.40041,1.39831,1.39969,BREAKEVEN,0.25,-0.21,-0.46,457.65,True
TR-USDCAD-2025-10-13T150000-0733,USDCAD,5,2025-10-13 15:00:00,2025-10-13 17:10:00,457.65,4.58,0.06,1.40072,1.39979,1.40214,1.40214,WIN,0.21,8.52,8.31,465.96,True
TR-USDCAD-2025-10-14T103000-0734,USDCAD,2,2025-10-14 10:30:00,2025-10-14 13:30:00,465.96,4.66,0.05,1.40572,1.40467,1.4073,1.4073,WIN,0.18,7.9,7.73,473.68,True
TR-USDCAD-2025-10-15T030000-0735,USDCAD,2,2025-10-15 03:00:00,2025-10-15 05:10:00,473.68,4.74,0.06,1.40446,1.40353,1.40578,1.40348,LOSS,0.21,-5.88,-6.09,467.59,True
TR-USDCAD-2025-10-15T091000-0736,USDCAD,5,2025-10-15 09:10:00,2025-10-15 11:00:00,467.59,4.68,0.07,1.40342,1.40412,1.40217,1.40417,LOSS,0.25,-5.25,-5.5,462.1,False
TR-USDCAD-2025-10-15T150000-0737,USDCAD,5,2025-10-15 15:00:00,2025-10-15 16:40:00,462.1,4.62,0.06,1.4041,1.40311,1.40556,1.40406,BREAKEVEN,0.21,-0.18,-0.39,461.71,True
TR-USDCAD-2025-10-16T151000-0738,USDCAD,2,2025-10-16 15:10:00,2025-10-16 17:20:00,461.71,4.62,0.06,1.40487,1.40393,1.40618,1.40388,LOSS,0.21,-5.94,-6.15,455.56,True
TR-USDCAD-2025-10-17T100000-0739,USDCAD,2,2025-10-17 10:00:00,2025-10-17 10:10:00,455.56,4.56,0.11,1.4048,1.40422,1.40547,1.40547,WIN,0.39,7.37,6.98,462.54,True
TR-USDCAD-2025-10-17T102000-0740,USDCAD,2,2025-10-17 10:20:00,2025-10-17 12:20:00,462.54,4.63,0.04,1.40582,1.40444,1.40808,1.40439,LOSS,0.14,-5.74,-5.88,456.66,True
TR-USDCAD-2025-10-20T041000-0741,USDCAD,5,2025-10-20 04:10:00,2025-10-20 09:00:00,456.66,4.57,0.09,1.40116,1.40173,1.40015,1.40178,LOSS,0.32,-5.63,-5.94,450.72,True
TR-USDCAD-2025-10-21T043000-0742,USDCAD,2,2025-10-21 04:30:00,2025-10-21 05:00:00,450.72,4.51,0.12,1.40354,1.40298,1.40414,1.40414,WIN,0.42,7.2,6.78,457.5,True
TR-USDCAD-2025-10-22T030000-0743,USDCAD,5,2025-10-22 03:00:00,2025-10-22 06:20:00,457.5,4.58,0.07,1.40174,1.40245,1.40046,1.40046,WIN,0.25,8.96,8.71,466.22,False
TR-USDCAD-2025-10-22T091000-0744,USDCAD,5,2025-10-22 09:10:00,2025-10-22 10:10:00,466.22,4.66,0.06,1.39978,1.40061,1.39828,1.40066,LOSS,0.21,-5.25,-5.46,460.76,True
TR-USDCAD-2025-10-23T093000-0745,USDCAD,5,2025-10-23 09:30:00,2025-10-23 14:20:00,460.76,4.61,0.06,1.39902,1.39987,1.39745,1.39992,LOSS,0.21,-5.43,-5.64,455.12,True
TR-USDCAD-2025-10-23T154000-0746,USDCAD,5,2025-10-23 15:40:00,2025-10-23 18:10:00,455.12,4.55,0.08,1.39942,1.40006,1.3983,1.39946,BREAKEVEN,0.28,-0.24,-0.52,454.6,True
TR-USDCAD-2025-10-27T080000-0747,USDCAD,5,2025-10-27 08:00:00,2025-10-27 14:40:00,454.6,4.55,0.05,1.39835,1.39924,1.39672,1.39838,BREAKEVEN,0.18,-0.15,-0.33,454.27,True
TR-USDCAD-2025-10-28T150000-0748,USDCAD,2,2025-10-28 15:00:00,2025-10-28 15:40:00,454.27,4.54,0.07,1.39984,1.399,1.40105,1.39895,LOSS,0.25,-6.26,-6.51,447.76,True
TR-USDCAD-2025-10-29T020000-0749,USDCAD,2,2025-10-29 02:00:00,2025-10-29 09:20:00,447.76,4.48,0.06,1.39415,1.39501,1.39258,1.39258,WIN,0.21,9.42,9.21,456.97,True
TR-USDCAD-2025-10-29T150000-0750,USDCAD,5,2025-10-29 15:00:00,2025-10-29 16:30:00,456.97,4.57,0.04,1.39318,1.39441,1.39088,1.39088,WIN,0.14,9.2,9.06,466.03,True
TR-USDCAD-2025-10-30T041000-0751,USDCAD,5,2025-10-30 04:10:00,2025-10-30 05:30:00,466.03,4.66,0.08,1.39351,1.39415,1.39239,1.3942,LOSS,0.28,-5.48,-5.76,460.27,True
TR-USDCAD-2025-10-30T150000-0752,USDCAD,5,2025-10-30 15:00:00,2025-10-30 16:10:00,460.27,4.6,0.04,1.3999,1.39848,1.40228,1.39843,LOSS,0.14,-5.86,-6.0,454.27,True
TR-USDCAD-2025-10-31T032000-0753,USDCAD,2,2025-10-31 03:20:00,2025-10-31 08:50:00,454.27,4.54,0.07,1.39839,1.39759,1.39951,1.39951,WIN,0.25,7.84,7.6,461.87,True
TR-USDCAD-2025-11-03T030000-0754,USDCAD,5,2025-11-03 03:00:00,2025-11-03 05:50:00,461.87,4.62,0.07,1.40214,1.40131,1.40328,1.40126,LOSS,0.25,-6.13,-6.37,455.5,True
TR-USDCAD-2025-11-03T093000-0755,USDCAD,5,2025-11-03 09:30:00,2025-11-03 10:30:00,455.5,4.55,0.07,1.4013,1.40049,1.40236,1.40236,WIN,0.25,7.42,7.17,462.67,True
TR-USDCAD-2025-11-03T151000-0756,USDCAD,5,2025-11-03 15:10:00,2025-11-03 15:50:00,462.67,4.63,0.06,1.40422,1.40329,1.40554,1.40554,WIN,0.21,7.92,7.71,470.38,True
TR-USDCAD-2025-11-04T083000-0757,USDCAD,2,2025-11-04 08:30:00,2025-11-04 09:00:00,470.38,4.7,0.1,1.40703,1.40638,1.40773,1.40633,LOSS,0.35,-7.0,-7.35,463.03,True
TR-USDCAD-2025-11-04T105000-0758,USDCAD,2,2025-11-04 10:50:00,2025-11-04 14:00:00,463.03,4.63,0.05,1.40606,1.40501,1.40754,1.40754,WIN,0.18,7.45,7.27,470.31,True
TR-USDCAD-2025-11-04T154000-0759,USDCAD,2,2025-11-04 15:40:00,2025-11-04 16:40:00,470.31,4.7,0.06,1.40819,1.40728,1.40947,1.40947,WIN,0.21,7.68,7.47,477.78,True
TR-USDCAD-2025-11-05T032000-0760,USDCAD,5,2025-11-05 03:20:00,2025-11-05 12:50:00,477.78,4.78,0.04,1.41129,1.40996,1.41338,1.41338,WIN,0.14,8.36,8.22,486.0,True
TR-USDCAD-2025-11-05T155000-0761,USDCAD,2,2025-11-05 15:50:00,2025-11-05 16:40:00,486.0,4.86,0.06,1.41365,1.41263,1.41517,1.41258,LOSS,0.21,-6.39,-6.6,479.4,True
TR-USDCAD-2025-11-07T153000-0762,USDCAD,5,2025-11-07 15:30:00,2025-11-10 09:30:00,479.4,4.79,0.02,1.40824,1.41149,1.4019,1.4019,WIN,0.07,12.68,12.61,492.01,True
TR-USDCAD-2025-11-10T103000-0763,USDCAD,5,2025-11-10 10:30:00,2025-11-10 13:00:00,492.01,4.92,0.06,1.40096,1.40187,1.3993,1.40192,LOSS,0.21,-5.73,-5.94,486.07,True
TR-USDCAD-2025-11-10T151000-0764,USDCAD,5,2025-11-10 15:10:00,2025-11-10 15:40:00,486.07,4.86,0.08,1.40117,1.40184,1.39998,1.4012,BREAKEVEN,0.28,-0.24,-0.52,485.55,True
TR-USDCAD-2025-11-11T100000-0765,USDCAD,2,2025-11-11 10:00:00,2025-11-11 15:30:00,485.55,4.86,0.06,1.40312,1.40395,1.40161,1.40161,WIN,0.21,9.06,8.85,494.4,True
TR-USDCAD-2025-11-11T154000-0766,USDCAD,2,2025-11-11 15:40:00,2025-11-13 03:20:00,494.4,4.94,0.04,1.40147,1.40285,1.39887,1.4015,BREAKEVEN,0.14,-0.12,-0.26,494.14,True
TR-USDCAD-2025-11-13T093000-0767,USDCAD,5,2025-11-13 09:30:00,2025-11-13 10:30:00,494.14,4.94,0.06,1.40066,1.40153,1.39907,1.39907,WIN,0.21,9.54,9.33,503.47,True
TR-USDCAD-2025-11-14T100000-0768,USDCAD,2,2025-11-14 10:00:00,2025-11-14 14:50:00,503.47,5.03,0.08,1.40372,1.40287,1.40487,1.40282,LOSS,0.28,-7.24,-7.52,495.95,True
TR-USDCAD-2025-11-17T154000-0769,USDCAD,2,2025-11-17 15:40:00,2025-11-18 06:10:00,495.95,4.96,0.04,1.40344,1.40203,1.40574,1.40574,WIN,0.14,9.16,9.02,504.97,True
TR-USDCAD-2025-11-18T150000-0770,USDCAD,5,2025-11-18 15:00:00,2025-11-18 17:30:00,504.97,5.05,0.07,1.40238,1.40319,1.40092,1.40092,WIN,0.25,10.22,9.98,514.94,True
TR-USDCAD-2025-11-20T102000-0771,USDCAD,2,2025-11-20 10:20:00,2025-11-20 12:00:00,514.94,5.15,0.07,1.40608,1.40523,1.40731,1.40518,LOSS,0.25,-6.27,-6.51,508.43,True
TR-USDCAD-2025-11-21T100000-0772,USDCAD,5,2025-11-21 10:00:00,2025-11-21 10:40:00,508.43,5.08,0.04,1.41005,1.40871,1.41221,1.40866,LOSS,0.14,-5.54,-5.68,502.75,True
TR-USDCAD-2025-11-24T100000-0773,USDCAD,5,2025-11-24 10:00:00,2025-11-24 15:00:00,502.75,5.03,0.07,1.4103,1.40938,1.41159,1.41028,BREAKEVEN,0.25,-0.21,-0.46,502.3,True
TR-USDCAD-2025-11-24T154000-0774,USDCAD,2,2025-11-24 15:40:00,2025-11-24 21:00:00,502.3,5.02,0.07,1.41057,1.40971,1.41181,1.41054,BREAKEVEN,0.25,-0.21,-0.46,501.84,True
TR-USDCAD-2025-11-25T101000-0775,USDCAD,2,2025-11-25 10:10:00,2025-11-25 10:40:00,501.84,5.02,0.14,1.41214,1.41161,1.41269,1.41156,LOSS,0.49,-8.12,-8.61,493.23,True
TR-USDCAD-2025-11-25T105000-0776,USDCAD,2,2025-11-25 10:50:00,2025-11-25 12:20:00,493.23,4.93,0.12,1.41184,1.41124,1.41247,1.41119,LOSS,0.42,-7.8,-8.22,485.01,True
TR-USDCAD-2025-11-26T023000-0777,USDCAD,5,2025-11-26 02:30:00,2025-11-26 03:40:00,485.01,4.85,0.06,1.40995,1.4108,1.4084,1.4084,WIN,0.21,9.3,9.09,494.1,True
TR-USDCAD-2025-11-26T082000-0778,USDCAD,5,2025-11-26 08:20:00,2025-11-26 11:00:00,494.1,4.94,0.07,1.4072,1.40798,1.40581,1.40803,LOSS,0.25,-5.78,-6.02,488.08,True
TR-USDCAD-2025-11-27T034000-0779,USDCAD,5,2025-11-27 03:40:00,2025-11-27 05:30:00,488.08,4.88,0.09,1.40372,1.40434,1.40263,1.40375,BREAKEVEN,0.32,-0.27,-0.59,487.5,True
TR-USDCAD-2025-12-01T031000-0780,USDCAD,2,2025-12-01 03:10:00,2025-12-01 04:50:00,487.5,4.87,0.06,1.39722,1.39809,1.39563,1.39814,LOSS,0.21,-5.52,-5.73,481.77,True
TR-USDCAD-2025-12-01T093000-0781,USDCAD,5,2025-12-01 09:30:00,2025-12-01 10:00:00,481.77,4.82,0.06,1.39812,1.39896,1.3966,1.39816,BREAKEVEN,0.21,-0.18,-0.39,481.38,True
TR-USDCAD-2025-12-02T020000-0782,USDCAD,2,2025-12-02 02:00:00,2025-12-02 12:20:00,481.38,4.81,0.08,1.40001,1.39925,1.40096,1.40096,WIN,0.28,7.6,7.32,488.7,True
TR-USDCAD-2025-12-03T030000-0783,USDCAD,5,2025-12-03 03:00:00,2025-12-03 12:10:00,488.7,4.89,0.05,1.3968,1.39783,1.39489,1.39489,WIN,0.18,9.55,9.38,498.07,True
TR-USDCAD-2025-12-04T101000-0784,USDCAD,2,2025-12-04 10:10:00,2025-12-04 11:00:00,498.07,4.98,0.13,1.39624,1.39668,1.39552,1.39673,LOSS,0.46,-6.31,-6.76,491.31,True
TR-USDCAD-2025-12-05T031000-0785,USDCAD,2,2025-12-05 03:10:00,2025-12-05 05:30:00,491.31,4.91,0.09,1.3952,1.39582,1.39413,1.39587,LOSS,0.32,-5.99,-6.3,485.01,True
TR-USDCAD-2025-12-05T105000-0786,USDCAD,2,2025-12-05 10:50:00,2025-12-05 12:40:00,485.01,4.85,0.07,1.3942,1.39495,1.39286,1.395,LOSS,0.25,-5.57,-5.81,479.2,True
TR-USDCAD-2025-12-05T153000-0787,USDCAD,5,2025-12-05 15:30:00,2025-12-05 16:00:00,479.2,4.79,0.03,1.39232,1.39419,1.38874,1.38874,WIN,0.1,10.74,10.64,489.84,True
TR-USDCAD-2025-12-08T100000-0788,USDCAD,1,2025-12-08 10:00:00,2025-12-08 10:10:00,489.84,4.9,0.12,1.38276,1.38321,1.38202,1.38202,WIN,0.42,8.88,8.46,498.3,True
TR-USDCAD-2025-12-08T102000-0789,USDCAD,6,2025-12-08 10:20:00,2025-12-08 14:50:00,498.3,4.98,0.06,1.38227,1.38321,1.38054,1.38054,WIN,0.21,10.38,10.17,508.47,True
TR-USDCAD-2025-12-09T101000-0790,USDCAD,2,2025-12-09 10:10:00,2025-12-09 11:10:00,508.47,5.08,0.12,1.38566,1.38504,1.38635,1.38499,LOSS,0.42,-7.98,-8.4,500.07,True
TR-USDCAD-2025-12-09T152000-0791,USDCAD,5,2025-12-09 15:20:00,2025-12-09 16:50:00,500.07,5.0,0.07,1.38442,1.38521,1.38298,1.38298,WIN,0.25,10.08,9.83,509.9,True
TR-USDCAD-2025-12-10T094000-0792,USDCAD,5,2025-12-10 09:40:00,2025-12-10 14:40:00,509.9,5.1,0.07,1.38499,1.38412,1.38628,1.38407,LOSS,0.25,-6.44,-6.69,503.22,False
TR-USDCAD-2025-12-10T152000-0793,USDCAD,2,2025-12-10 15:20:00,2025-12-10 18:20:00,503.22,5.03,0.05,1.3848,1.3837,1.38649,1.38477,BREAKEVEN,0.18,-0.15,-0.33,502.89,True
TR-USDCAD-2025-12-11T103000-0794,USDCAD,2,2025-12-11 10:30:00,2025-12-11 15:00:00,502.89,5.03,0.05,1.3814,1.38245,1.37945,1.37945,WIN,0.18,9.75,9.58,512.47,True
TR-USDCAD-2025-12-11T152000-0795,USDCAD,5,2025-12-11 15:20:00,2025-12-11 16:20:00,512.47,5.12,0.04,1.37931,1.38051,1.37707,1.37707,WIN,0.14,8.96,8.82,521.29,True
TR-USDCAD-2025-12-12T020000-0796,USDCAD,5,2025-12-12 02:00:00,2025-12-12 10:10:00,521.29,5.21,0.1,1.37735,1.37794,1.37632,1.37632,WIN,0.35,10.3,9.95,531.24,True
TR-USDCAD-2025-12-12T102000-0797,USDCAD,5,2025-12-12 10:20:00,2025-12-12 17:30:00,531.24,5.31,0.08,1.37625,1.37701,1.37489,1.37706,LOSS,0.28,-6.44,-6.72,524.52,True
TR-USDCAD-2025-12-15T030000-0798,USDCAD,2,2025-12-15 03:00:00,2025-12-15 12:00:00,524.52,5.25,0.08,1.37667,1.3774,1.37536,1.3767,BREAKEVEN,0.28,-0.24,-0.52,524.0,True
TR-USDCAD-2025-12-15T150000-0799,USDCAD,5,2025-12-15 15:00:00,2025-12-15 16:00:00,524.0,5.24,0.04,1.37554,1.37677,1.37322,1.37682,LOSS,0.14,-5.14,-5.28,518.72,True
TR-USDCAD-2025-12-16T040000-0800,USDCAD,5,2025-12-16 04:00:00,2025-12-16 05:10:00,518.72,5.19,0.09,1.37776,1.37697,1.3788,1.37692,LOSS,0.32,-7.56,-7.88,510.84,True
TR-USDCAD-2025-12-16T090000-0801,USDCAD,5,2025-12-16 09:00:00,2025-12-16 10:40:00,510.84,5.11,0.07,1.37658,1.3774,1.37509,1.37745,LOSS,0.25,-6.09,-6.34,504.51,True
TR-USDCAD-2025-12-16T153000-0802,USDCAD,5,2025-12-16 15:30:00,2025-12-16 17:20:00,504.51,5.05,0.04,1.37522,1.37656,1.37269,1.37525,BREAKEVEN,0.14,-0.12,-0.26,504.25,True
TR-USDCAD-2025-12-18T034000-0803,USDCAD,2,2025-12-18 03:40:00,2025-12-18 08:00:00,504.25,5.04,0.12,1.37832,1.37769,1.37894,1.37764,LOSS,0.42,-8.1,-8.52,495.73,True
TR-USDCAD-2025-12-18T150000-0804,USDCAD,2,2025-12-18 15:00:00,2025-12-18 15:20:00,495.73,4.96,0.14,1.37925,1.3787,1.3798,1.37865,LOSS,0.49,-8.33,-8.82,486.91,True
TR-USDCAD-2025-12-19T030000-0805,USDCAD,5,2025-12-19 03:00:00,2025-12-19 03:50:00,486.91,4.87,0.07,1.37728,1.37807,1.37585,1.37812,LOSS,0.25,-5.88,-6.13,480.78,True
TR-USDCAD-2025-12-19T100000-0806,USDCAD,2,2025-12-19 10:00:00,2025-12-19 15:30:00,480.78,4.81,0.07,1.37928,1.37841,1.38046,1.37836,LOSS,0.25,-6.41,-6.65,474.13,True
TR-USDCAD-2025-12-23T034000-0807,USDCAD,2,2025-12-23 03:40:00,2025-12-23 08:30:00,474.13,4.74,0.08,1.37417,1.37483,1.373,1.3742,BREAKEVEN,0.28,-0.24,-0.52,473.61,True
TR-USDCAD-2025-12-23T100000-0808,USDCAD,5,2025-12-23 10:00:00,2025-12-23 11:00:00,473.61,4.74,0.08,1.37336,1.37402,1.37218,1.37218,WIN,0.28,9.44,9.16,482.77,True
TR-USDCAD-2025-12-23T154000-0809,USDCAD,6,2025-12-23 15:40:00,2025-12-23 16:10:00,482.77,4.83,0.03,1.36894,1.37041,1.36615,1.37046,LOSS,0.1,-4.56,-4.67,478.11,True
TR-USDCAD-2025-12-24T105000-0810,USDCAD,6,2025-12-24 10:50:00,2025-12-24 14:50:00,478.11,4.78,0.06,1.36818,1.36907,1.36656,1.36822,BREAKEVEN,0.21,-0.18,-0.39,477.72,True
TR-AUDUSD-2024-01-03T032000-0001,AUDUSD,2,2024-01-03 03:20:00,2024-01-03 07:40:00,200.0,2.0,0.02,0.67599,0.67695,0.67422,0.677,LOSS,0.07,-2.02,-2.09,197.91,True
TR-AUDUSD-2024-01-03T101000-0002,AUDUSD,5,2024-01-03 10:10:00,2024-01-03 13:10:00,197.91,1.98,0.02,0.67572,0.67661,0.67408,0.67408,WIN,0.07,3.28,3.21,201.12,True
TR-AUDUSD-2024-01-03T155000-0003,AUDUSD,2,2024-01-03 15:50:00,2024-01-03 17:00:00,201.12,2.01,0.02,0.67216,0.67319,0.67023,0.67218,BREAKEVEN,0.07,-0.06,-0.13,200.99,True
TR-AUDUSD-2024-01-04T150000-0004,AUDUSD,2,2024-01-04 15:00:00,2024-01-04 16:30:00,200.99,2.01,0.02,0.67239,0.6733,0.67072,0.67072,WIN,0.07,3.34,3.27,204.26,True
TR-AUDUSD-2024-01-05T020000-0005,AUDUSD,5,2024-01-05 02:00:00,2024-01-05 02:40:00,204.26,2.04,0.04,0.6705,0.67104,0.66955,0.67109,LOSS,0.14,-2.38,-2.52,201.74,True
TR-AUDUSD-2024-01-05T033000-0006,AUDUSD,6,2024-01-05 03:30:00,2024-01-05 03:40:00,201.74,2.02,0.03,0.67064,0.67146,0.66917,0.67151,LOSS,0.1,-2.59,-2.7,199.04,True
TR-AUDUSD-2024-01-05T070000-0007,AUDUSD,2,2024-01-05 07:00:00,2024-01-05 09:10:00,199.04,1.99,0.02,0.67006,0.67094,0.66845,0.67009,BREAKEVEN,0.07,-0.06,-0.13,198.91,True
TR-AUDUSD-2024-01-05T153000-0008,AUDUSD,5,2024-01-05 15:30:00,2024-01-05 16:00:00,198.91,1.99,0.01,0.66641,0.66891,0.66156,0.66896,LOSS,0.04,-2.55,-2.58,196.33,True
TR-AUDUSD-2024-01-08T020000-0009,AUDUSD,2,2024-01-08 02:00:00,2024-01-08 03:10:00,196.33,1.96,0.03,0.67154,0.67069,0.67261,0.67261,WIN,0.1,3.21,3.1,199.43,True
TR-AUDUSD-2024-01-08T102000-0010,AUDUSD,2,2024-01-08 10:20:00,2024-01-08 16:50:00,199.43,1.99,0.01,0.66968,0.67115,0.66689,0.66971,BREAKEVEN,0.04,-0.03,-0.06,199.37,True
TR-AUDUSD-2024-01-09T021000-0011,AUDUSD,2,2024-01-09 02:10:00,2024-01-09 06:20:00,199.37,1.99,0.03,0.67198,0.67116,0.67327,0.67196,BREAKEVEN,0.1,-0.09,-0.19,199.17,False
TR-AUDUSD-2024-01-11T091000-0012,AUDUSD,2,2024-01-11 09:10:00,2024-01-11 10:00:00,199.17,1.99,0.03,0.67226,0.67142,0.67344,0.67137,LOSS,0.1,-2.68,-2.79,196.38,True
TR-AUDUSD-2024-01-12T082000-0013,AUDUSD,2,2024-01-12 08:20:00,2024-01-12 09:40:00,196.38,1.96,0.03,0.67004,0.66922,0.67118,0.66917,LOSS,0.1,-2.59,-2.7,193.68,True
TR-AUDUSD-2024-01-12T101000-0014,AUDUSD,2,2024-01-12 10:10:00,2024-01-12 13:30:00,193.68,1.94,0.02,0.67026,0.66886,0.67262,0.66881,LOSS,0.07,-2.89,-2.96,190.72,True
TR-AUDUSD-2024-01-12T152000-0015,AUDUSD,2,2024-01-12 15:20:00,2024-01-12 15:30:00,190.72,1.91,0.02,0.66794,0.66891,0.66614,0.66896,LOSS,0.07,-2.05,-2.12,188.6,True
TR-AUDUSD-2024-01-15T033000-0016,AUDUSD,1,2024-01-15 03:30:00,2024-01-15 04:10:00,188.6,1.89,0.03,0.66894,0.66967,0.66764,0.66972,LOSS,0.1,-2.32,-2.43,186.17,True
TR-AUDUSD-2024-01-15T150000-0017,AUDUSD,5,2024-01-15 15:00:00,2024-01-15 18:00:00,186.17,1.86,0.03,0.66543,0.66614,0.66416,0.66619,LOSS,0.1,-2.28,-2.38,183.79,True
TR-AUDUSD-2024-01-16T074000-0018,AUDUSD,5,2024-01-16 07:40:00,2024-01-16 09:40:00,183.79,1.84,0.02,0.66132,0.66213,0.65984,0.66218,LOSS,0.07,-1.73,-1.8,181.99,True
TR-AUDUSD-2024-01-16T100000-0019,AUDUSD,5,2024-01-16 10:00:00,2024-01-16 13:10:00,181.99,1.82,0.02,0.66173,0.66273,0.65988,0.65988,WIN,0.07,3.7,3.63,185.62,True
TR-AUDUSD-2024-01-17T031000-0020,AUDUSD,2,2024-01-17 03:10:00,2024-01-17 04:00:00,185.62,1.86,0.03,0.65858,0.6593,0.65728,0.65935,LOSS,0.1,-2.32,-2.43,183.19,True
TR-AUDUSD-2024-01-17T150000-0021,AUDUSD,5,2024-01-17 15:00:00,2024-01-17 15:30:00,183.19,1.83,0.02,0.65574,0.65662,0.65414,0.65414,WIN,0.07,3.2,3.13,186.32,True
TR-AUDUSD-2024-01-17T154000-0022,AUDUSD,6,2024-01-17 15:40:00,2024-01-17 16:50:00,186.32,1.86,0.02,0.65512,0.65601,0.65348,0.65348,WIN,0.07,3.28,3.21,189.53,True
TR-AUDUSD-2024-01-18T023000-0023,AUDUSD,5,2024-01-18 02:30:00,2024-01-18 03:10:00,189.53,1.9,0.01,0.65368,0.65563,0.64994,0.65568,LOSS,0.04,-1.99,-2.03,187.5,True
TR-AUDUSD-2024-01-18T071000-0024,AUDUSD,5,2024-01-18 07:10:00,2024-01-18 08:10:00,187.5,1.87,0.03,0.65539,0.65611,0.6541,0.65616,LOSS,0.1,-2.31,-2.41,185.08,True
TR-AUDUSD-2024-01-18T101000-0025,AUDUSD,5,2024-01-18 10:10:00,2024-01-18 11:30:00,185.08,1.85,0.03,0.65541,0.65617,0.65404,0.65622,LOSS,0.1,-2.43,-2.53,182.55,True
TR-AUDUSD-2024-01-18T153000-0026,AUDUSD,5,2024-01-18 15:30:00,2024-01-18 17:40:00,182.55,1.83,0.01,0.65517,0.65663,0.65242,0.65668,LOSS,0.04,-1.5,-1.54,181.01,True
TR-AUDUSD-2024-01-19T045000-0027,AUDUSD,2,2024-01-19 04:50:00,2024-01-19 07:50:00,181.01,1.81,0.01,0.65852,0.65714,0.66084,0.65709,LOSS,0.04,-1.43,-1.47,179.54,True
TR-AUDUSD-2024-01-23T150000-0028,AUDUSD,5,2024-01-23 15:00:00,2024-01-23 16:50:00,179.54,1.8,0.02,0.65878,0.6576,0.66074,0.65755,LOSS,0.07,-2.47,-2.54,177.0,True
TR-AUDUSD-2024-01-24T150000-0029,AUDUSD,2,2024-01-24 15:00:00,2024-01-24 15:20:00,177.0,1.77,0.04,0.65969,0.65915,0.66036,0.66036,WIN,0.14,2.68,2.54,179.54,True
TR-AUDUSD-2024-01-24T153000-0030,AUDUSD,2,2024-01-24 15:30:00,2024-01-24 20:40:00,179.54,1.8,0.01,0.66094,0.65913,0.664,0.65908,LOSS,0.04,-1.86,-1.89,177.65,True
TR-AUDUSD-2024-01-25T030000-0031,AUDUSD,5,2024-01-25 03:00:00,2024-01-25 04:10:00,177.65,1.78,0.03,0.65703,0.65778,0.65567,0.65783,LOSS,0.1,-2.41,-2.52,175.13,True
TR-AUDUSD-2024-01-25T102000-0032,AUDUSD,2,2024-01-25 10:20:00,2024-01-25 11:40:00,175.13,1.75,0.02,0.65774,0.65879,0.65581,0.65884,LOSS,0.07,-2.19,-2.26,172.87,True
TR-AUDUSD-2024-01-25T154000-0033,AUDUSD,2,2024-01-25 15:40:00,2024-01-29 01:10:00,172.87,1.73,0.01,0.65962,0.65706,0.66424,0.65701,LOSS,0.04,-2.6,-2.64,170.23,True
TR-AUDUSD-2024-01-29T093000-0034,AUDUSD,2,2024-01-29 09:30:00,2024-01-29 16:40:00,170.23,1.7,0.02,0.65964,0.65862,0.66123,0.65857,LOSS,0.07,-2.14,-2.21,168.02,True
TR-AUDUSD-2024-01-30T024000-0035,AUDUSD,2,2024-01-30 02:40:00,2024-01-30 06:40:00,168.02,1.68,0.02,0.66171,0.66076,0.66319,0.66071,LOSS,0.07,-2.0,-2.07,165.95,True
TR-AUDUSD-2024-01-30T072000-0036,AUDUSD,5,2024-01-30 07:20:00,2024-01-30 10:30:00,165.95,1.66,0.02,0.66114,0.6603,0.66237,0.66025,LOSS,0.07,-1.78,-1.85,164.1,True
TR-AUDUSD-2024-01-31T032000-0037,AUDUSD,5,2024-01-31 03:20:00,2024-01-31 04:10:00,164.1,1.64,0.02,0.65815,0.65894,0.65671,0.65671,WIN,0.07,2.88,2.81,166.91,True
TR-AUDUSD-2024-02-01T032000-0038,AUDUSD,2,2024-02-01 03:20:00,2024-02-01 06:50:00,166.91,1.67,0.02,0.65686,0.65778,0.65516,0.65516,WIN,0.07,3.4,3.33,170.24,True
TR-AUDUSD-2024-02-02T084000-0039,AUDUSD,2,2024-02-02 08:40:00,2024-02-02 10:00:00,170.24,1.7,0.03,0.6597,0.6589,0.66085,0.65885,LOSS,0.1,-2.55,-2.65,167.58,True
TR-AUDUSD-2024-02-02T151000-0040,AUDUSD,2,2024-02-02 15:10:00,2024-02-02 15:30:00,167.58,1.68,0.03,0.66074,0.66002,0.66174,0.65997,LOSS,0.1,-2.32,-2.43,165.15,True
TR-AUDUSD-2024-02-06T155000-0041,AUDUSD,5,2024-02-06 15:50:00,2024-02-06 16:50:00,165.15,1.65,0.02,0.64942,0.65028,0.64785,0.65033,LOSS,0.07,-1.82,-1.89,163.26,True
TR-AUDUSD-2024-02-07T032000-0042,AUDUSD,2,2024-02-07 03:20:00,2024-02-07 06:00:00,163.26,1.63,0.04,0.65342,0.65287,0.65408,0.65282,LOSS,0.14,-2.42,-2.56,160.7,True
TR-AUDUSD-2024-02-07T150000-0043,AUDUSD,2,2024-02-07 15:00:00,2024-02-07 19:30:00,160.7,1.61,0.02,0.6526,0.65176,0.65383,0.65171,LOSS,0.07,-1.78,-1.85,158.85,True
TR-AUDUSD-2024-02-08T033000-0044,AUDUSD,2,2024-02-08 03:30:00,2024-02-08 03:40:00,158.85,1.59,0.04,0.65271,0.65216,0.65327,0.65211,LOSS,0.14,-2.4,-2.54,156.31,True
TR-AUDUSD-2024-02-08T105000-0045,AUDUSD,2,2024-02-08 10:50:00,2024-02-08 15:40:00,156.31,1.56,0.02,0.65076,0.65174,0.64896,0.64896,WIN,0.07,3.6,3.53,159.84,True
TR-AUDUSD-2024-02-08T155000-0046,AUDUSD,2,2024-02-08 15:50:00,2024-02-09 02:00:00,159.84,1.6,0.01,0.6488,0.64992,0.64671,0.64997,LOSS,0.04,-1.17,-1.21,158.64,True
TR-AUDUSD-2024-02-09T030000-0047,AUDUSD,6,2024-02-09 03:00:00,2024-02-09 04:40:00,158.64,1.59,0.02,0.64886,0.64966,0.6474,0.64971,LOSS,0.07,-1.71,-1.78,156.86,True
TR-AUDUSD-2024-02-09T153000-0048,AUDUSD,2,2024-02-09 15:30:00,2024-02-09 15:40:00,156.86,1.57,0.04,0.65115,0.65062,0.65183,0.65183,WIN,0.14,2.72,2.58,159.44,True
TR-AUDUSD-2024-02-12T150000-0049,AUDUSD,2,2024-02-12 15:00:00,2024-02-12 19:00:00,159.44,1.59,0.03,0.6526,0.65182,0.65369,0.65369,WIN,0.1,3.3,3.19,162.63,True
TR-AUDUSD-2024-02-13T093000-0050,AUDUSD,5,2024-02-13 09:30:00,2024-02-13 12:00:00,162.63,1.63,0.02,0.65188,0.65266,0.65048,0.65191,BREAKEVEN,0.07,-0.06,-0.13,162.5,True
TR-AUDUSD-2024-02-13T153000-0051,AUDUSD,5,2024-02-13 15:30:00,2024-02-15 15:20:00,162.5,1.63,0.01,0.65067,0.6544,0.64336,0.6507,BREAKEVEN,0.04,-0.03,-0.06,162.44,True
TR-AUDUSD-2024-02-20T154000-0052,AUDUSD,2,2024-02-20 15:40:00,2024-02-20 16:00:00,162.44,1.62,0.04,0.65659,0.65605,0.65722,0.65722,WIN,0.14,2.52,2.38,164.82,True
TR-AUDUSD-2024-02-23T024000-0053,AUDUSD,2,2024-02-23 02:40:00,2024-02-23 03:30:00,164.82,1.65,0.02,0.65572,0.65674,0.65383,0.65679,LOSS,0.07,-2.14,-2.21,162.61,True
TR-AUDUSD-2024-02-23T034000-0054,AUDUSD,2,2024-02-23 03:40:00,2024-02-23 07:40:00,162.61,1.63,0.03,0.65659,0.65586,0.6576,0.65656,BREAKEVEN,0.1,-0.09,-0.19,162.41,True
TR-AUDUSD-2024-02-23T100000-0055,AUDUSD,5,2024-02-23 10:00:00,2024-02-23 10:40:00,162.41,1.62,0.03,0.65732,0.65653,0.65845,0.65648,LOSS,0.1,-2.52,-2.62,159.79,True
TR-AUDUSD-2024-02-26T025000-0056,AUDUSD,5,2024-02-26 02:50:00,2024-02-26 15:40:00,159.79,1.6,0.02,0.65578,0.65661,0.65427,0.65581,BREAKEVEN,0.07,-0.06,-0.13,159.66,True
TR-AUDUSD-2024-02-27T043000-0057,AUDUSD,2,2024-02-27 04:30:00,2024-02-27 06:10:00,159.66,1.6,0.02,0.6532,0.6541,0.65155,0.65415,LOSS,0.07,-1.9,-1.97,157.69,True
TR-AUDUSD-2024-02-28T023000-0058,AUDUSD,5,2024-02-28 02:30:00,2024-02-28 05:20:00,157.69,1.58,0.02,0.65405,0.65494,0.65242,0.65242,WIN,0.07,3.26,3.19,160.88,True
TR-AUDUSD-2024-02-28T102000-0059,AUDUSD,5,2024-02-28 10:20:00,2024-02-28 12:00:00,160.88,1.61,0.02,0.65052,0.65124,0.64923,0.64923,WIN,0.07,2.58,2.51,163.39,True
TR-AUDUSD-2024-02-28T150000-0060,AUDUSD,2,2024-02-28 15:00:00,2024-02-28 15:50:00,163.39,1.63,0.02,0.64939,0.65016,0.648,0.65021,LOSS,0.07,-1.64,-1.71,161.68,True
TR-AUDUSD-2024-02-29T101000-0061,AUDUSD,5,2024-02-29 10:10:00,2024-02-29 14:40:00,161.68,1.62,0.02,0.65081,0.65173,0.64912,0.64912,WIN,0.07,3.38,3.31,164.99,True
TR-AUDUSD-2024-03-01T105000-0062,AUDUSD,2,2024-03-01 10:50:00,2024-03-01 12:10:00,164.99,1.65,0.02,0.64941,0.65037,0.64764,0.65042,LOSS,0.07,-2.02,-2.09,162.9,True
TR-AUDUSD-2024-03-01T150000-0063,AUDUSD,2,2024-03-01 15:00:00,2024-03-01 17:00:00,162.9,1.63,0.02,0.65012,0.65095,0.64862,0.65015,BREAKEVEN,0.07,-0.06,-0.13,162.77,True
TR-AUDUSD-2024-03-04T045000-0064,AUDUSD,2,2024-03-04 04:50:00,2024-03-04 07:20:00,162.77,1.63,0.02,0.65266,0.6518,0.65398,0.65175,LOSS,0.07,-1.81,-1.88,160.89,True
TR-AUDUSD-2024-03-04T101000-0065,AUDUSD,2,2024-03-04 10:10:00,2024-03-04 15:20:00,160.89,1.61,0.04,0.65193,0.65139,0.65259,0.65134,LOSS,0.14,-2.36,-2.5,158.39,True
TR-AUDUSD-2024-03-05T080000-0066,AUDUSD,2,2024-03-05 08:00:00,2024-03-05 12:20:00,158.39,1.58,0.02,0.64924,0.65023,0.64742,0.64927,BREAKEVEN,0.07,-0.06,-0.13,158.26,True
TR-AUDUSD-2024-03-06T091000-0067,AUDUSD,5,2024-03-06 09:10:00,2024-03-06 15:00:00,158.26,1.58,0.02,0.65206,0.65112,0.65354,0.65203,BREAKEVEN,0.07,-0.06,-0.13,158.13,True
TR-AUDUSD-2024-03-06T152000-0068,AUDUSD,2,2024-03-06 15:20:00,2024-03-06 16:00:00,158.13,1.58,0.02,0.65253,0.6516,0.654,0.654,WIN,0.07,2.94,2.87,161.0,True
TR-AUDUSD-2024-03-07T084000-0069,AUDUSD,5,2024-03-07 08:40:00,2024-03-07 12:20:00,161.0,1.61,0.02,0.65818,0.65714,0.65991,0.65991,WIN,0.07,3.46,3.39,164.39,True
TR-AUDUSD-2024-03-07T153000-0070,AUDUSD,5,2024-03-07 15:30:00,2024-03-07 18:30:00,164.39,1.64,0.02,0.6607,0.65985,0.66198,0.66198,WIN,0.07,2.56,2.49,166.88,True
TR-AUDUSD-2024-03-08T021000-0071,AUDUSD,5,2024-03-08 02:10:00,2024-03-08 03:20:00,166.88,1.67,0.03,0.66226,0.66151,0.66334,0.66146,LOSS,0.1,-2.4,-2.5,164.37,True
TR-AUDUSD-2024-03-08T073000-0072,AUDUSD,2,2024-03-08 07:30:00,2024-03-08 10:00:00,164.37,1.64,0.04,0.66296,0.66241,0.66356,0.66356,WIN,0.14,2.44,2.3,166.67,True
TR-AUDUSD-2024-03-08T153000-0073,AUDUSD,2,2024-03-08 15:30:00,2024-03-08 15:40:00,166.67,1.67,0.04,0.66428,0.66366,0.66488,0.66488,WIN,0.14,2.4,2.26,168.93,True
TR-AUDUSD-2024-03-11T102000-0074,AUDUSD,2,2024-03-11 10:20:00,2024-03-11 14:50:00,168.93,1.69,0.03,0.66155,0.66225,0.6603,0.6603,WIN,0.1,3.75,3.65,172.58,True
TR-AUDUSD-2024-03-12T034000-0075,AUDUSD,2,2024-03-12 03:40:00,2024-03-12 03:50:00,172.58,1.73,0.02,0.66114,0.66192,0.65974,0.66197,LOSS,0.07,-1.65,-1.72,170.86,True
TR-AUDUSD-2024-03-12T154000-0076,AUDUSD,2,2024-03-12 15:40:00,2024-03-12 22:20:00,170.86,1.71,0.01,0.65902,0.66061,0.65599,0.66066,LOSS,0.04,-1.64,-1.67,169.18,True
TR-AUDUSD-2024-03-13T031000-0077,AUDUSD,6,2024-03-13 03:10:00,2024-03-13 04:20:00,169.18,1.69,0.04,0.6604,0.66087,0.65963,0.66092,LOSS,0.14,-2.06,-2.2,166.98,True
TR-AUDUSD-2024-03-13T091000-0078,AUDUSD,5,2024-03-13 09:10:00,2024-03-13 11:20:00,166.98,1.67,0.03,0.66129,0.66055,0.66226,0.6605,LOSS,0.1,-2.37,-2.47,164.51,True
TR-AUDUSD-2024-03-13T152000-0079,AUDUSD,2,2024-03-13 15:20:00,2024-03-13 18:30:00,164.51,1.65,0.03,0.66139,0.66064,0.66247,0.66247,WIN,0.1,3.24,3.14,167.64,False
TR-AUDUSD-2024-03-14T100000-0080,AUDUSD,5,2024-03-14 10:00:00,2024-03-14 14:30:00,167.64,1.68,0.02,0.66181,0.66098,0.66305,0.66178,BREAKEVEN,0.07,-0.06,-0.13,167.51,True
TR-AUDUSD-2024-03-15T101000-0081,AUDUSD,2,2024-03-15 10:10:00,2024-03-15 13:50:00,167.51,1.68,0.01,0.65606,0.65732,0.6537,0.65737,LOSS,0.04,-1.31,-1.34,166.17,True
TR-AUDUSD-2024-03-15T153000-0082,AUDUSD,2,2024-03-15 15:30:00,2024-03-18 04:00:00,166.17,1.66,0.02,0.65663,0.65753,0.65498,0.65666,BREAKEVEN,0.07,-0.06,-0.13,166.04,True
TR-AUDUSD-2024-03-19T031000-0083,AUDUSD,5,2024-03-19 03:10:00,2024-03-19 04:20:00,166.04,1.66,0.03,0.65491,0.65555,0.65378,0.6556,LOSS,0.1,-2.07,-2.17,163.87,True
TR-AUDUSD-2024-03-19T102000-0084,AUDUSD,2,2024-03-19 10:20:00,2024-03-19 13:20:00,163.87,1.64,0.02,0.65144,0.65223,0.65,0.65146,BREAKEVEN,0.07,-0.06,-0.13,163.74,True
TR-AUDUSD-2024-03-21T023000-0085,AUDUSD,2,2024-03-21 02:30:00,2024-03-21 02:40:00,163.74,1.64,0.03,0.65986,0.65911,0.66072,0.66072,WIN,0.1,2.55,2.44,166.18,True
TR-AUDUSD-2024-03-21T030000-0086,AUDUSD,2,2024-03-21 03:00:00,2024-03-21 15:50:00,166.18,1.66,0.01,0.66112,0.65859,0.66573,0.65854,LOSS,0.04,-2.58,-2.62,163.57,True
TR-AUDUSD-2024-03-22T034000-0087,AUDUSD,2,2024-03-22 03:40:00,2024-03-22 04:20:00,163.57,1.64,0.01,0.65658,0.65792,0.65404,0.65404,WIN,0.04,2.54,2.5,166.07,True
TR-AUDUSD-2024-03-22T092000-0088,AUDUSD,2,2024-03-22 09:20:00,2024-03-22 15:40:00,166.07,1.66,0.02,0.65191,0.65271,0.65045,0.65276,LOSS,0.07,-1.71,-1.78,164.29,True
TR-AUDUSD-2024-03-26T031000-0089,AUDUSD,2,2024-03-26 03:10:00,2024-03-26 03:20:00,164.29,1.64,0.04,0.65438,0.65383,0.65503,0.65503,WIN,0.14,2.6,2.46,166.75,True
TR-AUDUSD-2024-03-26T033000-0090,AUDUSD,2,2024-03-26 03:30:00,2024-03-26 05:40:00,166.75,1.67,0.02,0.65476,0.65383,0.6562,0.65378,LOSS,0.07,-1.96,-2.03,164.72,True
TR-AUDUSD-2024-03-27T023000-0091,AUDUSD,5,2024-03-27 02:30:00,2024-03-28 10:10:00,164.72,1.65,0.01,0.65276,0.65414,0.65014,0.65014,WIN,0.04,2.62,2.58,167.31,True
TR-AUDUSD-2024-03-29T032000-0092,AUDUSD,2,2024-03-29 03:20:00,2024-03-29 14:40:00,167.31,1.67,0.02,0.65134,0.65206,0.65004,0.65211,LOSS,0.07,-1.55,-1.62,165.69,True
TR-AUDUSD-2024-04-01T032000-0093,AUDUSD,2,2024-04-01 03:20:00,2024-04-01 04:30:00,165.69,1.66,0.03,0.65368,0.65287,0.65483,0.65282,LOSS,0.1,-2.56,-2.67,163.02,True
TR-AUDUSD-2024-04-01T093000-0094,AUDUSD,2,2024-04-01 09:30:00,2024-04-01 15:10:00,163.02,1.63,0.02,0.65226,0.65141,0.65351,0.65136,LOSS,0.07,-1.8,-1.87,161.15,True
TR-AUDUSD-2024-04-01T152000-0095,AUDUSD,2,2024-04-01 15:20:00,2024-04-01 16:30:00,161.15,1.61,0.02,0.65115,0.65196,0.64968,0.65201,LOSS,0.07,-1.72,-1.79,159.36,True
TR-AUDUSD-2024-04-02T020000-0096,AUDUSD,5,2024-04-02 02:00:00,2024-04-02 04:30:00,159.36,1.59,0.02,0.64869,0.64939,0.64744,0.64944,LOSS,0.07,-1.5,-1.57,157.79,True
TR-AUDUSD-2024-04-02T094000-0097,AUDUSD,5,2024-04-02 09:40:00,2024-04-02 10:50:00,157.79,1.58,0.03,0.6491,0.64968,0.64808,0.64973,LOSS,0.1,-1.9,-2.01,155.78,True
TR-AUDUSD-2024-04-02T155000-0098,AUDUSD,2,2024-04-02 15:50:00,2024-04-02 17:10:00,155.78,1.56,0.02,0.6501,0.65098,0.64849,0.65103,LOSS,0.07,-1.86,-1.93,153.85,True
TR-AUDUSD-2024-04-04T102000-0099,AUDUSD,2,2024-04-04 10:20:00,2024-04-04 12:50:00,153.85,1.54,0.02,0.65919,0.65833,0.66043,0.66043,WIN,0.07,2.48,2.41,156.26,True
TR-AUDUSD-2024-04-04T154000-0100,AUDUSD,2,2024-04-04 15:40:00,2024-04-04 16:20:00,156.26,1.56,0.02,0.66024,0.65936,0.6615,0.6615,WIN,0.07,2.54,2.47,158.73,True
TR-AUDUSD-2024-04-05T152000-0101,AUDUSD,5,2024-04-05 15:20:00,2024-04-05 15:30:00,158.73,1.59,0.02,0.65876,0.65794,0.65999,0.65789,LOSS,0.07,-1.75,-1.82,156.91,True
TR-AUDUSD-2024-04-05T155000-0102,AUDUSD,2,2024-04-05 15:50:00,2024-04-08 16:00:00,156.91,1.57,0.01,0.65708,0.6593,0.65281,0.65935,LOSS,0.04,-2.26,-2.3,154.61,True
TR-AUDUSD-2024-04-09T071000-0103,AUDUSD,5,2024-04-09 07:10:00,2024-04-09 12:30:00,154.61,1.55,0.02,0.66036,0.65959,0.66145,0.66145,WIN,0.07,2.18,2.11,156.72,True
TR-AUDUSD-2024-04-09T151000-0104,AUDUSD,2,2024-04-09 15:10:00,2024-04-09 15:50:00,156.72,1.57,0.02,0.66214,0.66133,0.66326,0.66326,WIN,0.07,2.24,2.17,158.89,True
TR-AUDUSD-2024-04-10T100000-0105,AUDUSD,2,2024-04-10 10:00:00,2024-04-10 15:30:00,158.89,1.59,0.03,0.6626,0.66187,0.66358,0.66182,LOSS,0.1,-2.34,-2.44,156.44,True
TR-AUDUSD-2024-04-10T155000-0106,AUDUSD,2,2024-04-10 15:50:00,2024-04-10 16:50:00,156.44,1.56,0.01,0.65903,0.66246,0.65232,0.65232,WIN,0.04,6.71,6.67,163.12,True
TR-AUDUSD-2024-04-11T030000-0107,AUDUSD,5,2024-04-11 03:00:00,2024-04-11 04:20:00,163.12,1.63,0.02,0.65067,0.65166,0.64883,0.65171,LOSS,0.07,-2.09,-2.16,160.96,True
TR-AUDUSD-2024-04-11T152000-0108,AUDUSD,2,2024-04-11 15:20:00,2024-04-11 15:30:00,160.96,1.61,0.02,0.65188,0.65274,0.65029,0.6519,BREAKEVEN,0.07,-0.06,-0.13,160.83,True
TR-AUDUSD-2024-04-12T032000-0109,AUDUSD,2,2024-04-12 03:20:00,2024-04-12 09:40:00,160.83,1.61,0.02,0.65366,0.65453,0.65207,0.65207,WIN,0.07,3.18,3.11,163.94,True
TR-AUDUSD-2024-04-12T151000-0110,AUDUSD,5,2024-04-12 15:10:00,2024-04-12 15:50:00,163.94,1.64,0.02,0.64925,0.65011,0.64768,0.64768,WIN,0.07,3.14,3.07,167.01,True
TR-AUDUSD-2024-04-15T153000-0111,AUDUSD,5,2024-04-15 15:30:00,2024-04-15 20:50:00,167.01,1.67,0.01,0.64718,0.64861,0.64449,0.64449,WIN,0.04,2.7,2.66,169.67,True
TR-AUDUSD-2024-04-16T030000-0112,AUDUSD,5,2024-04-16 03:00:00,2024-04-16 03:50:00,169.67,1.7,0.03,0.64402,0.64466,0.64289,0.64289,WIN,0.1,3.39,3.29,172.96,True
TR-AUDUSD-2024-04-16T151000-0113,AUDUSD,2,2024-04-16 15:10:00,2024-04-16 17:00:00,172.96,1.73,0.02,0.64192,0.64289,0.64014,0.64014,WIN,0.07,3.56,3.49,176.45,True
TR-AUDUSD-2024-04-18T040000-0114,AUDUSD,2,2024-04-18 04:00:00,2024-04-18 04:10:00,176.45,1.76,0.04,0.64339,0.64282,0.64414,0.64414,WIN,0.14,3.0,2.86,179.31,True
TR-AUDUSD-2024-04-19T031000-0115,AUDUSD,5,2024-04-19 03:10:00,2024-04-19 04:00:00,179.31,1.79,0.03,0.64209,0.64273,0.64096,0.64096,WIN,0.1,3.39,3.28,182.59,True
TR-AUDUSD-2024-04-19T043000-0116,AUDUSD,5,2024-04-19 04:30:00,2024-04-19 06:30:00,182.59,1.83,0.01,0.63917,0.64107,0.63552,0.6392,BREAKEVEN,0.04,-0.03,-0.06,182.53,True
TR-AUDUSD-2024-04-22T021000-0117,AUDUSD,5,2024-04-22 02:10:00,2024-04-22 03:10:00,182.53,1.83,0.04,0.64231,0.64167,0.64311,0.64311,WIN,0.14,3.2,3.06,185.58,True
TR-AUDUSD-2024-04-22T032000-0118,AUDUSD,5,2024-04-22 03:20:00,2024-04-22 08:20:00,185.58,1.86,0.02,0.64334,0.64206,0.64546,0.64332,BREAKEVEN,0.07,-0.06,-0.13,185.45,True
TR-AUDUSD-2024-04-22T091000-0119,AUDUSD,2,2024-04-22 09:10:00,2024-04-23 03:50:00,185.45,1.85,0.02,0.64379,0.64261,0.64576,0.64576,WIN,0.07,3.94,3.87,189.32,True
TR-AUDUSD-2024-04-23T103000-0120,AUDUSD,5,2024-04-23 10:30:00,2024-04-23 12:10:00,189.32,1.89,0.02,0.64517,0.64427,0.64655,0.64422,LOSS,0.07,-1.9,-1.97,187.36,False
TR-AUDUSD-2024-04-24T033000-0121,AUDUSD,2,2024-04-24 03:30:00,2024-04-24 04:30:00,187.36,1.87,0.03,0.64918,0.64838,0.65033,0.65033,WIN,0.1,3.45,3.34,190.7,True
TR-AUDUSD-2024-04-24T152000-0122,AUDUSD,2,2024-04-24 15:20:00,2024-04-24 15:50:00,190.7,1.91,0.04,0.65076,0.65019,0.65149,0.65014,LOSS,0.14,-2.5,-2.64,188.06,True
TR-AUDUSD-2024-04-25T030000-0123,AUDUSD,2,2024-04-25 03:00:00,2024-04-25 04:10:00,188.06,1.88,0.05,0.64968,0.64919,0.65028,0.64966,BREAKEVEN,0.18,-0.15,-0.32,187.74,True
TR-AUDUSD-2024-04-25T104000-0124,AUDUSD,2,2024-04-25 10:40:00,2024-04-25 15:30:00,187.74,1.88,0.02,0.65184,0.65095,0.65325,0.65325,WIN,0.07,2.8,2.73,190.47,True
TR-AUDUSD-2024-04-26T032000-0125,AUDUSD,2,2024-04-26 03:20:00,2024-04-26 08:50:00,190.47,1.9,0.03,0.65247,0.65162,0.65372,0.65372,WIN,0.1,3.75,3.64,194.11,True
TR-AUDUSD-2024-04-26T153000-0126,AUDUSD,2,2024-04-26 15:30:00,2024-04-26 15:40:00,194.11,1.94,0.05,0.65364,0.65306,0.65429,0.65429,WIN,0.18,3.25,3.07,197.18,True
TR-AUDUSD-2024-04-29T102000-0127,AUDUSD,2,2024-04-29 10:20:00,2024-04-29 15:40:00,197.18,1.97,0.02,0.65565,0.6547,0.65713,0.65562,BREAKEVEN,0.07,-0.06,-0.13,197.05,True
TR-AUDUSD-2024-04-30T092000-0128,AUDUSD,5,2024-04-30 09:20:00,2024-04-30 11:00:00,197.05,1.97,0.02,0.65192,0.65287,0.65017,0.65292,LOSS,0.07,-2.0,-2.07,194.98,True
TR-AUDUSD-2024-04-30T153000-0129,AUDUSD,5,2024-04-30 15:30:00,2024-04-30 23:00:00,194.98,1.95,0.01,0.6515,0.65332,0.64802,0.64802,WIN,0.04,3.48,3.45,198.43,True
TR-AUDUSD-2024-05-01T031000-0130,AUDUSD,5,2024-05-01 03:10:00,2024-05-01 08:40:00,198.43,1.98,0.04,0.64748,0.64803,0.64653,0.64751,BREAKEVEN,0.14,-0.12,-0.26,198.17,True
TR-AUDUSD-2024-05-01T105000-0131,AUDUSD,2,2024-05-01 10:50:00,2024-05-01 15:10:00,198.17,1.98,0.02,0.64748,0.64844,0.64571,0.64849,LOSS,0.07,-2.02,-2.09,196.08,True
TR-AUDUSD-2024-05-02T030000-0132,AUDUSD,5,2024-05-02 03:00:00,2024-05-02 04:30:00,196.08,1.96,0.03,0.65286,0.65208,0.654,0.65203,LOSS,0.1,-2.49,-2.59,193.48,False
TR-AUDUSD-2024-05-02T104000-0133,AUDUSD,2,2024-05-02 10:40:00,2024-05-02 12:40:00,193.48,1.93,0.02,0.65438,0.6533,0.65615,0.65325,LOSS,0.07,-2.26,-2.33,191.15,True
TR-AUDUSD-2024-05-02T154000-0134,AUDUSD,5,2024-05-02 15:40:00,2024-05-02 16:50:00,191.15,1.91,0.02,0.65363,0.65247,0.6555,0.65242,LOSS,0.07,-2.42,-2.49,188.66,True
TR-AUDUSD-2024-05-03T035000-0135,AUDUSD,2,2024-05-03 03:50:00,2024-05-03 15:30:00,188.66,1.89,0.02,0.65724,0.65611,0.65902,0.65902,WIN,0.07,3.56,3.49,192.15,True
TR-AUDUSD-2024-05-03T154000-0136,AUDUSD,2,2024-05-03 15:40:00,2024-05-08 04:20:00,192.15,1.92,0.01,0.66125,0.6575,0.66833,0.65745,LOSS,0.04,-3.8,-3.83,188.32,True
TR-AUDUSD-2024-05-08T100000-0137,AUDUSD,5,2024-05-08 10:00:00,2024-05-08 15:20:00,188.32,1.88,0.02,0.65754,0.65841,0.65597,0.65597,WIN,0.07,3.16,3.09,191.41,True
TR-AUDUSD-2024-05-09T031000-0138,AUDUSD,5,2024-05-09 03:10:00,2024-05-09 06:20:00,191.41,1.91,0.03,0.6575,0.65817,0.6563,0.65822,LOSS,0.1,-2.17,-2.28,189.13,True
TR-AUDUSD-2024-05-09T100000-0139,AUDUSD,2,2024-05-09 10:00:00,2024-05-09 11:10:00,189.13,1.89,0.02,0.65668,0.65765,0.65488,0.6577,LOSS,0.07,-2.05,-2.12,187.01,True
TR-AUDUSD-2024-05-10T153000-0140,AUDUSD,2,2024-05-10 15:30:00,2024-05-10 16:50:00,187.01,1.87,0.05,0.66102,0.66046,0.66166,0.66166,WIN,0.18,3.2,3.02,190.03,True
TR-AUDUSD-2024-05-13T033000-0141,AUDUSD,2,2024-05-13 03:30:00,2024-05-13 04:50:00,190.03,1.9,0.03,0.65987,0.6605,0.65876,0.65876,WIN,0.1,3.33,3.22,193.26,True
TR-AUDUSD-2024-05-13T091000-0142,AUDUSD,5,2024-05-13 09:10:00,2024-05-13 10:30:00,193.26,1.93,0.03,0.65943,0.66012,0.6582,0.66017,LOSS,0.1,-2.22,-2.32,190.93,True
TR-AUDUSD-2024-05-13T150000-0143,AUDUSD,2,2024-05-13 15:00:00,2024-05-13 16:20:00,190.93,1.91,0.05,0.66193,0.66143,0.6625,0.6625,WIN,0.18,2.85,2.67,193.61,False
TR-AUDUSD-2024-05-14T151000-0144,AUDUSD,2,2024-05-14 15:10:00,2024-05-14 15:30:00,193.61,1.94,0.05,0.6613,0.66078,0.66197,0.66073,LOSS,0.18,-2.87,-3.05,190.56,True
TR-AUDUSD-2024-05-15T031000-0145,AUDUSD,2,2024-05-15 03:10:00,2024-05-15 06:00:00,190.56,1.91,0.03,0.6627,0.6618,0.66405,0.66405,WIN,0.1,4.05,3.94,194.5,True
TR-AUDUSD-2024-05-15T153000-0146,AUDUSD,2,2024-05-15 15:30:00,2024-05-15 15:40:00,194.5,1.95,0.04,0.6638,0.66321,0.66452,0.66452,WIN,0.14,2.88,2.74,197.24,True
TR-AUDUSD-2024-05-15T155000-0147,AUDUSD,2,2024-05-15 15:50:00,2024-05-16 15:40:00,197.24,1.97,0.01,0.6666,0.66296,0.67346,0.66657,BREAKEVEN,0.04,-0.03,-0.06,197.18,True
TR-AUDUSD-2024-05-17T105000-0148,AUDUSD,2,2024-05-17 10:50:00,2024-05-17 16:20:00,197.18,1.97,0.02,0.66678,0.66784,0.6648,0.6668,BREAKEVEN,0.07,-0.06,-0.13,197.05,True
TR-AUDUSD-2024-05-21T095000-0149,AUDUSD,5,2024-05-21 09:50:00,2024-05-21 10:20:00,197.05,1.97,0.03,0.66564,0.66639,0.66429,0.66644,LOSS,0.1,-2.4,-2.5,194.54,False
TR-AUDUSD-2024-05-22T040000-0150,AUDUSD,5,2024-05-22 04:00:00,2024-05-22 05:00:00,194.54,1.95,0.03,0.6667,0.66743,0.6654,0.66748,LOSS,0.1,-2.32,-2.43,192.11,True
TR-AUDUSD-2024-05-22T093000-0151,AUDUSD,2,2024-05-22 09:30:00,2024-05-22 17:30:00,192.11,1.92,0.02,0.66652,0.66775,0.66421,0.66421,WIN,0.07,4.62,4.55,196.66,True
TR-AUDUSD-2024-05-23T025000-0152,AUDUSD,5,2024-05-23 02:50:00,2024-05-23 06:10:00,196.66,1.97,0.04,0.66208,0.66269,0.66103,0.66274,LOSS,0.14,-2.62,-2.76,193.9,True
TR-AUDUSD-2024-05-23T094000-0153,AUDUSD,5,2024-05-23 09:40:00,2024-05-23 12:30:00,193.9,1.94,0.03,0.66237,0.6631,0.66106,0.66315,LOSS,0.1,-2.34,-2.44,191.46,True
TR-AUDUSD-2024-05-24T031000-0154,AUDUSD,5,2024-05-24 03:10:00,2024-05-24 11:40:00,191.46,1.91,0.02,0.66006,0.66089,0.65855,0.66094,LOSS,0.07,-1.76,-1.83,189.63,True
TR-AUDUSD-2024-05-27T101000-0155,AUDUSD,2,2024-05-27 10:10:00,2024-05-27 13:00:00,189.63,1.9,0.05,0.66382,0.6633,0.66442,0.66442,WIN,0.18,3.0,2.83,192.45,False
TR-AUDUSD-2024-05-27T153000-0156,AUDUSD,2,2024-05-27 15:30:00,2024-05-28 04:50:00,192.45,1.92,0.03,0.66471,0.66379,0.66607,0.66607,WIN,0.1,4.08,3.98,196.43,True
TR-AUDUSD-2024-05-29T031000-0157,AUDUSD,5,2024-05-29 03:10:00,2024-05-29 04:20:00,196.43,1.96,0.04,0.66455,0.66515,0.66351,0.6652,LOSS,0.14,-2.58,-2.72,193.71,True
TR-AUDUSD-2024-05-30T031000-0158,AUDUSD,2,2024-05-30 03:10:00,2024-05-30 04:10:00,193.71,1.94,0.05,0.66131,0.66175,0.66058,0.66134,BREAKEVEN,0.18,-0.15,-0.32,193.38,True
TR-AUDUSD-2024-05-31T031000-0159,AUDUSD,2,2024-05-31 03:10:00,2024-05-31 04:30:00,193.38,1.93,0.03,0.66317,0.66245,0.66422,0.66314,BREAKEVEN,0.1,-0.09,-0.19,193.19,True
TR-AUDUSD-2024-05-31T094000-0160,AUDUSD,2,2024-05-31 09:40:00,2024-05-31 10:40:00,193.19,1.93,0.03,0.66395,0.66317,0.66506,0.66312,LOSS,0.1,-2.49,-2.59,190.59,True
TR-AUDUSD-2024-05-31T154000-0161,AUDUSD,2,2024-05-31 15:40:00,2024-05-31 17:30:00,190.59,1.91,0.02,0.66574,0.66437,0.6681,0.66572,BREAKEVEN,0.07,-0.06,-0.13,190.46,True
TR-AUDUSD-2024-06-03T032000-0162,AUDUSD,2,2024-06-03 03:20:00,2024-06-03 07:00:00,190.46,1.9,0.02,0.66593,0.6647,0.66791,0.66465,LOSS,0.07,-2.56,-2.63,187.83,True
TR-AUDUSD-2024-06-03T152000-0163,AUDUSD,2,2024-06-03 15:20:00,2024-06-03 15:40:00,187.83,1.88,0.05,0.66579,0.66523,0.66643,0.66643,WIN,0.18,3.2,3.02,190.86,False
TR-AUDUSD-2024-06-05T030000-0164,AUDUSD,5,2024-06-05 03:00:00,2024-06-05 03:40:00,190.86,1.91,0.03,0.66434,0.66512,0.66294,0.66517,LOSS,0.1,-2.47,-2.58,188.28,True
TR-AUDUSD-2024-06-06T035000-0165,AUDUSD,5,2024-06-06 03:50:00,2024-06-06 04:30:00,188.28,1.88,0.02,0.66628,0.66536,0.66774,0.66774,WIN,0.07,2.92,2.85,191.13,True
TR-AUDUSD-2024-06-06T100000-0166,AUDUSD,2,2024-06-06 10:00:00,2024-06-06 11:00:00,191.13,1.91,0.02,0.66591,0.66496,0.66737,0.66491,LOSS,0.07,-2.01,-2.08,189.05,True
TR-AUDUSD-2024-06-06T155000-0167,AUDUSD,6,2024-06-06 15:50:00,2024-06-06 18:10:00,189.05,1.89,0.02,0.66454,0.66574,0.66228,0.66579,LOSS,0.07,-2.51,-2.58,186.47,True
TR-AUDUSD-2024-06-07T155000-0168,AUDUSD,2,2024-06-07 15:50:00,2024-06-12 15:30:00,186.47,1.86,0.01,0.66368,0.66707,0.65705,0.66371,BREAKEVEN,0.04,-0.03,-0.06,186.4,True
TR-AUDUSD-2024-06-12T154000-0169,AUDUSD,2,2024-06-12 15:40:00,2024-06-13 08:20:00,186.4,1.86,0.01,0.66458,0.66028,0.67276,0.66455,BREAKEVEN,0.04,-0.03,-0.06,186.34,True
TR-AUDUSD-2024-06-13T153000-0170,AUDUSD,2,2024-06-13 15:30:00,2024-06-13 15:40:00,186.34,1.86,0.04,0.66452,0.6639,0.66526,0.66526,WIN,0.14,2.96,2.82,189.16,True
TR-AUDUSD-2024-06-14T031000-0171,AUDUSD,5,2024-06-14 03:10:00,2024-06-14 06:10:00,189.16,1.89,0.02,0.66276,0.66379,0.66085,0.66384,LOSS,0.07,-2.16,-2.23,186.93,True
TR-AUDUSD-2024-06-14T091000-0172,AUDUSD,5,2024-06-14 09:10:00,2024-06-14 16:30:00,186.93,1.87,0.01,0.66229,0.66365,0.65972,0.65972,WIN,0.04,2.57,2.53,189.46,True
TR-AUDUSD-2024-06-17T040000-0173,AUDUSD,5,2024-06-17 04:00:00,2024-06-17 09:10:00,189.46,1.89,0.02,0.6611,0.66211,0.65924,0.65924,WIN,0.07,3.72,3.65,193.11,True
TR-AUDUSD-2024-06-17T150000-0174,AUDUSD,2,2024-06-17 15:00:00,2024-06-17 19:30:00,193.11,1.93,0.02,0.65942,0.66063,0.65714,0.66068,LOSS,0.07,-2.53,-2.6,190.51,True
TR-AUDUSD-2024-06-18T030000-0175,AUDUSD,2,2024-06-18 03:00:00,2024-06-18 04:30:00,190.51,1.91,0.05,0.66186,0.66135,0.66247,0.6613,LOSS,0.18,-2.77,-2.95,187.56,True
TR-AUDUSD-2024-06-18T153000-0176,AUDUSD,2,2024-06-18 15:30:00,2024-06-18 15:40:00,187.56,1.88,0.04,0.66138,0.66078,0.66211,0.66211,WIN,0.14,2.96,2.82,190.38,True
TR-AUDUSD-2024-06-19T042000-0177,AUDUSD,2,2024-06-19 04:20:00,2024-06-19 15:10:00,190.38,1.9,0.03,0.66653,0.66568,0.66783,0.6665,BREAKEVEN,0.1,-0.09,-0.19,190.19,True
TR-AUDUSD-2024-06-20T035000-0178,AUDUSD,2,2024-06-20 03:50:00,2024-06-20 09:10:00,190.19,1.9,0.03,0.66736,0.66659,0.66849,0.66654,LOSS,0.1,-2.47,-2.58,187.61,True
TR-AUDUSD-2024-06-20T103000-0179,AUDUSD,5,2024-06-20 10:30:00,2024-06-20 16:00:00,187.61,1.88,0.02,0.66732,0.66627,0.66902,0.66622,LOSS,0.07,-2.19,-2.26,185.35,True
TR-AUDUSD-2024-06-21T035000-0180,AUDUSD,6,2024-06-21 03:50:00,2024-06-21 06:30:00,185.35,1.85,0.03,0.66582,0.66644,0.66475,0.66649,LOSS,0.1,-1.99,-2.1,183.25,True
TR-AUDUSD-2024-06-21T103000-0181,AUDUSD,5,2024-06-21 10:30:00,2024-06-21 15:00:00,183.25,1.83,0.02,0.6655,0.66659,0.66346,0.66664,LOSS,0.07,-2.29,-2.36,180.89,True
TR-AUDUSD-2024-06-24T041000-0182,AUDUSD,5,2024-06-24 04:10:00,2024-06-24 09:10:00,180.89,1.81,0.02,0.66351,0.66434,0.662,0.66439,LOSS,0.07,-1.76,-1.83,179.06,True
TR-AUDUSD-2024-06-24T150000-0183,AUDUSD,5,2024-06-24 15:00:00,2024-06-24 16:20:00,179.06,1.79,0.03,0.66428,0.66496,0.66306,0.66501,LOSS,0.1,-2.2,-2.31,176.75,True
TR-AUDUSD-2024-06-25T100000-0184,AUDUSD,2,2024-06-25 10:00:00,2024-06-25 12:20:00,176.75,1.77,0.03,0.66672,0.66591,0.66787,0.66586,LOSS,0.1,-2.57,-2.67,174.08,True
TR-AUDUSD-2024-06-26T031000-0185,AUDUSD,5,2024-06-26 03:10:00,2024-06-26 04:30:00,174.08,1.74,0.02,0.66406,0.66488,0.66257,0.66493,LOSS,0.07,-1.74,-1.81,172.27,True
TR-AUDUSD-2024-06-27T034000-0186,AUDUSD,5,2024-06-27 03:40:00,2024-06-27 05:00:00,172.27,1.72,0.03,0.66432,0.66502,0.66306,0.66507,LOSS,0.1,-2.26,-2.37,169.9,True
TR-AUDUSD-2024-06-27T155000-0187,AUDUSD,2,2024-06-27 15:50:00,2024-06-27 17:20:00,169.9,1.7,0.04,0.66652,0.66591,0.66726,0.66586,LOSS,0.14,-2.64,-2.78,167.12,True
TR-AUDUSD-2024-06-28T032000-0188,AUDUSD,6,2024-06-28 03:20:00,2024-06-28 04:10:00,167.12,1.67,0.03,0.66475,0.66535,0.6637,0.6637,WIN,0.1,3.15,3.05,170.17,True
TR-AUDUSD-2024-06-28T042000-0189,AUDUSD,5,2024-06-28 04:20:00,2024-06-28 12:40:00,170.17,1.7,0.01,0.66305,0.66494,0.65942,0.66499,LOSS,0.04,-1.94,-1.97,168.19,True
TR-AUDUSD-2024-06-28T154000-0190,AUDUSD,2,2024-06-28 15:40:00,2024-06-28 20:20:00,168.19,1.68,0.02,0.66615,0.66492,0.6681,0.6681,WIN,0.07,3.9,3.83,172.02,True
TR-AUDUSD-2024-07-01T041000-0191,AUDUSD,2,2024-07-01 04:10:00,2024-07-01 11:20:00,172.02,1.72,0.03,0.66709,0.66633,0.66819,0.66819,WIN,0.1,3.3,3.19,175.21,True
TR-AUDUSD-2024-07-02T042000-0192,AUDUSD,5,2024-07-02 04:20:00,2024-07-02 08:40:00,175.21,1.75,0.03,0.66461,0.66532,0.66334,0.66464,BREAKEVEN,0.1,-0.09,-0.19,175.02,True
TR-AUDUSD-2024-07-02T094000-0193,AUDUSD,5,2024-07-02 09:40:00,2024-07-02 10:50:00,175.02,1.75,0.03,0.66408,0.6647,0.66301,0.66475,LOSS,0.1,-1.99,-2.1,172.92,True
TR-AUDUSD-2024-07-03T102000-0194,AUDUSD,2,2024-07-03 10:20:00,2024-07-03 13:10:00,172.92,1.73,0.02,0.66813,0.6671,0.66976,0.66705,LOSS,0.07,-2.15,-2.22,170.7,True
TR-AUDUSD-2024-07-03T154000-0195,AUDUSD,2,2024-07-03 15:40:00,2024-07-03 17:00:00,170.7,1.71,0.02,0.66794,0.66674,0.66994,0.66994,WIN,0.07,4.0,3.93,174.63,True
TR-AUDUSD-2024-07-04T030000-0196,AUDUSD,5,2024-07-04 03:00:00,2024-07-04 11:10:00,174.63,1.75,0.03,0.67114,0.67046,0.67206,0.67206,WIN,0.1,2.76,2.65,177.28,True
TR-AUDUSD-2024-07-05T031000-0197,AUDUSD,2,2024-07-05 03:10:00,2024-07-05 08:30:00,177.28,1.77,0.03,0.67289,0.67204,0.67415,0.67286,BREAKEVEN,0.1,-0.09,-0.19,177.09,True
TR-AUDUSD-2024-07-05T152000-0198,AUDUSD,2,2024-07-05 15:20:00,2024-07-05 15:30:00,177.09,1.77,0.03,0.67352,0.67277,0.67463,0.67349,BREAKEVEN,0.1,-0.09,-0.19,176.89,False
TR-AUDUSD-2024-07-08T151000-0199,AUDUSD,2,2024-07-08 15:10:00,2024-07-08 21:40:00,176.89,1.77,0.03,0.67428,0.67358,0.67533,0.67353,LOSS,0.1,-2.26,-2.37,174.52,True
TR-AUDUSD-2024-07-09T100000-0200,AUDUSD,5,2024-07-09 10:00:00,2024-07-09 12:00:00,174.52,1.75,0.03,0.6744,0.6737,0.67539,0.67365,LOSS,0.1,-2.23,-2.34,172.18,True
TR-AUDUSD-2024-07-10T030000-0201,AUDUSD,2,2024-07-10 03:00:00,2024-07-10 04:00:00,172.18,1.72,0.05,0.67432,0.67383,0.6749,0.67378,LOSS,0.18,-2.67,-2.85,169.34,True
TR-AUDUSD-2024-07-10T102000-0202,AUDUSD,2,2024-07-10 10:20:00,2024-07-10 10:50:00,169.34,1.69,0.05,0.67475,0.67426,0.67534,0.67421,LOSS,0.18,-2.7,-2.87,166.46,True
TR-AUDUSD-2024-07-11T030000-0203,AUDUSD,2,2024-07-11 03:00:00,2024-07-11 05:00:00,166.46,1.66,0.05,0.6751,0.67461,0.67568,0.67568,WIN,0.18,2.85,2.67,169.14,True
TR-AUDUSD-2024-07-11T153000-0204,AUDUSD,2,2024-07-11 15:30:00,2024-07-11 15:40:00,169.14,1.69,0.04,0.67536,0.67481,0.67596,0.67596,WIN,0.14,2.44,2.3,171.44,True
TR-AUDUSD-2024-07-11T155000-0205,AUDUSD,2,2024-07-11 15:50:00,2024-07-16 04:20:00,171.44,1.71,0.01,0.67936,0.67481,0.68801,0.67476,LOSS,0.04,-4.6,-4.63,166.8,True
TR-AUDUSD-2024-07-16T153000-0206,AUDUSD,5,2024-07-16 15:30:00,2024-07-16 21:40:00,166.8,1.67,0.01,0.67332,0.67477,0.67056,0.67334,BREAKEVEN,0.04,-0.03,-0.06,166.74,True
TR-AUDUSD-2024-07-17T101000-0207,AUDUSD,5,2024-07-17 10:10:00,2024-07-17 10:40:00,166.74,1.67,0.03,0.67333,0.67399,0.67216,0.67404,LOSS,0.1,-2.13,-2.23,164.5,True
TR-AUDUSD-2024-07-18T031000-0208,AUDUSD,6,2024-07-18 03:10:00,2024-07-18 04:30:00,164.5,1.65,0.02,0.67265,0.67341,0.67128,0.67268,BREAKEVEN,0.07,-0.06,-0.13,164.37,True
TR-AUDUSD-2024-07-18T153000-0209,AUDUSD,2,2024-07-18 15:30:00,2024-07-18 17:50:00,164.37,1.64,0.04,0.67344,0.67292,0.67404,0.67287,LOSS,0.14,-2.3,-2.44,161.93,True
TR-AUDUSD-2024-07-19T030000-0210,AUDUSD,5,2024-07-19 03:00:00,2024-07-19 13:00:00,161.93,1.62,0.02,0.67035,0.6711,0.669,0.669,WIN,0.07,2.7,2.63,164.56,True
TR-AUDUSD-2024-07-22T150000-0211,AUDUSD,6,2024-07-22 15:00:00,2024-07-22 16:30:00,164.56,1.65,0.02,0.6657,0.66658,0.66408,0.66408,WIN,0.07,3.24,3.17,167.73,True
TR-AUDUSD-2024-07-23T033000-0212,AUDUSD,6,2024-07-23 03:30:00,2024-07-23 09:50:00,167.73,1.68,0.02,0.66402,0.66474,0.66272,0.66272,WIN,0.07,2.6,2.53,170.26,True
TR-AUDUSD-2024-07-23T153000-0213,AUDUSD,5,2024-07-23 15:30:00,2024-07-24 03:20:00,170.26,1.7,0.03,0.66217,0.66279,0.66108,0.66108,WIN,0.1,3.27,3.16,173.43,False
TR-AUDUSD-2024-07-24T154000-0214,AUDUSD,5,2024-07-24 15:40:00,2024-07-24 16:00:00,173.43,1.73,0.02,0.6598,0.6607,0.65814,0.66075,LOSS,0.07,-1.91,-1.98,171.45,True
TR-AUDUSD-2024-07-25T150000-0215,AUDUSD,2,2024-07-25 15:00:00,2024-07-25 15:30:00,171.45,1.71,0.03,0.65209,0.65279,0.65084,0.65212,BREAKEVEN,0.1,-0.09,-0.19,171.25,True
TR-AUDUSD-2024-07-26T154000-0216,AUDUSD,5,2024-07-26 15:40:00,2024-07-29 00:00:00,171.25,1.71,0.02,0.65598,0.65473,0.65801,0.65468,LOSS,0.07,-2.61,-2.68,168.57,True
TR-AUDUSD-2024-07-29T102000-0217,AUDUSD,2,2024-07-29 10:20:00,2024-07-29 17:30:00,168.57,1.69,0.02,0.6551,0.65604,0.65337,0.65337,WIN,0.07,3.46,3.39,171.96,True
TR-AUDUSD-2024-07-30T043000-0218,AUDUSD,5,2024-07-30 04:30:00,2024-07-30 05:20:00,171.96,1.72,0.02,0.65441,0.65519,0.653,0.65444,BREAKEVEN,0.07,-0.06,-0.13,171.83,True
TR-AUDUSD-2024-07-30T100000-0219,AUDUSD,2,2024-07-30 10:00:00,2024-07-30 12:00:00,171.83,1.72,0.03,0.65576,0.65495,0.65695,0.6549,LOSS,0.1,-2.57,-2.67,169.16,True
TR-AUDUSD-2024-07-30T150000-0220,AUDUSD,5,2024-07-30 15:00:00,2024-07-30 17:00:00,169.16,1.69,0.03,0.6537,0.65429,0.65266,0.65372,BREAKEVEN,0.1,-0.09,-0.19,168.97,True
TR-AUDUSD-2024-07-31T031000-0221,AUDUSD,5,2024-07-31 03:10:00,2024-07-31 04:30:00,168.97,1.69,0.02,0.65389,0.65469,0.65243,0.65243,WIN,0.07,2.92,2.85,171.82,True
TR-AUDUSD-2024-07-31T044000-0222,AUDUSD,2,2024-07-31 04:40:00,2024-07-31 15:20:00,171.82,1.72,0.01,0.65142,0.65405,0.64631,0.65145,BREAKEVEN,0.04,-0.03,-0.06,171.75,True
TR-AUDUSD-2024-08-01T152000-0223,AUDUSD,5,2024-08-01 15:20:00,2024-08-01 16:10:00,171.75,1.72,0.02,0.65401,0.653,0.65555,0.65398,BREAKEVEN,0.07,-0.06,-0.13,171.62,True
TR-AUDUSD-2024-08-02T030000-0224,AUDUSD,5,2024-08-02 03:00:00,2024-08-02 04:40:00,171.62,1.72,0.02,0.6495,0.65039,0.64787,0.65044,LOSS,0.07,-1.88,-1.95,169.67,True
TR-AUDUSD-2024-08-02T102000-0225,AUDUSD,2,2024-08-02 10:20:00,2024-08-02 15:30:00,169.67,1.7,0.02,0.65142,0.65258,0.64925,0.65263,LOSS,0.07,-2.42,-2.49,167.18,True
TR-AUDUSD-2024-08-02T154000-0226,AUDUSD,2,2024-08-02 15:40:00,2024-08-02 16:20:00,167.18,1.67,0.01,0.65099,0.65433,0.64446,0.65438,LOSS,0.04,-3.39,-3.42,163.76,True
TR-AUDUSD-2024-08-05T032000-0227,AUDUSD,2,2024-08-05 03:20:00,2024-08-05 05:30:00,163.76,1.64,0.02,0.64933,0.65041,0.64732,0.65046,LOSS,0.07,-2.26,-2.33,161.43,True
TR-AUDUSD-2024-08-05T150000-0228,AUDUSD,2,2024-08-05 15:00:00,2024-08-05 15:20:00,161.43,1.61,0.02,0.64442,0.6452,0.643,0.64525,LOSS,0.07,-1.67,-1.74,159.69,True
TR-AUDUSD-2024-08-06T031000-0229,AUDUSD,2,2024-08-06 03:10:00,2024-08-06 04:30:00,159.69,1.6,0.01,0.65231,0.65096,0.6546,0.65228,BREAKEVEN,0.04,-0.03,-0.06,159.62,True
TR-AUDUSD-2024-08-06T153000-0230,AUDUSD,2,2024-08-06 15:30:00,2024-08-06 16:40:00,159.62,1.6,0.01,0.64782,0.64896,0.64568,0.64901,LOSS,0.04,-1.19,-1.23,158.39,True
TR-AUDUSD-2024-08-07T031000-0231,AUDUSD,2,2024-08-07 03:10:00,2024-08-07 04:00:00,158.39,1.58,0.01,0.65185,0.65063,0.6539,0.6539,WIN,0.04,2.05,2.01,160.41,True
TR-AUDUSD-2024-08-08T153000-0232,AUDUSD,2,2024-08-08 15:30:00,2024-08-08 15:50:00,160.41,1.6,0.04,0.65537,0.65482,0.65599,0.65477,LOSS,0.14,-2.4,-2.54,157.87,True
TR-AUDUSD-2024-08-09T085000-0233,AUDUSD,5,2024-08-09 08:50:00,2024-08-09 12:30:00,157.87,1.58,0.02,0.65962,0.65867,0.66105,0.65862,LOSS,0.07,-2.01,-2.08,155.79,True
TR-AUDUSD-2024-08-12T104000-0234,AUDUSD,2,2024-08-12 10:40:00,2024-08-12 11:00:00,155.79,1.56,0.02,0.65867,0.65777,0.66005,0.66005,WIN,0.07,2.76,2.69,158.48,True
TR-AUDUSD-2024-08-13T042000-0235,AUDUSD,5,2024-08-13 04:20:00,2024-08-13 11:00:00,158.48,1.58,0.02,0.65882,0.65769,0.66064,0.66064,WIN,0.07,3.66,3.59,162.07,True
TR-AUDUSD-2024-08-13T154000-0236,AUDUSD,5,2024-08-13 15:40:00,2024-08-13 19:50:00,162.07,1.62,0.01,0.66,0.65876,0.66204,0.66204,WIN,0.04,2.04,2.0,164.07,True
TR-AUDUSD-2024-08-14T030000-0237,AUDUSD,5,2024-08-14 03:00:00,2024-08-14 05:00:00,164.07,1.64,0.03,0.66366,0.66301,0.6646,0.66296,LOSS,0.1,-2.1,-2.21,161.87,True
TR-AUDUSD-2024-08-14T084000-0238,AUDUSD,5,2024-08-14 08:40:00,2024-08-14 10:20:00,161.87,1.62,0.03,0.6628,0.66202,0.66396,0.66396,WIN,0.1,3.48,3.38,165.24,True
TR-AUDUSD-2024-08-15T023000-0239,AUDUSD,5,2024-08-15 02:30:00,2024-08-15 04:20:00,165.24,1.65,0.02,0.65958,0.66038,0.65814,0.65814,WIN,0.07,2.88,2.81,168.05,True
TR-AUDUSD-2024-08-16T082000-0240,AUDUSD,5,2024-08-16 08:20:00,2024-08-16 14:10:00,168.05,1.68,0.02,0.66305,0.66206,0.66458,0.66302,BREAKEVEN,0.07,-0.06,-0.13,167.92,True
TR-AUDUSD-2024-08-16T150000-0241,AUDUSD,5,2024-08-16 15:00:00,2024-08-16 18:40:00,167.92,1.68,0.03,0.66317,0.66242,0.66422,0.66422,WIN,0.1,3.15,3.04,170.97,True
TR-AUDUSD-2024-08-19T033000-0242,AUDUSD,5,2024-08-19 03:30:00,2024-08-19 14:50:00,170.97,1.71,0.02,0.66782,0.6668,0.66942,0.66942,WIN,0.07,3.22,3.15,174.12,True
TR-AUDUSD-2024-08-20T152000-0243,AUDUSD,2,2024-08-20 15:20:00,2024-08-20 17:30:00,174.12,1.74,0.04,0.67367,0.6731,0.67436,0.67436,WIN,0.14,2.76,2.62,176.74,True
TR-AUDUSD-2024-08-21T030000-0244,AUDUSD,2,2024-08-21 03:00:00,2024-08-21 05:50:00,176.74,1.77,0.05,0.67472,0.67422,0.67535,0.67417,LOSS,0.18,-2.77,-2.95,173.79,True
TR-AUDUSD-2024-08-21T152000-0245,AUDUSD,2,2024-08-21 15:20:00,2024-08-21 17:00:00,173.79,1.74,0.03,0.67412,0.67338,0.67516,0.67333,LOSS,0.1,-2.35,-2.46,171.33,True
TR-AUDUSD-2024-08-22T153000-0246,AUDUSD,5,2024-08-22 15:30:00,2024-08-22 16:00:00,171.33,1.71,0.02,0.67252,0.67341,0.67089,0.67346,LOSS,0.07,-1.88,-1.95,169.38,True
TR-AUDUSD-2024-08-26T032000-0247,AUDUSD,2,2024-08-26 03:20:00,2024-08-26 06:30:00,169.38,1.69,0.02,0.67909,0.67825,0.68038,0.6782,LOSS,0.07,-1.78,-1.85,167.53,True
TR-AUDUSD-2024-08-27T043000-0248,AUDUSD,2,2024-08-27 04:30:00,2024-08-27 11:00:00,167.53,1.68,0.01,0.6772,0.67591,0.67932,0.67716,BREAKEVEN,0.04,-0.03,-0.06,167.46,True
TR-AUDUSD-2024-08-28T033000-0249,AUDUSD,2,2024-08-28 03:30:00,2024-08-28 04:30:00,167.46,1.67,0.02,0.67938,0.67831,0.68108,0.67935,BREAKEVEN,0.07,-0.06,-0.13,167.33,True
TR-AUDUSD-2024-08-28T101000-0250,AUDUSD,2,2024-08-28 10:10:00,2024-08-28 13:40:00,167.33,1.67,0.04,0.67941,0.67883,0.68012,0.67878,LOSS,0.14,-2.52,-2.66,164.67,True
TR-AUDUSD-2024-08-30T102000-0251,AUDUSD,2,2024-08-30 10:20:00,2024-08-30 14:20:00,164.67,1.65,0.02,0.68069,0.67971,0.68223,0.67966,LOSS,0.07,-2.06,-2.13,162.54,True
TR-AUDUSD-2024-09-02T025000-0252,AUDUSD,5,2024-09-02 02:50:00,2024-09-02 03:30:00,162.54,1.63,0.03,0.67681,0.67747,0.67564,0.67752,LOSS,0.1,-2.13,-2.23,160.31,True
TR-AUDUSD-2024-09-02T090000-0253,AUDUSD,2,2024-09-02 09:00:00,2024-09-02 09:20:00,160.31,1.6,0.02,0.67674,0.67755,0.67526,0.6776,LOSS,0.07,-1.73,-1.8,158.51,True
TR-AUDUSD-2024-09-05T100000-0254,AUDUSD,5,2024-09-05 10:00:00,2024-09-05 11:30:00,158.51,1.59,0.02,0.67194,0.67277,0.67044,0.67282,LOSS,0.07,-1.75,-1.82,156.69,True
TR-AUDUSD-2024-09-05T152000-0255,AUDUSD,2,2024-09-05 15:20:00,2024-09-05 17:50:00,156.69,1.57,0.02,0.67284,0.67194,0.67422,0.67281,BREAKEVEN,0.07,-0.06,-0.13,156.56,True
TR-AUDUSD-2024-09-06T031000-0256,AUDUSD,6,2024-09-06 03:10:00,2024-09-06 04:10:00,156.56,1.57,0.04,0.67407,0.67351,0.67478,0.67346,LOSS,0.14,-2.46,-2.6,153.96,True
TR-AUDUSD-2024-09-06T095000-0257,AUDUSD,2,2024-09-06 09:50:00,2024-09-06 15:30:00,153.96,1.54,0.02,0.67331,0.67231,0.67493,0.67328,BREAKEVEN,0.07,-0.06,-0.13,153.83,True
TR-AUDUSD-2024-09-06T154000-0258,AUDUSD,2,2024-09-06 15:40:00,2024-09-06 16:50:00,153.83,1.54,0.01,0.67452,0.67158,0.68001,0.67153,LOSS,0.04,-2.99,-3.02,150.8,True
TR-AUDUSD-2024-09-09T034000-0259,AUDUSD,5,2024-09-09 03:40:00,2024-09-09 04:10:00,150.8,1.51,0.02,0.66713,0.66782,0.6659,0.66787,LOSS,0.07,-1.48,-1.55,149.25,True
TR-AUDUSD-2024-09-11T031000-0260,AUDUSD,2,2024-09-11 03:10:00,2024-09-11 04:50:00,149.25,1.49,0.02,0.66498,0.6658,0.66351,0.66585,LOSS,0.07,-1.73,-1.8,147.45,True
TR-AUDUSD-2024-09-12T031000-0261,AUDUSD,2,2024-09-12 03:10:00,2024-09-12 04:00:00,147.45,1.47,0.04,0.6675,0.66699,0.66811,0.66748,BREAKEVEN,0.14,-0.12,-0.26,147.19,True
TR-AUDUSD-2024-09-12T103000-0262,AUDUSD,5,2024-09-12 10:30:00,2024-09-12 11:00:00,147.19,1.47,0.02,0.66866,0.6678,0.66994,0.66775,LOSS,0.07,-1.83,-1.9,145.29,True
TR-AUDUSD-2024-09-12T154000-0263,AUDUSD,2,2024-09-12 15:40:00,2024-09-12 16:00:00,145.29,1.45,0.03,0.6679,0.66723,0.66878,0.66786,BREAKEVEN,0.1,-0.09,-0.19,145.1,True
TR-AUDUSD-2024-09-16T030000-0264,AUDUSD,5,2024-09-16 03:00:00,2024-09-16 06:40:00,145.1,1.45,0.02,0.67128,0.67055,0.67239,0.67239,WIN,0.07,2.22,2.15,147.25,True
TR-AUDUSD-2024-09-17T100000-0265,AUDUSD,2,2024-09-17 10:00:00,2024-09-17 13:40:00,147.25,1.47,0.04,0.67628,0.67574,0.677,0.67569,LOSS,0.14,-2.36,-2.5,144.75,True
TR-AUDUSD-2024-09-17T150000-0266,AUDUSD,2,2024-09-17 15:00:00,2024-09-17 15:40:00,144.75,1.45,0.02,0.67623,0.67522,0.67787,0.67517,LOSS,0.07,-2.13,-2.2,142.55,True
TR-AUDUSD-2024-09-18T032000-0267,AUDUSD,2,2024-09-18 03:20:00,2024-09-18 04:00:00,142.55,1.43,0.04,0.67614,0.67562,0.67672,0.67672,WIN,0.14,2.32,2.18,144.73,True
TR-AUDUSD-2024-09-18T090000-0268,AUDUSD,5,2024-09-18 09:00:00,2024-09-18 10:10:00,144.73,1.45,0.02,0.67572,0.6748,0.67715,0.67715,WIN,0.07,2.88,2.81,147.54,True
TR-AUDUSD-2024-09-19T030000-0269,AUDUSD,5,2024-09-19 03:00:00,2024-09-19 03:50:00,147.54,1.48,0.01,0.67636,0.67523,0.67821,0.67518,LOSS,0.04,-1.17,-1.21,146.33,True
TR-AUDUSD-2024-09-19T105000-0270,AUDUSD,2,2024-09-19 10:50:00,2024-09-19 12:20:00,146.33,1.46,0.02,0.68216,0.68139,0.68318,0.68318,WIN,0.07,2.04,1.97,148.3,True
TR-AUDUSD-2024-09-20T151000-0271,AUDUSD,2,2024-09-20 15:10:00,2024-09-20 16:50:00,148.3,1.48,0.02,0.68112,0.68004,0.68284,0.67999,LOSS,0.07,-2.27,-2.34,145.96,True
TR-AUDUSD-2024-09-23T030000-0272,AUDUSD,2,2024-09-23 03:00:00,2024-09-23 04:20:00,145.96,1.46,0.04,0.68106,0.68053,0.68171,0.68171,WIN,0.14,2.64,2.5,148.46,True
TR-AUDUSD-2024-09-23T155000-0273,AUDUSD,5,2024-09-23 15:50:00,2024-09-24 00:10:00,148.46,1.48,0.01,0.68345,0.68207,0.68582,0.68342,BREAKEVEN,0.04,-0.03,-0.06,148.39,False
TR-AUDUSD-2024-09-24T151000-0274,AUDUSD,2,2024-09-24 15:10:00,2024-09-24 16:30:00,148.39,1.48,0.02,0.68537,0.68432,0.68702,0.68702,WIN,0.07,3.3,3.23,151.62,True
TR-AUDUSD-2024-09-25T080000-0275,AUDUSD,5,2024-09-25 08:00:00,2024-09-25 08:50:00,151.62,1.52,0.02,0.68869,0.68786,0.68986,0.68781,LOSS,0.07,-1.75,-1.82,149.8,True
TR-AUDUSD-2024-09-27T100000-0276,AUDUSD,2,2024-09-27 10:00:00,2024-09-27 15:30:00,149.8,1.5,0.02,0.68812,0.68697,0.68992,0.68992,WIN,0.07,3.62,3.55,153.35,True
TR-AUDUSD-2024-09-27T154000-0277,AUDUSD,2,2024-09-27 15:40:00,2024-09-27 17:20:00,153.35,1.53,0.01,0.69054,0.68903,0.69314,0.69314,WIN,0.04,2.6,2.57,155.92,True
TR-AUDUSD-2024-09-30T031000-0278,AUDUSD,2,2024-09-30 03:10:00,2024-09-30 11:30:00,155.92,1.56,0.02,0.69223,0.69111,0.69408,0.6922,BREAKEVEN,0.07,-0.06,-0.13,155.79,True
TR-AUDUSD-2024-10-01T044000-0279,AUDUSD,5,2024-10-01 04:40:00,2024-10-01 05:40:00,155.79,1.56,0.02,0.692,0.69092,0.69374,0.69197,BREAKEVEN,0.07,-0.06,-0.13,155.66,True
TR-AUDUSD-2024-10-02T080000-0280,AUDUSD,5,2024-10-02 08:00:00,2024-10-03 08:20:00,155.66,1.56,0.01,0.6891,0.69079,0.68587,0.68587,WIN,0.04,3.23,3.2,158.85,False
TR-AUDUSD-2024-10-03T103000-0281,AUDUSD,5,2024-10-03 10:30:00,2024-10-03 12:00:00,158.85,1.59,0.02,0.68668,0.68765,0.68488,0.68488,WIN,0.07,3.6,3.53,162.38,True
TR-AUDUSD-2024-10-03T151000-0282,AUDUSD,2,2024-10-03 15:10:00,2024-10-03 16:20:00,162.38,1.62,0.02,0.68476,0.68559,0.68324,0.68478,BREAKEVEN,0.07,-0.06,-0.13,162.25,True
TR-AUDUSD-2024-10-04T100000-0283,AUDUSD,5,2024-10-04 10:00:00,2024-10-04 15:30:00,162.25,1.62,0.02,0.68416,0.68496,0.68272,0.6842,BREAKEVEN,0.07,-0.06,-0.13,162.12,True
TR-AUDUSD-2024-10-07T102000-0284,AUDUSD,2,2024-10-07 10:20:00,2024-10-07 15:10:00,162.12,1.62,0.02,0.67965,0.68074,0.67762,0.67968,BREAKEVEN,0.07,-0.06,-0.13,161.99,True
TR-AUDUSD-2024-10-07T152000-0285,AUDUSD,2,2024-10-07 15:20:00,2024-10-07 17:30:00,161.99,1.62,0.02,0.67923,0.68017,0.6775,0.6775,WIN,0.07,3.46,3.39,165.38,True
TR-AUDUSD-2024-10-08T100000-0286,AUDUSD,5,2024-10-08 10:00:00,2024-10-08 10:50:00,165.38,1.65,0.02,0.67279,0.67356,0.6714,0.67361,LOSS,0.07,-1.64,-1.71,163.67,True
TR-AUDUSD-2024-10-09T030000-0287,AUDUSD,5,2024-10-09 03:00:00,2024-10-09 04:20:00,163.67,1.64,0.02,0.67381,0.67454,0.67249,0.67459,LOSS,0.07,-1.57,-1.64,162.03,True
TR-AUDUSD-2024-10-09T043000-0288,AUDUSD,5,2024-10-09 04:30:00,2024-10-09 08:10:00,162.03,1.62,0.01,0.6736,0.67485,0.67124,0.6749,LOSS,0.04,-1.3,-1.34,160.69,True
TR-AUDUSD-2024-10-09T101000-0289,AUDUSD,5,2024-10-09 10:10:00,2024-10-09 17:50:00,160.69,1.61,0.01,0.67323,0.6744,0.67104,0.67104,WIN,0.04,2.19,2.15,162.85,True
TR-AUDUSD-2024-10-10T032000-0290,AUDUSD,6,2024-10-10 03:20:00,2024-10-10 04:30:00,162.85,1.63,0.02,0.67157,0.67228,0.6703,0.67233,LOSS,0.07,-1.52,-1.59,161.26,True
TR-AUDUSD-2024-10-10T153000-0291,AUDUSD,5,2024-10-10 15:30:00,2024-10-10 23:10:00,161.26,1.61,0.01,0.67074,0.67412,0.66413,0.67417,LOSS,0.04,-3.43,-3.46,157.79,False
TR-AUDUSD-2024-10-11T033000-0292,AUDUSD,2,2024-10-11 03:30:00,2024-10-11 04:40:00,157.79,1.58,0.04,0.67435,0.67379,0.67508,0.67374,LOSS,0.14,-2.44,-2.58,155.21,True
TR-AUDUSD-2024-10-11T151000-0293,AUDUSD,2,2024-10-11 15:10:00,2024-10-11 15:30:00,155.21,1.55,0.02,0.67361,0.67266,0.67512,0.67358,BREAKEVEN,0.07,-0.06,-0.13,155.08,True
TR-AUDUSD-2024-10-14T103000-0294,AUDUSD,2,2024-10-14 10:30:00,2024-10-14 13:50:00,155.08,1.55,0.02,0.67334,0.67411,0.67196,0.67196,WIN,0.07,2.76,2.69,157.77,True
TR-AUDUSD-2024-10-14T152000-0295,AUDUSD,5,2024-10-14 15:20:00,2024-10-14 16:50:00,157.77,1.58,0.02,0.67135,0.67208,0.67004,0.67138,BREAKEVEN,0.07,-0.06,-0.13,157.64,True
TR-AUDUSD-2024-10-15T031000-0296,AUDUSD,2,2024-10-15 03:10:00,2024-10-15 04:40:00,157.64,1.58,0.03,0.67219,0.67287,0.67098,0.67292,LOSS,0.1,-2.19,-2.3,155.35,True
TR-AUDUSD-2024-10-15T102000-0297,AUDUSD,2,2024-10-15 10:20:00,2024-10-15 15:20:00,155.35,1.55,0.02,0.67106,0.67196,0.66942,0.67201,LOSS,0.07,-1.89,-1.96,153.39,True
TR-AUDUSD-2024-10-15T155000-0298,AUDUSD,2,2024-10-15 15:50:00,2024-10-15 16:20:00,153.39,1.53,0.02,0.67135,0.67225,0.6697,0.6723,LOSS,0.07,-1.9,-1.97,151.42,True
TR-AUDUSD-2024-10-16T154000-0299,AUDUSD,2,2024-10-16 15:40:00,2024-10-16 17:40:00,151.42,1.51,0.02,0.6683,0.66924,0.66656,0.66656,WIN,0.07,3.48,3.41,154.83,True
TR-AUDUSD-2024-10-17T020000-0300,AUDUSD,5,2024-10-17 02:00:00,2024-10-17 03:30:00,154.83,1.55,0.03,0.66624,0.66687,0.66513,0.66692,LOSS,0.1,-2.04,-2.14,152.68,True
TR-AUDUSD-2024-10-18T025000-0301,AUDUSD,5,2024-10-18 02:50:00,2024-10-18 05:00:00,152.68,1.53,0.03,0.66983,0.66916,0.67078,0.67078,WIN,0.1,2.85,2.74,155.43,False
TR-AUDUSD-2024-10-18T085000-0302,AUDUSD,2,2024-10-18 08:50:00,2024-10-18 10:40:00,155.43,1.55,0.02,0.67037,0.66959,0.67151,0.67151,WIN,0.07,2.28,2.21,157.64,True
TR-AUDUSD-2024-10-18T105000-0303,AUDUSD,2,2024-10-18 10:50:00,2024-10-18 13:20:00,157.64,1.58,0.03,0.67148,0.67073,0.67251,0.67068,LOSS,0.1,-2.41,-2.52,155.12,True
TR-AUDUSD-2024-10-21T044000-0304,AUDUSD,2,2024-10-21 04:40:00,2024-10-21 07:50:00,155.12,1.55,0.01,0.67194,0.67072,0.67396,0.67067,LOSS,0.04,-1.27,-1.3,153.81,True
TR-AUDUSD-2024-10-21T100000-0305,AUDUSD,2,2024-10-21 10:00:00,2024-10-21 10:20:00,153.81,1.54,0.02,0.66864,0.66943,0.66721,0.66948,LOSS,0.07,-1.68,-1.75,152.06,True
TR-AUDUSD-2024-10-21T103000-0306,AUDUSD,5,2024-10-21 10:30:00,2024-10-21 15:20:00,152.06,1.52,0.02,0.66889,0.66968,0.66746,0.66892,BREAKEVEN,0.07,-0.06,-0.13,151.93,True
TR-AUDUSD-2024-10-22T032000-0307,AUDUSD,6,2024-10-22 03:20:00,2024-10-22 04:10:00,151.93,1.52,0.03,0.66525,0.66589,0.66412,0.66594,LOSS,0.1,-2.07,-2.17,149.76,True
TR-AUDUSD-2024-10-22T151000-0308,AUDUSD,2,2024-10-22 15:10:00,2024-10-22 18:40:00,149.76,1.5,0.02,0.66874,0.668,0.66984,0.66795,LOSS,0.07,-1.57,-1.64,148.12,True
TR-AUDUSD-2024-10-23T033000-0309,AUDUSD,2,2024-10-23 03:30:00,2024-10-23 03:50:00,148.12,1.48,0.02,0.66856,0.66767,0.66995,0.66762,LOSS,0.07,-1.88,-1.95,146.17,True
TR-AUDUSD-2024-10-24T152000-0310,AUDUSD,1,2024-10-24 15:20:00,2024-10-24 15:30:00,146.17,1.46,0.04,0.66548,0.66497,0.66611,0.66492,LOSS,0.14,-2.24,-2.38,143.79,True
TR-AUDUSD-2024-10-25T031000-0311,AUDUSD,5,2024-10-25 03:10:00,2024-10-25 12:20:00,143.79,1.44,0.02,0.66316,0.66388,0.66189,0.6632,BREAKEVEN,0.07,-0.06,-0.13,143.66,True
TR-AUDUSD-2024-10-28T030000-0312,AUDUSD,2,2024-10-28 03:00:00,2024-10-28 06:20:00,143.66,1.44,0.02,0.66002,0.661,0.65821,0.65821,WIN,0.07,3.62,3.55,147.21,True
TR-AUDUSD-2024-10-29T153000-0313,AUDUSD,5,2024-10-29 15:30:00,2024-10-29 16:00:00,147.21,1.47,0.02,0.6556,0.65633,0.65429,0.65638,LOSS,0.07,-1.56,-1.63,145.58,True
TR-AUDUSD-2024-10-30T023000-0314,AUDUSD,5,2024-10-30 02:30:00,2024-10-30 03:40:00,145.58,1.46,0.01,0.65578,0.65712,0.65324,0.65717,LOSS,0.04,-1.39,-1.43,144.15,True
TR-AUDUSD-2024-10-30T155000-0315,AUDUSD,5,2024-10-30 15:50:00,2024-10-30 19:10:00,144.15,1.44,0.02,0.65752,0.65648,0.65916,0.6575,BREAKEVEN,0.07,-0.06,-0.13,144.02,True
TR-AUDUSD-2024-10-31T104000-0316,AUDUSD,2,2024-10-31 10:40:00,2024-10-31 11:30:00,144.02,1.44,0.02,0.65779,0.65686,0.65926,0.65681,LOSS,0.07,-1.96,-2.03,141.99,True
TR-AUDUSD-2024-10-31T155000-0317,AUDUSD,5,2024-10-31 15:50:00,2024-10-31 18:20:00,141.99,1.42,0.01,0.65607,0.65746,0.65344,0.6561,BREAKEVEN,0.04,-0.03,-0.06,141.92,False
TR-AUDUSD-2024-11-01T032000-0318,AUDUSD,5,2024-11-01 03:20:00,2024-11-01 07:50:00,141.92,1.42,0.02,0.65781,0.65675,0.65951,0.6567,LOSS,0.07,-2.22,-2.29,139.63,True
TR-AUDUSD-2024-11-01T154000-0319,AUDUSD,2,2024-11-01 15:40:00,2024-11-01 16:40:00,139.63,1.4,0.02,0.65822,0.65731,0.65966,0.65726,LOSS,0.07,-1.93,-2.0,137.63,True
TR-AUDUSD-2024-11-04T025000-0320,AUDUSD,2,2024-11-04 02:50:00,2024-11-04 05:20:00,137.63,1.38,0.02,0.65928,0.65826,0.66094,0.66094,WIN,0.07,3.32,3.25,140.88,True
TR-AUDUSD-2024-11-05T024000-0321,AUDUSD,5,2024-11-05 02:40:00,2024-11-05 03:40:00,140.88,1.41,0.02,0.6581,0.65875,0.65694,0.6588,LOSS,0.07,-1.41,-1.48,139.4,True
TR-AUDUSD-2024-11-05T103000-0322,AUDUSD,2,2024-11-05 10:30:00,2024-11-05 15:40:00,139.4,1.39,0.02,0.66135,0.66046,0.66272,0.66272,WIN,0.07,2.74,2.67,142.07,True
TR-AUDUSD-2024-11-06T020000-0323,AUDUSD,2,2024-11-06 02:00:00,2024-11-06 02:20:00,142.07,1.42,0.02,0.66357,0.66261,0.66498,0.66256,LOSS,0.07,-2.02,-2.09,139.98,True
TR-AUDUSD-2024-11-06T154000-0324,AUDUSD,2,2024-11-06 15:40:00,2024-11-06 17:10:00,139.98,1.4,0.02,0.65606,0.65697,0.65441,0.6561,BREAKEVEN,0.07,-0.06,-0.13,139.85,True
TR-AUDUSD-2024-11-07T091000-0325,AUDUSD,5,2024-11-07 09:10:00,2024-11-07 15:10:00,139.85,1.4,0.01,0.6629,0.66143,0.66536,0.66536,WIN,0.04,2.46,2.42,142.28,True
TR-AUDUSD-2024-11-07T152000-0326,AUDUSD,2,2024-11-07 15:20:00,2024-11-07 17:10:00,142.28,1.42,0.01,0.66522,0.66353,0.6681,0.6681,WIN,0.04,2.88,2.84,145.12,True
TR-AUDUSD-2024-11-08T152000-0327,AUDUSD,2,2024-11-08 15:20:00,2024-11-08 17:30:00,145.12,1.45,0.02,0.662,0.66298,0.66018,0.66018,WIN,0.07,3.64,3.57,148.69,True
TR-AUDUSD-2024-11-11T092000-0328,AUDUSD,2,2024-11-11 09:20:00,2024-11-11 12:20:00,148.69,1.49,0.02,0.65886,0.6598,0.65712,0.65888,BREAKEVEN,0.07,-0.06,-0.13,148.56,True
TR-AUDUSD-2024-11-11T152000-0329,AUDUSD,2,2024-11-11 15:20:00,2024-11-12 00:00:00,148.56,1.49,0.02,0.65763,0.65864,0.65576,0.65766,BREAKEVEN,0.07,-0.06,-0.13,148.43,True
TR-AUDUSD-2024-11-12T033000-0330,AUDUSD,5,2024-11-12 03:30:00,2024-11-12 08:00:00,148.43,1.48,0.02,0.6568,0.65777,0.655,0.655,WIN,0.07,3.6,3.53,151.96,True
TR-AUDUSD-2024-11-13T151000-0331,AUDUSD,5,2024-11-13 15:10:00,2024-11-13 15:30:00,151.96,1.52,0.02,0.65222,0.65291,0.65098,0.65296,LOSS,0.07,-1.49,-1.56,150.4,True
TR-AUDUSD-2024-11-14T023000-0332,AUDUSD,5,2024-11-14 02:30:00,2024-11-14 07:10:00,150.4,1.5,0.01,0.64859,0.64973,0.64646,0.64646,WIN,0.04,2.13,2.09,152.5,True
TR-AUDUSD-2024-11-14T154000-0333,AUDUSD,2,2024-11-14 15:40:00,2024-11-14 16:30:00,152.5,1.52,0.01,0.64656,0.64798,0.64387,0.64803,LOSS,0.04,-1.47,-1.5,150.99,True
TR-AUDUSD-2024-11-15T023000-0334,AUDUSD,2,2024-11-15 02:30:00,2024-11-15 04:10:00,150.99,1.51,0.02,0.64507,0.64587,0.64363,0.64592,LOSS,0.07,-1.69,-1.76,149.23,True
TR-AUDUSD-2024-11-15T154000-0335,AUDUSD,5,2024-11-15 15:40:00,2024-11-18 02:20:00,149.23,1.49,0.01,0.64676,0.64844,0.64355,0.64679,BREAKEVEN,0.04,-0.03,-0.06,149.17,True
TR-AUDUSD-2024-11-18T090000-0336,AUDUSD,5,2024-11-18 09:00:00,2024-11-18 15:50:00,149.17,1.49,0.02,0.64614,0.64709,0.64438,0.64616,BREAKEVEN,0.07,-0.06,-0.13,149.04,True
TR-AUDUSD-2024-11-19T032000-0337,AUDUSD,2,2024-11-19 03:20:00,2024-11-19 05:20:00,149.04,1.49,0.02,0.6502,0.6494,0.65133,0.65133,WIN,0.07,2.26,2.19,151.23,True
TR-AUDUSD-2024-11-19T102000-0338,AUDUSD,2,2024-11-19 10:20:00,2024-11-19 10:40:00,151.23,1.51,0.04,0.65122,0.65066,0.65191,0.65061,LOSS,0.14,-2.42,-2.56,148.67,True
TR-AUDUSD-2024-11-19T150000-0339,AUDUSD,5,2024-11-19 15:00:00,2024-11-19 15:40:00,148.67,1.49,0.02,0.64995,0.6492,0.65106,0.65106,WIN,0.07,2.22,2.15,150.82,True
TR-AUDUSD-2024-11-20T091000-0340,AUDUSD,2,2024-11-20 09:10:00,2024-11-20 09:40:00,150.82,1.51,0.04,0.65265,0.6521,0.6533,0.65205,LOSS,0.14,-2.4,-2.54,148.28,True
TR-AUDUSD-2024-11-21T102000-0341,AUDUSD,2,2024-11-21 10:20:00,2024-11-21 10:50:00,148.28,1.48,0.04,0.65134,0.65077,0.65201,0.65201,WIN,0.14,2.72,2.58,150.86,True
TR-AUDUSD-2024-11-21T154000-0342,AUDUSD,2,2024-11-21 15:40:00,2024-11-21 18:10:00,150.86,1.51,0.01,0.65248,0.65118,0.65469,0.65113,LOSS,0.04,-1.35,-1.38,149.47,True
TR-AUDUSD-2024-11-22T030000-0343,AUDUSD,5,2024-11-22 03:00:00,2024-11-22 06:10:00,149.47,1.49,0.03,0.65154,0.65083,0.65252,0.65078,LOSS,0.1,-2.29,-2.4,147.07,True
TR-AUDUSD-2024-11-22T071000-0344,AUDUSD,5,2024-11-22 07:10:00,2024-11-22 09:40:00,147.07,1.47,0.02,0.65026,0.65123,0.64846,0.65028,BREAKEVEN,0.07,-0.06,-0.13,146.94,True
TR-AUDUSD-2024-11-26T030000-0345,AUDUSD,2,2024-11-26 03:00:00,2024-11-26 03:40:00,146.94,1.47,0.01,0.64484,0.64684,0.64099,0.64689,LOSS,0.04,-2.05,-2.08,144.86,True
TR-AUDUSD-2024-11-26T090000-0346,AUDUSD,5,2024-11-26 09:00:00,2024-11-26 11:10:00,144.86,1.45,0.02,0.64844,0.64918,0.6471,0.64846,BREAKEVEN,0.07,-0.06,-0.13,144.73,True
TR-AUDUSD-2024-11-26T153000-0347,AUDUSD,2,2024-11-26 15:30:00,2024-11-26 17:10:00,144.73,1.45,0.01,0.64916,0.65055,0.64653,0.64653,WIN,0.04,2.63,2.59,147.32,True
TR-AUDUSD-2024-11-28T032000-0348,AUDUSD,2,2024-11-28 03:20:00,2024-11-28 05:20:00,147.32,1.47,0.02,0.65013,0.6492,0.65151,0.64915,LOSS,0.07,-1.96,-2.03,145.29,True
TR-AUDUSD-2024-12-02T072000-0349,AUDUSD,2,2024-12-02 07:20:00,2024-12-02 07:40:00,145.29,1.45,0.02,0.64934,0.64998,0.6482,0.65003,LOSS,0.07,-1.39,-1.46,143.83,True
TR-AUDUSD-2024-12-02T101000-0350,AUDUSD,2,2024-12-02 10:10:00,2024-12-02 14:50:00,143.83,1.44,0.02,0.6497,0.65051,0.64823,0.64823,WIN,0.07,2.94,2.87,146.7,True
TR-AUDUSD-2024-12-02T150000-0351,AUDUSD,2,2024-12-02 15:00:00,2024-12-02 16:50:00,146.7,1.47,0.01,0.64808,0.64925,0.64589,0.64589,WIN,0.04,2.19,2.16,148.86,True
TR-AUDUSD-2024-12-03T035000-0352,AUDUSD,2,2024-12-03 03:50:00,2024-12-03 09:30:00,148.86,1.49,0.01,0.64652,0.64815,0.6434,0.6482,LOSS,0.04,-1.68,-1.72,147.14,True
TR-AUDUSD-2024-12-03T154000-0353,AUDUSD,5,2024-12-03 15:40:00,2024-12-03 17:00:00,147.14,1.47,0.02,0.6483,0.64754,0.64939,0.64749,LOSS,0.07,-1.61,-1.68,145.46,True
TR-AUDUSD-2024-12-04T030000-0354,AUDUSD,2,2024-12-04 03:00:00,2024-12-04 05:00:00,145.46,1.45,0.01,0.64659,0.64857,0.64279,0.64279,WIN,0.04,3.8,3.77,149.22,True
TR-AUDUSD-2024-12-04T101000-0355,AUDUSD,5,2024-12-04 10:10:00,2024-12-04 12:40:00,149.22,1.49,0.02,0.64335,0.64432,0.64156,0.64156,WIN,0.07,3.58,3.51,152.73,True
TR-AUDUSD-2024-12-05T020000-0356,AUDUSD,5,2024-12-05 02:00:00,2024-12-05 07:50:00,152.73,1.53,0.02,0.64292,0.64372,0.64147,0.64377,LOSS,0.07,-1.7,-1.77,150.96,True
TR-AUDUSD-2024-12-09T151000-0357,AUDUSD,2,2024-12-09 15:10:00,2024-12-09 15:50:00,150.96,1.51,0.02,0.64471,0.64363,0.64645,0.64645,WIN,0.07,3.48,3.41,154.37,True
TR-AUDUSD-2024-12-10T100000-0358,AUDUSD,2,2024-12-10 10:00:00,2024-12-10 12:30:00,154.37,1.54,0.01,0.63879,0.64007,0.63637,0.64012,LOSS,0.04,-1.33,-1.37,153.0,True
TR-AUDUSD-2024-12-12T075000-0359,AUDUSD,5,2024-12-12 07:50:00,2024-12-12 09:50:00,153.0,1.53,0.02,0.64179,0.641,0.64292,0.64176,BREAKEVEN,0.07,-0.06,-0.13,152.87,True
TR-AUDUSD-2024-12-13T032000-0360,AUDUSD,6,2024-12-13 03:20:00,2024-12-13 04:10:00,152.87,1.53,0.03,0.63682,0.63737,0.63586,0.63586,WIN,0.1,2.88,2.77,155.65,False
TR-AUDUSD-2024-12-13T081000-0361,AUDUSD,5,2024-12-13 08:10:00,2024-12-13 10:00:00,155.65,1.56,0.02,0.63591,0.63683,0.63422,0.63688,LOSS,0.07,-1.94,-2.01,153.64,True
TR-AUDUSD-2024-12-13T104000-0362,AUDUSD,6,2024-12-13 10:40:00,2024-12-13 12:50:00,153.64,1.54,0.02,0.63646,0.63731,0.63491,0.63736,LOSS,0.07,-1.8,-1.87,151.77,True
TR-AUDUSD-2024-12-16T102000-0363,AUDUSD,2,2024-12-16 10:20:00,2024-12-16 12:00:00,151.77,1.52,0.04,0.63704,0.6365,0.63772,0.63645,LOSS,0.14,-2.38,-2.52,149.25,True
TR-AUDUSD-2024-12-18T102000-0364,AUDUSD,2,2024-12-18 10:20:00,2024-12-18 14:40:00,149.25,1.49,0.02,0.63126,0.63207,0.62978,0.63212,LOSS,0.07,-1.73,-1.8,147.45,True
TR-AUDUSD-2024-12-19T072000-0365,AUDUSD,2,2024-12-19 07:20:00,2024-12-19 08:20:00,147.45,1.47,0.03,0.62221,0.62284,0.6211,0.62289,LOSS,0.1,-2.04,-2.14,145.3,True
TR-AUDUSD-2024-12-20T032000-0366,AUDUSD,5,2024-12-20 03:20:00,2024-12-20 03:40:00,145.3,1.45,0.02,0.62243,0.62327,0.6209,0.62332,LOSS,0.07,-1.78,-1.85,143.45,True
TR-AUDUSD-2024-12-23T035000-0367,AUDUSD,2,2024-12-23 03:50:00,2024-12-23 14:10:00,143.45,1.43,0.01,0.6255,0.6241,0.62779,0.62405,LOSS,0.04,-1.45,-1.49,141.97,True
TR-AUDUSD-2024-12-23T152000-0368,AUDUSD,5,2024-12-23 15:20:00,2024-12-23 17:10:00,141.97,1.42,0.02,0.62357,0.62442,0.62202,0.62202,WIN,0.07,3.1,3.03,145.0,True
TR-AUDUSD-2024-12-24T100000-0369,AUDUSD,1,2024-12-24 10:00:00,2024-12-24 21:30:00,145.0,1.45,0.02,0.62418,0.62502,0.62264,0.6242,BREAKEVEN,0.07,-0.06,-0.13,144.87,True
TR-AUDUSD-2024-12-27T152000-0370,AUDUSD,2,2024-12-27 15:20:00,2024-12-27 17:50:00,144.87,1.45,0.02,0.6217,0.62263,0.62,0.62173,BREAKEVEN,0.07,-0.06,-0.13,144.74,True
TR-AUDUSD-2024-12-30T034000-0371,AUDUSD,2,2024-12-30 03:40:00,2024-12-30 07:20:00,144.74,1.45,0.02,0.62306,0.62211,0.62452,0.62452,WIN,0.07,2.94,2.87,147.61,True
TR-AUDUSD-2024-12-31T102000-0372,AUDUSD,5,2024-12-31 10:20:00,2024-12-31 15:00:00,147.61,1.48,0.02,0.62175,0.62268,0.62005,0.62005,WIN,0.07,3.4,3.33,150.94,True
TR-AUDUSD-2025-01-02T084000-0373,AUDUSD,2,2025-01-02 08:40:00,2025-01-02 10:00:00,150.94,1.51,0.03,0.62153,0.6208,0.62252,0.62075,LOSS,0.1,-2.35,-2.46,148.48,True
TR-AUDUSD-2025-01-02T155000-0374,AUDUSD,2,2025-01-02 15:50:00,2025-01-02 18:10:00,148.48,1.48,0.01,0.62118,0.61998,0.62308,0.61993,LOSS,0.04,-1.25,-1.29,147.19,True
TR-AUDUSD-2025-01-06T073000-0375,AUDUSD,5,2025-01-06 07:30:00,2025-01-06 10:30:00,147.19,1.47,0.02,0.62259,0.62179,0.62375,0.62375,WIN,0.07,2.32,2.25,149.44,True
TR-AUDUSD-2025-01-06T105000-0376,AUDUSD,5,2025-01-06 10:50:00,2025-01-06 13:20:00,149.44,1.49,0.01,0.62454,0.62307,0.62706,0.62706,WIN,0.04,2.52,2.49,151.92,False
TR-AUDUSD-2025-01-06T150000-0377,AUDUSD,5,2025-01-06 15:00:00,2025-01-06 16:20:00,151.92,1.52,0.01,0.62866,0.627,0.63159,0.62695,LOSS,0.04,-1.71,-1.75,150.18,False
TR-AUDUSD-2025-01-07T030000-0378,AUDUSD,5,2025-01-07 03:00:00,2025-01-07 09:10:00,150.18,1.5,0.01,0.62475,0.62337,0.62706,0.62706,WIN,0.04,2.31,2.27,152.45,True
TR-AUDUSD-2025-01-07T105000-0379,AUDUSD,2,2025-01-07 10:50:00,2025-01-07 13:30:00,152.45,1.52,0.02,0.62779,0.62685,0.62922,0.62776,BREAKEVEN,0.07,-0.06,-0.13,152.32,True
TR-AUDUSD-2025-01-07T151000-0380,AUDUSD,2,2025-01-07 15:10:00,2025-01-07 15:20:00,152.32,1.52,0.04,0.62754,0.62701,0.62819,0.62819,WIN,0.14,2.6,2.46,154.78,True
TR-AUDUSD-2025-01-07T153000-0381,AUDUSD,2,2025-01-07 15:30:00,2025-01-07 16:00:00,154.78,1.55,0.02,0.62815,0.62701,0.62999,0.62696,LOSS,0.07,-2.39,-2.46,152.32,True
TR-AUDUSD-2025-01-08T023000-0382,AUDUSD,5,2025-01-08 02:30:00,2025-01-08 05:20:00,152.32,1.52,0.01,0.62303,0.62438,0.62048,0.62306,BREAKEVEN,0.04,-0.03,-0.06,152.26,True
TR-AUDUSD-2025-01-08T101000-0383,AUDUSD,2,2025-01-08 10:10:00,2025-01-08 13:40:00,152.26,1.52,0.02,0.6222,0.62326,0.62023,0.62023,WIN,0.07,3.94,3.87,156.13,True
TR-AUDUSD-2025-01-09T021000-0384,AUDUSD,5,2025-01-09 02:10:00,2025-01-09 06:10:00,156.13,1.56,0.03,0.62096,0.6216,0.61985,0.61985,WIN,0.1,3.36,3.25,159.38,True
TR-AUDUSD-2025-01-09T093000-0385,AUDUSD,5,2025-01-09 09:30:00,2025-01-09 10:40:00,159.38,1.59,0.02,0.6193,0.62018,0.61768,0.61932,BREAKEVEN,0.07,-0.06,-0.13,159.25,True
TR-AUDUSD-2025-01-09T150000-0386,AUDUSD,6,2025-01-09 15:00:00,2025-01-09 15:30:00,159.25,1.59,0.03,0.61958,0.62019,0.6185,0.62024,LOSS,0.1,-1.99,-2.1,157.15,True
TR-AUDUSD-2025-01-10T022000-0387,AUDUSD,5,2025-01-10 02:20:00,2025-01-10 03:20:00,157.15,1.57,0.02,0.61896,0.61969,0.61766,0.61974,LOSS,0.07,-1.55,-1.62,155.53,True
TR-AUDUSD-2025-01-10T151000-0388,AUDUSD,6,2025-01-10 15:10:00,2025-01-10 15:30:00,155.53,1.56,0.02,0.61861,0.61932,0.61734,0.61864,BREAKEVEN,0.07,-0.06,-0.13,155.4,True
TR-AUDUSD-2025-01-10T154000-0389,AUDUSD,2,2025-01-10 15:40:00,2025-01-13 23:50:00,155.4,1.55,0.01,0.61652,0.61945,0.61083,0.61656,BREAKEVEN,0.04,-0.03,-0.06,155.34,True
TR-AUDUSD-2025-01-14T034000-0390,AUDUSD,5,2025-01-14 03:40:00,2025-01-14 10:20:00,155.34,1.55,0.02,0.61869,0.61758,0.62043,0.62043,WIN,0.07,3.48,3.41,158.75,True
TR-AUDUSD-2025-01-14T153000-0391,AUDUSD,2,2025-01-14 15:30:00,2025-01-14 15:50:00,158.75,1.59,0.03,0.61736,0.61669,0.6182,0.6182,WIN,0.1,2.52,2.41,161.16,True
TR-AUDUSD-2025-01-15T094000-0392,AUDUSD,5,2025-01-15 09:40:00,2025-01-15 10:10:00,161.16,1.61,0.02,0.61962,0.61878,0.62088,0.62088,WIN,0.07,2.52,2.45,163.61,True
TR-AUDUSD-2025-01-15T153000-0393,AUDUSD,2,2025-01-15 15:30:00,2025-01-15 15:40:00,163.61,1.64,0.05,0.62003,0.61949,0.62056,0.62056,WIN,0.18,2.65,2.47,166.09,True
TR-AUDUSD-2025-01-15T155000-0394,AUDUSD,2,2025-01-15 15:50:00,2025-01-17 14:30:00,166.09,1.66,0.01,0.62388,0.61941,0.63237,0.61936,LOSS,0.04,-4.52,-4.55,161.53,True
TR-AUDUSD-2025-01-17T152000-0395,AUDUSD,2,2025-01-17 15:20:00,2025-01-17 16:20:00,161.53,1.62,0.02,0.61834,0.61905,0.61709,0.61709,WIN,0.07,2.52,2.45,163.98,True
TR-AUDUSD-2025-01-20T094000-0396,AUDUSD,5,2025-01-20 09:40:00,2025-01-20 11:10:00,163.98,1.64,0.02,0.62157,0.62075,0.62277,0.6207,LOSS,0.07,-1.75,-1.82,162.16,True
TR-AUDUSD-2025-01-20T153000-0397,AUDUSD,2,2025-01-20 15:30:00,2025-01-20 15:40:00,162.16,1.62,0.04,0.62054,0.61996,0.62109,0.62109,WIN,0.14,2.2,2.06,164.22,True
TR-AUDUSD-2025-01-20T155000-0398,AUDUSD,2,2025-01-20 15:50:00,2025-01-28 06:20:00,164.22,1.64,0.01,0.62478,0.6199,0.63406,0.62475,BREAKEVEN,0.04,-0.03,-0.06,164.16,True
TR-AUDUSD-2025-01-28T101000-0399,AUDUSD,5,2025-01-28 10:10:00,2025-01-28 11:30:00,164.16,1.64,0.02,0.62483,0.62557,0.62349,0.62562,LOSS,0.07,-1.59,-1.66,162.5,True
TR-AUDUSD-2025-01-29T023000-0400,AUDUSD,5,2025-01-29 02:30:00,2025-01-30 02:10:00,162.5,1.62,0.01,0.62409,0.62579,0.62085,0.62412,BREAKEVEN,0.04,-0.03,-0.06,162.43,True
TR-AUDUSD-2025-01-30T153000-0401,AUDUSD,5,2025-01-30 15:30:00,2025-01-30 16:00:00,162.43,1.62,0.02,0.62239,0.62318,0.62097,0.62323,LOSS,0.07,-1.67,-1.74,160.69,True
TR-AUDUSD-2025-01-31T105000-0402,AUDUSD,2,2025-01-31 10:50:00,2025-01-31 17:20:00,160.69,1.61,0.02,0.62246,0.6234,0.62073,0.62249,BREAKEVEN,0.07,-0.06,-0.13,160.56,True
TR-AUDUSD-2025-02-05T031000-0403,AUDUSD,2,2025-02-05 03:10:00,2025-02-05 03:40:00,160.56,1.61,0.03,0.62564,0.62487,0.62672,0.62482,LOSS,0.1,-2.45,-2.55,158.01,True
TR-AUDUSD-2025-02-05T081000-0404,AUDUSD,5,2025-02-05 08:10:00,2025-02-05 08:30:00,158.01,1.58,0.03,0.62523,0.62451,0.62619,0.62619,WIN,0.1,2.88,2.78,160.79,True
TR-AUDUSD-2025-02-05T093000-0405,AUDUSD,5,2025-02-05 09:30:00,2025-02-05 12:50:00,160.79,1.61,0.01,0.62637,0.62491,0.62884,0.62884,WIN,0.04,2.47,2.43,163.22,True
TR-AUDUSD-2025-02-06T155000-0406,AUDUSD,5,2025-02-06 15:50:00,2025-02-06 16:40:00,163.22,1.63,0.02,0.62602,0.62693,0.62434,0.62698,LOSS,0.07,-1.93,-2.0,161.22,True
TR-AUDUSD-2025-02-07T031000-0407,AUDUSD,2,2025-02-07 03:10:00,2025-02-07 05:50:00,161.22,1.61,0.03,0.62858,0.62789,0.62954,0.62855,BREAKEVEN,0.1,-0.09,-0.19,161.03,True
TR-AUDUSD-2025-02-07T091000-0408,AUDUSD,5,2025-02-07 09:10:00,2025-02-07 10:50:00,161.03,1.61,0.03,0.62841,0.6277,0.62938,0.62938,WIN,0.1,2.91,2.81,163.83,True
TR-AUDUSD-2025-02-10T033000-0409,AUDUSD,5,2025-02-10 03:30:00,2025-02-10 06:30:00,163.83,1.64,0.02,0.62612,0.62712,0.62426,0.62717,LOSS,0.07,-2.11,-2.18,161.65,True
TR-AUDUSD-2025-02-10T102000-0410,AUDUSD,2,2025-02-10 10:20:00,2025-02-10 11:10:00,161.65,1.62,0.03,0.62701,0.62768,0.62582,0.62773,LOSS,0.1,-2.16,-2.27,159.39,True
TR-AUDUSD-2025-02-11T093000-0411,AUDUSD,2,2025-02-11 09:30:00,2025-02-11 13:00:00,159.39,1.59,0.02,0.62806,0.62722,0.62929,0.62717,LOSS,0.07,-1.78,-1.85,157.54,True
TR-AUDUSD-2025-02-12T035000-0412,AUDUSD,2,2025-02-12 03:50:00,2025-02-12 05:50:00,157.54,1.58,0.02,0.62976,0.62878,0.63127,0.62973,BREAKEVEN,0.07,-0.06,-0.13,157.41,True
TR-AUDUSD-2025-02-12T153000-0413,AUDUSD,5,2025-02-12 15:30:00,2025-02-12 19:00:00,157.41,1.57,0.01,0.62561,0.62822,0.62054,0.62827,LOSS,0.04,-2.66,-2.69,154.71,True
TR-AUDUSD-2025-02-13T030000-0414,AUDUSD,5,2025-02-13 03:00:00,2025-02-13 05:20:00,154.71,1.55,0.02,0.62808,0.62881,0.62676,0.62886,LOSS,0.07,-1.57,-1.64,153.07,True
TR-AUDUSD-2025-02-13T153000-0415,AUDUSD,5,2025-02-13 15:30:00,2025-02-13 17:10:00,153.07,1.53,0.01,0.62583,0.6273,0.62304,0.62735,LOSS,0.04,-1.52,-1.55,151.52,True
TR-AUDUSD-2025-02-14T031000-0416,AUDUSD,2,2025-02-14 03:10:00,2025-02-14 10:10:00,151.52,1.52,0.02,0.6316,0.63065,0.63305,0.63305,WIN,0.07,2.9,2.83,154.35,True
TR-AUDUSD-2025-02-17T032000-0417,AUDUSD,2,2025-02-17 03:20:00,2025-02-17 03:30:00,154.35,1.54,0.04,0.63566,0.63513,0.63624,0.63624,WIN,0.14,2.32,2.18,156.53,True
TR-AUDUSD-2025-02-17T034000-0418,AUDUSD,2,2025-02-17 03:40:00,2025-02-18 00:00:00,156.53,1.57,0.01,0.63645,0.63513,0.63864,0.63508,LOSS,0.04,-1.37,-1.4,155.12,True
TR-AUDUSD-2025-02-19T031000-0419,AUDUSD,6,2025-02-19 03:10:00,2025-02-19 04:50:00,155.12,1.55,0.02,0.6348,0.63554,0.63347,0.63559,LOSS,0.07,-1.58,-1.65,153.47,True
TR-AUDUSD-2025-02-19T070000-0420,AUDUSD,5,2025-02-19 07:00:00,2025-02-19 12:00:00,153.47,1.53,0.03,0.63628,0.63555,0.6373,0.6355,LOSS,0.1,-2.35,-2.46,151.01,True
TR-AUDUSD-2025-02-19T151000-0421,AUDUSD,2,2025-02-19 15:10:00,2025-02-19 18:20:00,151.01,1.51,0.02,0.63538,0.63434,0.637,0.63429,LOSS,0.07,-2.17,-2.24,148.77,True
TR-AUDUSD-2025-02-20T035000-0422,AUDUSD,2,2025-02-20 03:50:00,2025-02-20 04:50:00,148.77,1.49,0.01,0.6338,0.63537,0.6308,0.63542,LOSS,0.04,-1.62,-1.66,147.11,True
TR-AUDUSD-2025-02-20T101000-0423,AUDUSD,2,2025-02-20 10:10:00,2025-02-20 16:50:00,147.11,1.47,0.02,0.63696,0.63595,0.63856,0.63856,WIN,0.07,3.2,3.13,150.24,True
TR-AUDUSD-2025-02-21T041000-0424,AUDUSD,5,2025-02-21 04:10:00,2025-02-21 06:50:00,150.24,1.5,0.02,0.6396,0.63875,0.6408,0.63957,BREAKEVEN,0.07,-0.06,-0.13,150.11,True
TR-AUDUSD-2025-02-24T033000-0425,AUDUSD,5,2025-02-24 03:30:00,2025-02-24 04:20:00,150.11,1.5,0.02,0.63642,0.63745,0.63451,0.6375,LOSS,0.07,-2.16,-2.23,147.88,True
TR-AUDUSD-2025-02-24T080000-0426,AUDUSD,2,2025-02-24 08:00:00,2025-02-24 10:10:00,147.88,1.48,0.02,0.63773,0.63842,0.6365,0.6365,WIN,0.07,2.46,2.39,150.27,True
TR-AUDUSD-2025-02-25T092000-0427,AUDUSD,5,2025-02-25 09:20:00,2025-02-25 10:00:00,150.27,1.5,0.03,0.6348,0.63536,0.63382,0.63382,WIN,0.1,2.94,2.83,153.11,False
TR-AUDUSD-2025-02-26T030000-0428,AUDUSD,5,2025-02-26 03:00:00,2025-02-26 07:40:00,153.11,1.53,0.01,0.63447,0.63557,0.63241,0.63241,WIN,0.04,2.06,2.02,155.13,True
TR-AUDUSD-2025-02-26T154000-0429,AUDUSD,2,2025-02-26 15:40:00,2025-02-26 17:40:00,155.13,1.55,0.02,0.63086,0.63169,0.62937,0.63174,LOSS,0.07,-1.75,-1.82,153.31,True
TR-AUDUSD-2025-02-27T020000-0430,AUDUSD,5,2025-02-27 02:00:00,2025-02-27 03:40:00,153.31,1.53,0.02,0.63079,0.63155,0.62941,0.63082,BREAKEVEN,0.07,-0.06,-0.13,153.18,True
TR-AUDUSD-2025-02-27T104000-0431,AUDUSD,2,2025-02-27 10:40:00,2025-02-27 15:50:00,153.18,1.53,0.02,0.62984,0.63053,0.62861,0.62861,WIN,0.07,2.46,2.39,155.57,True
TR-AUDUSD-2025-02-28T033000-0432,AUDUSD,5,2025-02-28 03:30:00,2025-02-28 05:20:00,155.57,1.56,0.02,0.62306,0.62409,0.62114,0.62114,WIN,0.07,3.84,3.77,159.34,True
TR-AUDUSD-2025-02-28T154000-0433,AUDUSD,5,2025-02-28 15:40:00,2025-02-28 16:50:00,159.34,1.59,0.03,0.62173,0.62232,0.6207,0.6207,WIN,0.1,3.09,2.98,162.33,False
TR-AUDUSD-2025-03-04T100000-0434,AUDUSD,5,2025-03-04 10:00:00,2025-03-04 11:10:00,162.33,1.62,0.02,0.62058,0.62139,0.61909,0.62144,LOSS,0.07,-1.73,-1.8,160.53,True
TR-AUDUSD-2025-03-05T090000-0435,AUDUSD,5,2025-03-05 09:00:00,2025-03-05 10:50:00,160.53,1.61,0.02,0.62608,0.62493,0.62797,0.62797,WIN,0.07,3.78,3.71,164.24,True
TR-AUDUSD-2025-03-05T153000-0436,AUDUSD,2,2025-03-05 15:30:00,2025-03-05 16:30:00,164.24,1.64,0.02,0.6284,0.62734,0.6301,0.6301,WIN,0.07,3.4,3.33,167.57,True
TR-AUDUSD-2025-03-06T033000-0437,AUDUSD,5,2025-03-06 03:30:00,2025-03-06 04:00:00,167.57,1.68,0.02,0.6336,0.63261,0.63516,0.63516,WIN,0.07,3.12,3.05,170.62,True
TR-AUDUSD-2025-03-06T103000-0438,AUDUSD,2,2025-03-06 10:30:00,2025-03-06 11:30:00,170.62,1.71,0.02,0.63388,0.63263,0.63596,0.63258,LOSS,0.07,-2.6,-2.67,167.95,True
TR-AUDUSD-2025-03-06T151000-0439,AUDUSD,2,2025-03-06 15:10:00,2025-03-06 15:20:00,167.95,1.68,0.04,0.63345,0.63291,0.63404,0.63404,WIN,0.14,2.36,2.22,170.17,True
TR-AUDUSD-2025-03-07T021000-0440,AUDUSD,5,2025-03-07 02:10:00,2025-03-07 02:50:00,170.17,1.7,0.03,0.63345,0.63267,0.6346,0.63262,LOSS,0.1,-2.5,-2.61,167.56,True
TR-AUDUSD-2025-03-07T150000-0441,AUDUSD,5,2025-03-07 15:00:00,2025-03-07 15:30:00,167.56,1.68,0.02,0.6292,0.62999,0.62776,0.63004,LOSS,0.07,-1.69,-1.76,165.8,True
TR-AUDUSD-2025-03-11T030000-0442,AUDUSD,5,2025-03-11 03:00:00,2025-03-11 04:10:00,165.8,1.66,0.02,0.62792,0.62878,0.62635,0.62795,BREAKEVEN,0.07,-0.06,-0.13,165.67,True
TR-AUDUSD-2025-03-12T030000-0443,AUDUSD,5,2025-03-12 03:00:00,2025-03-12 05:50:00,165.67,1.66,0.03,0.62926,0.62848,0.63038,0.62843,LOSS,0.1,-2.5,-2.61,163.06,True
TR-AUDUSD-2025-03-12T083000-0444,AUDUSD,2,2025-03-12 08:30:00,2025-03-12 10:10:00,163.06,1.63,0.02,0.62892,0.62972,0.62746,0.62894,BREAKEVEN,0.07,-0.06,-0.13,162.93,True
TR-AUDUSD-2025-03-13T150000-0445,AUDUSD,2,2025-03-13 15:00:00,2025-03-14 10:30:00,162.93,1.63,0.01,0.62788,0.63083,0.62213,0.63088,LOSS,0.04,-3.0,-3.04,159.89,True
TR-AUDUSD-2025-03-17T032000-0446,AUDUSD,2,2025-03-17 03:20:00,2025-03-17 03:50:00,159.89,1.6,0.04,0.63295,0.63241,0.63361,0.63361,WIN,0.14,2.64,2.5,162.39,True
TR-AUDUSD-2025-03-17T040000-0447,AUDUSD,2,2025-03-17 04:00:00,2025-03-17 04:10:00,162.39,1.62,0.04,0.63374,0.63317,0.63442,0.63312,LOSS,0.14,-2.46,-2.6,159.79,True
TR-AUDUSD-2025-03-17T151000-0448,AUDUSD,2,2025-03-17 15:10:00,2025-03-17 17:20:00,159.79,1.6,0.02,0.63504,0.63394,0.63679,0.63679,WIN,0.07,3.5,3.43,163.22,True
TR-AUDUSD-2025-03-18T034000-0449,AUDUSD,2,2025-03-18 03:40:00,2025-03-18 04:10:00,163.22,1.63,0.04,0.6387,0.63817,0.6394,0.63812,LOSS,0.14,-2.32,-2.46,160.76,True
TR-AUDUSD-2025-03-18T085000-0450,AUDUSD,5,2025-03-18 08:50:00,2025-03-18 10:20:00,160.76,1.61,0.02,0.63726,0.63638,0.63856,0.63856,WIN,0.07,2.6,2.53,163.29,True
TR-AUDUSD-2025-03-19T082000-0451,AUDUSD,5,2025-03-19 08:20:00,2025-03-19 09:40:00,163.29,1.63,0.02,0.63552,0.63633,0.63405,0.63405,WIN,0.07,2.94,2.87,166.16,True
TR-AUDUSD-2025-03-19T105000-0452,AUDUSD,5,2025-03-19 10:50:00,2025-03-19 12:00:00,166.16,1.66,0.02,0.63327,0.63429,0.63138,0.6333,BREAKEVEN,0.07,-0.06,-0.13,166.03,True
TR-AUDUSD-2025-03-19T152000-0453,AUDUSD,2,2025-03-19 15:20:00,2025-03-19 20:00:00,166.03,1.66,0.02,0.63305,0.6339,0.6315,0.63308,BREAKEVEN,0.07,-0.06,-0.13,165.9,True
TR-AUDUSD-2025-03-20T084000-0454,AUDUSD,5,2025-03-20 08:40:00,2025-03-20 09:20:00,165.9,1.66,0.02,0.63346,0.63436,0.63181,0.63181,WIN,0.07,3.3,3.23,169.13,True
TR-AUDUSD-2025-03-20T103000-0455,AUDUSD,2,2025-03-20 10:30:00,2025-03-20 11:30:00,169.13,1.69,0.02,0.63166,0.63263,0.62986,0.62986,WIN,0.07,3.6,3.53,172.66,True
TR-AUDUSD-2025-03-20T152000-0456,AUDUSD,5,2025-03-20 15:20:00,2025-03-20 16:10:00,172.66,1.73,0.02,0.62836,0.62935,0.62652,0.62838,BREAKEVEN,0.07,-0.06,-0.13,172.53,True
TR-AUDUSD-2025-03-21T150000-0457,AUDUSD,2,2025-03-21 15:00:00,2025-03-21 17:50:00,172.53,1.73,0.02,0.62856,0.62952,0.62678,0.62678,WIN,0.07,3.56,3.49,176.02,True
TR-AUDUSD-2025-03-27T034000-0458,AUDUSD,2,2025-03-27 03:40:00,2025-03-27 04:10:00,176.02,1.76,0.02,0.6294,0.63018,0.62799,0.63023,LOSS,0.07,-1.66,-1.73,174.29,True
TR-AUDUSD-2025-03-27T105000-0459,AUDUSD,2,2025-03-27 10:50:00,2025-03-27 15:30:00,174.29,1.74,0.02,0.63082,0.62996,0.63212,0.62991,LOSS,0.07,-1.82,-1.89,172.4,True
TR-AUDUSD-2025-03-31T103000-0460,AUDUSD,5,2025-03-31 10:30:00,2025-03-31 11:10:00,172.4,1.72,0.02,0.62808,0.62907,0.62625,0.62625,WIN,0.07,3.66,3.59,175.99,True
TR-AUDUSD-2025-03-31T151000-0461,AUDUSD,2,2025-03-31 15:10:00,2025-03-31 16:40:00,175.99,1.76,0.02,0.62466,0.62555,0.62303,0.62303,WIN,0.07,3.26,3.19,179.18,True
TR-AUDUSD-2025-04-01T020000-0462,AUDUSD,5,2025-04-01 02:00:00,2025-04-01 05:00:00,179.18,1.79,0.03,0.62423,0.62492,0.623,0.62426,BREAKEVEN,0.1,-0.09,-0.19,178.99,True
TR-AUDUSD-2025-04-02T091000-0463,AUDUSD,5,2025-04-02 09:10:00,2025-04-02 12:50:00,178.99,1.79,0.03,0.62978,0.62894,0.63095,0.63095,WIN,0.1,3.51,3.4,182.39,True
TR-AUDUSD-2025-04-03T070000-0464,AUDUSD,2,2025-04-03 07:00:00,2025-04-03 08:30:00,182.39,1.82,0.02,0.62731,0.62815,0.62578,0.6282,LOSS,0.07,-1.78,-1.85,180.54,True
TR-AUDUSD-2025-04-03T151000-0465,AUDUSD,2,2025-04-03 15:10:00,2025-04-03 16:10:00,180.54,1.81,0.02,0.63556,0.63446,0.63725,0.63725,WIN,0.07,3.38,3.31,183.85,True
TR-AUDUSD-2025-04-04T034000-0466,AUDUSD,5,2025-04-04 03:40:00,2025-04-04 04:40:00,183.85,1.84,0.02,0.63259,0.63165,0.63403,0.6316,LOSS,0.07,-1.99,-2.06,181.79,True
TR-AUDUSD-2025-04-04T073000-0467,AUDUSD,5,2025-04-04 07:30:00,2025-04-04 10:50:00,181.79,1.82,0.01,0.62453,0.62585,0.62204,0.62204,WIN,0.04,2.49,2.45,184.25,True
TR-AUDUSD-2025-04-07T031000-0468,AUDUSD,2,2025-04-07 03:10:00,2025-04-07 03:30:00,184.25,1.84,0.01,0.59902,0.60075,0.59569,0.59904,BREAKEVEN,0.04,-0.03,-0.06,184.18,True
TR-AUDUSD-2025-04-07T102000-0469,AUDUSD,2,2025-04-07 10:20:00,2025-04-07 11:10:00,184.18,1.84,0.01,0.60139,0.60291,0.5985,0.60296,LOSS,0.04,-1.57,-1.6,182.58,True
TR-AUDUSD-2025-04-08T030000-0470,AUDUSD,5,2025-04-08 03:00:00,2025-04-08 03:20:00,182.58,1.83,0.02,0.59952,0.60068,0.59735,0.60073,LOSS,0.07,-2.42,-2.49,180.09,True
TR-AUDUSD-2025-04-08T040000-0471,AUDUSD,5,2025-04-08 04:00:00,2025-04-08 05:10:00,180.09,1.8,0.01,0.59999,0.6019,0.59631,0.60195,LOSS,0.04,-1.96,-2.0,178.09,True
TR-AUDUSD-2025-04-08T150000-0472,AUDUSD,2,2025-04-08 15:00:00,2025-04-08 16:20:00,178.09,1.78,0.01,0.60508,0.60331,0.60814,0.60814,WIN,0.04,3.06,3.02,181.11,True
TR-AUDUSD-2025-04-09T032000-0473,AUDUSD,2,2025-04-09 03:20:00,2025-04-09 03:50:00,181.11,1.81,0.01,0.59379,0.59583,0.58986,0.59588,LOSS,0.04,-2.09,-2.13,178.99,False
TR-AUDUSD-2025-04-10T083000-0474,AUDUSD,5,2025-04-10 08:30:00,2025-04-10 08:50:00,178.99,1.79,0.03,0.61878,0.618,0.61986,0.61986,WIN,0.1,3.24,3.13,182.12,True
TR-AUDUSD-2025-04-10T153000-0475,AUDUSD,2,2025-04-10 15:30:00,2025-04-10 15:40:00,182.12,1.82,0.04,0.61956,0.61882,0.62029,0.61877,LOSS,0.14,-3.16,-3.3,178.82,True
TR-AUDUSD-2025-04-11T034000-0476,AUDUSD,2,2025-04-11 03:40:00,2025-04-11 07:20:00,178.82,1.79,0.01,0.6223,0.61999,0.62651,0.62228,BREAKEVEN,0.04,-0.03,-0.06,178.76,True
TR-AUDUSD-2025-04-11T104000-0477,AUDUSD,2,2025-04-11 10:40:00,2025-04-11 13:40:00,178.76,1.79,0.01,0.62162,0.61979,0.62474,0.62159,BREAKEVEN,0.04,-0.03,-0.06,178.69,True
TR-AUDUSD-2025-04-11T153000-0478,AUDUSD,5,2025-04-11 15:30:00,2025-04-11 15:50:00,178.69,1.79,0.02,0.62416,0.6229,0.62612,0.62612,WIN,0.07,3.94,3.87,182.56,True
TR-AUDUSD-2025-04-14T030000-0479,AUDUSD,5,2025-04-14 03:00:00,2025-04-14 03:30:00,182.56,1.83,0.02,0.62971,0.62863,0.63141,0.62968,BREAKEVEN,0.07,-0.06,-0.13,182.43,True
TR-AUDUSD-2025-04-14T092000-0480,AUDUSD,5,2025-04-14 09:20:00,2025-04-14 09:50:00,182.43,1.82,0.02,0.63069,0.62953,0.63255,0.63255,WIN,0.07,3.72,3.65,186.08,True
TR-AUDUSD-2025-04-14T100000-0481,AUDUSD,2,2025-04-14 10:00:00,2025-04-14 15:30:00,186.08,1.86,0.01,0.6328,0.63052,0.63692,0.63047,LOSS,0.04,-2.32,-2.36,183.72,True
TR-AUDUSD-2025-04-15T031000-0482,AUDUSD,2,2025-04-15 03:10:00,2025-04-15 04:30:00,183.72,1.84,0.02,0.63231,0.63129,0.63388,0.63388,WIN,0.07,3.14,3.07,186.79,True
TR-AUDUSD-2025-04-15T151000-0483,AUDUSD,2,2025-04-15 15:10:00,2025-04-15 16:20:00,186.79,1.87,0.02,0.63601,0.63488,0.63782,0.63782,WIN,0.07,3.62,3.55,190.34,True
TR-AUDUSD-2025-04-16T045000-0484,AUDUSD,2,2025-04-16 04:50:00,2025-04-16 05:10:00,190.34,1.9,0.05,0.63471,0.63416,0.63533,0.63533,WIN,0.18,3.1,2.92,193.27,False
TR-AUDUSD-2025-04-16T100000-0485,AUDUSD,2,2025-04-16 10:00:00,2025-04-16 11:20:00,193.27,1.93,0.05,0.63492,0.63435,0.63559,0.6343,LOSS,0.18,-3.12,-3.3,189.97,True
TR-AUDUSD-2025-04-18T032000-0486,AUDUSD,2,2025-04-18 03:20:00,2025-04-18 04:10:00,189.97,1.9,0.03,0.63935,0.6384,0.6402,0.63835,LOSS,0.1,-3.0,-3.11,186.86,True
TR-AUDUSD-2025-04-18T150000-0487,AUDUSD,2,2025-04-18 15:00:00,2025-04-21 00:10:00,186.86,1.87,0.05,0.63744,0.63684,0.63795,0.63679,LOSS,0.18,-3.25,-3.42,183.44,True
TR-AUDUSD-2025-04-21T030000-0488,AUDUSD,2,2025-04-21 03:00:00,2025-04-21 03:10:00,183.44,1.83,0.04,0.6382,0.63756,0.63897,0.63897,WIN,0.14,3.08,2.94,186.38,True
TR-AUDUSD-2025-04-21T104000-0489,AUDUSD,5,2025-04-21 10:40:00,2025-04-21 18:10:00,186.38,1.86,0.02,0.64253,0.64136,0.64439,0.64131,LOSS,0.07,-2.44,-2.51,183.87,True
TR-AUDUSD-2025-04-22T044000-0490,AUDUSD,2,2025-04-22 04:40:00,2025-04-22 08:30:00,183.87,1.84,0.02,0.64206,0.64093,0.64382,0.64382,WIN,0.07,3.52,3.45,187.32,True
TR-AUDUSD-2025-04-22T090000-0491,AUDUSD,2,2025-04-22 09:00:00,2025-04-22 10:40:00,187.32,1.87,0.02,0.64319,0.6419,0.6453,0.64185,LOSS,0.07,-2.69,-2.76,184.56,True
TR-AUDUSD-2025-04-22T152000-0492,AUDUSD,2,2025-04-22 15:20:00,2025-04-22 17:40:00,184.56,1.85,0.02,0.63932,0.6403,0.63751,0.63935,BREAKEVEN,0.07,-0.06,-0.13,184.43,True
TR-AUDUSD-2025-04-24T030000-0493,AUDUSD,1,2025-04-24 03:00:00,2025-04-24 05:30:00,184.43,1.84,0.03,0.63648,0.63724,0.63511,0.63651,BREAKEVEN,0.1,-0.09,-0.19,184.23,False
TR-AUDUSD-2025-04-25T035000-0494,AUDUSD,2,2025-04-25 03:50:00,2025-04-25 04:50:00,184.23,1.84,0.02,0.64065,0.63967,0.64213,0.63962,LOSS,0.07,-2.06,-2.13,182.1,True
TR-AUDUSD-2025-04-25T101000-0495,AUDUSD,2,2025-04-25 10:10:00,2025-04-25 10:30:00,182.1,1.82,0.02,0.64063,0.63975,0.64197,0.6397,LOSS,0.07,-1.86,-1.93,180.17,True
TR-AUDUSD-2025-04-28T100000-0496,AUDUSD,5,2025-04-28 10:00:00,2025-04-28 12:10:00,180.17,1.8,0.01,0.63849,0.63976,0.6361,0.63852,BREAKEVEN,0.04,-0.03,-0.06,180.11,True
TR-AUDUSD-2025-04-29T040000-0497,AUDUSD,2,2025-04-29 04:00:00,2025-04-29 05:10:00,180.11,1.8,0.04,0.64254,0.64198,0.64323,0.64323,WIN,0.14,2.72,2.58,182.69,True
TR-AUDUSD-2025-04-30T035000-0498,AUDUSD,2,2025-04-30 03:50:00,2025-04-30 04:30:00,182.69,1.83,0.02,0.63833,0.63916,0.63682,0.63921,LOSS,0.07,-1.76,-1.83,180.86,True
TR-AUDUSD-2025-04-30T153000-0499,AUDUSD,5,2025-04-30 15:30:00,2025-04-30 17:00:00,180.86,1.81,0.02,0.63854,0.63969,0.63639,0.63639,WIN,0.07,4.3,4.23,185.09,True
TR-AUDUSD-2025-05-01T033000-0500,AUDUSD,2,2025-05-01 03:30:00,2025-05-01 04:50:00,185.09,1.85,0.05,0.64126,0.6407,0.64192,0.64065,LOSS,0.18,-3.03,-3.2,181.89,True
TR-AUDUSD-2025-05-01T150000-0501,AUDUSD,5,2025-05-01 15:00:00,2025-05-01 15:30:00,181.89,1.82,0.02,0.63927,0.64018,0.6376,0.6393,BREAKEVEN,0.07,-0.06,-0.13,181.76,True
TR-AUDUSD-2025-05-02T101000-0502,AUDUSD,2,2025-05-02 10:10:00,2025-05-02 12:40:00,181.76,1.82,0.02,0.64176,0.64074,0.64341,0.64341,WIN,0.07,3.3,3.23,184.99,True
TR-AUDUSD-2025-05-02T150000-0503,AUDUSD,2,2025-05-02 15:00:00,2025-05-02 15:30:00,184.99,1.85,0.04,0.64337,0.64275,0.64403,0.6427,LOSS,0.14,-2.66,-2.8,182.19,True
TR-AUDUSD-2025-05-02T154000-0504,AUDUSD,2,2025-05-02 15:40:00,2025-05-06 12:30:00,182.19,1.82,0.01,0.64404,0.64099,0.64963,0.64401,BREAKEVEN,0.04,-0.03,-0.06,182.12,True
TR-AUDUSD-2025-05-07T041000-0505,AUDUSD,5,2025-05-07 04:10:00,2025-05-07 04:30:00,182.12,1.82,0.02,0.65015,0.64897,0.65203,0.64892,LOSS,0.07,-2.46,-2.53,179.59,True
TR-AUDUSD-2025-05-07T153000-0506,AUDUSD,5,2025-05-07 15:30:00,2025-05-07 17:50:00,179.59,1.8,0.03,0.647,0.64775,0.64564,0.64702,BREAKEVEN,0.1,-0.09,-0.19,179.4,True
TR-AUDUSD-2025-05-08T033000-0507,AUDUSD,6,2025-05-08 03:30:00,2025-05-08 04:00:00,179.4,1.79,0.03,0.64328,0.64393,0.64213,0.64398,LOSS,0.1,-2.1,-2.21,177.19,True
TR-AUDUSD-2025-05-08T081000-0508,AUDUSD,5,2025-05-08 08:10:00,2025-05-08 09:30:00,177.19,1.77,0.02,0.64493,0.64609,0.64276,0.64276,WIN,0.07,4.34,4.27,181.46,True
TR-AUDUSD-2025-05-08T100000-0509,AUDUSD,5,2025-05-08 10:00:00,2025-05-08 16:10:00,181.46,1.81,0.01,0.64075,0.64286,0.63668,0.64291,LOSS,0.04,-2.16,-2.19,179.27,True
TR-AUDUSD-2025-05-09T032000-0510,AUDUSD,5,2025-05-09 03:20:00,2025-05-09 05:10:00,179.27,1.79,0.03,0.6393,0.64006,0.63793,0.63793,WIN,0.1,4.11,4.0,183.27,True
TR-AUDUSD-2025-05-09T100000-0511,AUDUSD,2,2025-05-09 10:00:00,2025-05-09 10:40:00,183.27,1.83,0.03,0.64008,0.64077,0.63885,0.64082,LOSS,0.1,-2.22,-2.32,180.95,True
TR-AUDUSD-2025-05-12T100000-0512,AUDUSD,2,2025-05-12 10:00:00,2025-05-12 10:10:00,180.95,1.81,0.05,0.64352,0.64295,0.64412,0.64412,WIN,0.18,3.0,2.83,183.77,True
TR-AUDUSD-2025-05-13T033000-0513,AUDUSD,2,2025-05-13 03:30:00,2025-05-13 04:20:00,183.77,1.84,0.03,0.63706,0.63784,0.63566,0.6371,BREAKEVEN,0.1,-0.09,-0.19,183.58,True
TR-AUDUSD-2025-05-13T153000-0514,AUDUSD,5,2025-05-13 15:30:00,2025-05-13 15:50:00,183.58,1.84,0.02,0.64125,0.64032,0.64256,0.64256,WIN,0.07,2.62,2.55,186.13,True
TR-AUDUSD-2025-05-14T043000-0515,AUDUSD,5,2025-05-14 04:30:00,2025-05-14 11:10:00,186.13,1.86,0.02,0.64764,0.64655,0.64929,0.64929,WIN,0.07,3.3,3.23,189.36,True
TR-AUDUSD-2025-05-15T073000-0516,AUDUSD,5,2025-05-15 07:30:00,2025-05-15 08:30:00,189.36,1.89,0.03,0.64382,0.64446,0.64269,0.64269,WIN,0.1,3.39,3.28,192.64,True
TR-AUDUSD-2025-05-15T101000-0517,AUDUSD,5,2025-05-15 10:10:00,2025-05-15 11:00:00,192.64,1.93,0.02,0.64361,0.6446,0.64178,0.64178,WIN,0.07,3.66,3.59,196.23,True
TR-AUDUSD-2025-05-15T155000-0518,AUDUSD,2,2025-05-15 15:50:00,2025-05-16 06:30:00,196.23,1.96,0.01,0.64081,0.64229,0.638,0.64234,LOSS,0.04,-1.53,-1.56,194.67,True
TR-AUDUSD-2025-05-19T082000-0519,AUDUSD,5,2025-05-19 08:20:00,2025-05-19 10:00:00,194.67,1.95,0.02,0.64042,0.64132,0.63878,0.64137,LOSS,0.07,-1.89,-1.96,192.71,True
TR-AUDUSD-2025-05-20T151000-0520,AUDUSD,5,2025-05-20 15:10:00,2025-05-20 19:20:00,192.71,1.93,0.02,0.6408,0.64174,0.63908,0.64083,BREAKEVEN,0.07,-0.06,-0.13,192.58,True
TR-AUDUSD-2025-05-21T152000-0521,AUDUSD,2,2025-05-21 15:20:00,2025-05-21 16:40:00,192.58,1.93,0.02,0.64496,0.64384,0.64678,0.64379,LOSS,0.07,-2.34,-2.41,190.17,True
TR-AUDUSD-2025-05-22T034000-0522,AUDUSD,5,2025-05-22 03:40:00,2025-05-22 05:50:00,190.17,1.9,0.02,0.64367,0.64457,0.64202,0.64462,LOSS,0.07,-1.9,-1.97,188.2,True
TR-AUDUSD-2025-05-22T103000-0523,AUDUSD,2,2025-05-22 10:30:00,2025-05-22 11:50:00,188.2,1.88,0.02,0.64431,0.64326,0.64593,0.64428,BREAKEVEN,0.07,-0.06,-0.13,188.07,True
TR-AUDUSD-2025-05-23T101000-0524,AUDUSD,2,2025-05-23 10:10:00,2025-05-23 12:40:00,188.07,1.88,0.02,0.64367,0.64243,0.64569,0.64569,WIN,0.07,4.04,3.97,192.04,True
TR-AUDUSD-2025-05-26T033000-0525,AUDUSD,5,2025-05-26 03:30:00,2025-05-26 04:40:00,192.04,1.92,0.03,0.6504,0.64954,0.65169,0.65169,WIN,0.1,3.84,3.74,195.77,True
TR-AUDUSD-2025-05-26T075000-0526,AUDUSD,5,2025-05-26 07:50:00,2025-05-26 10:30:00,195.77,1.96,0.03,0.65227,0.65143,0.65345,0.65138,LOSS,0.1,-2.68,-2.79,192.98,True
TR-AUDUSD-2025-05-26T150000-0527,AUDUSD,5,2025-05-26 15:00:00,2025-05-26 15:50:00,192.98,1.93,0.03,0.65088,0.65012,0.65197,0.65007,LOSS,0.1,-2.42,-2.52,190.46,True
TR-AUDUSD-2025-05-27T081000-0528,AUDUSD,5,2025-05-27 08:10:00,2025-05-27 09:10:00,190.46,1.9,0.01,0.64663,0.64811,0.64382,0.64816,LOSS,0.04,-1.53,-1.56,188.9,True
TR-AUDUSD-2025-05-27T095000-0529,AUDUSD,5,2025-05-27 09:50:00,2025-05-27 10:20:00,188.9,1.89,0.02,0.6482,0.64904,0.64667,0.64667,WIN,0.07,3.06,2.99,191.89,True
TR-AUDUSD-2025-05-27T150000-0530,AUDUSD,5,2025-05-27 15:00:00,2025-05-27 15:40:00,191.89,1.92,0.03,0.64458,0.64535,0.64318,0.6454,LOSS,0.1,-2.47,-2.58,189.31,True
TR-AUDUSD-2025-05-28T044000-0531,AUDUSD,5,2025-05-28 04:40:00,2025-05-28 05:20:00,189.31,1.89,0.01,0.64425,0.64563,0.64163,0.64428,BREAKEVEN,0.04,-0.03,-0.06,189.24,True
TR-AUDUSD-2025-05-28T155000-0532,AUDUSD,5,2025-05-28 15:50:00,2025-05-29 00:00:00,189.24,1.89,0.02,0.64308,0.6442,0.64099,0.64311,BREAKEVEN,0.07,-0.06,-0.13,189.11,True
TR-AUDUSD-2025-05-29T024000-0533,AUDUSD,5,2025-05-29 02:40:00,2025-05-29 07:20:00,189.11,1.89,0.01,0.64254,0.6439,0.63996,0.64256,BREAKEVEN,0.04,-0.03,-0.06,189.05,True
TR-AUDUSD-2025-05-29T154000-0534,AUDUSD,2,2025-05-29 15:40:00,2025-05-29 17:00:00,189.05,1.89,0.02,0.64494,0.64358,0.64724,0.64353,LOSS,0.07,-2.82,-2.89,186.16,True
TR-AUDUSD-2025-05-30T032000-0535,AUDUSD,2,2025-05-30 03:20:00,2025-05-30 04:10:00,186.16,1.86,0.03,0.64479,0.64393,0.64602,0.64388,LOSS,0.1,-2.72,-2.82,183.34,True
TR-AUDUSD-2025-05-30T100000-0536,AUDUSD,5,2025-05-30 10:00:00,2025-05-30 11:30:00,183.34,1.83,0.02,0.64226,0.64312,0.64069,0.64229,BREAKEVEN,0.07,-0.06,-0.13,183.21,True
TR-AUDUSD-2025-05-30T151000-0537,AUDUSD,5,2025-05-30 15:10:00,2025-05-30 17:30:00,183.21,1.83,0.01,0.64157,0.64284,0.63917,0.64289,LOSS,0.04,-1.32,-1.36,181.85,True
TR-AUDUSD-2025-06-02T031000-0538,AUDUSD,2,2025-06-02 03:10:00,2025-06-02 04:30:00,181.85,1.82,0.02,0.64501,0.64385,0.6469,0.6469,WIN,0.07,3.78,3.71,185.56,True
TR-AUDUSD-2025-06-02T102000-0539,AUDUSD,5,2025-06-02 10:20:00,2025-06-02 17:50:00,185.56,1.86,0.02,0.64758,0.6463,0.6497,0.6497,WIN,0.07,4.24,4.17,189.73,True
TR-AUDUSD-2025-06-03T030000-0540,AUDUSD,2,2025-06-03 03:00:00,2025-06-03 03:20:00,189.73,1.9,0.03,0.64982,0.649,0.651,0.64895,LOSS,0.1,-2.6,-2.7,187.03,True
TR-AUDUSD-2025-06-03T152000-0541,AUDUSD,2,2025-06-03 15:20:00,2025-06-03 17:20:00,187.03,1.87,0.02,0.64534,0.6463,0.64357,0.64635,LOSS,0.07,-2.02,-2.09,184.94,True
TR-AUDUSD-2025-06-04T031000-0542,AUDUSD,5,2025-06-04 03:10:00,2025-06-04 04:10:00,184.94,1.85,0.03,0.64617,0.64684,0.64498,0.6462,BREAKEVEN,0.1,-0.09,-0.19,184.74,True
TR-AUDUSD-2025-06-04T150000-0543,AUDUSD,2,2025-06-04 15:00:00,2025-06-04 15:30:00,184.74,1.85,0.05,0.64869,0.64814,0.64935,0.64866,BREAKEVEN,0.18,-0.15,-0.32,184.42,True
TR-AUDUSD-2025-06-05T032000-0544,AUDUSD,5,2025-06-05 03:20:00,2025-06-05 05:10:00,184.42,1.84,0.02,0.64949,0.64852,0.65092,0.64946,BREAKEVEN,0.07,-0.06,-0.13,184.29,True
TR-AUDUSD-2025-06-05T092000-0545,AUDUSD,2,2025-06-05 09:20:00,2025-06-05 12:20:00,184.29,1.84,0.02,0.64946,0.64846,0.65104,0.65104,WIN,0.07,3.16,3.09,187.38,True
TR-AUDUSD-2025-06-05T153000-0546,AUDUSD,5,2025-06-05 15:30:00,2025-06-05 16:20:00,187.38,1.87,0.02,0.65128,0.65034,0.65272,0.65272,WIN,0.07,2.88,2.81,190.19,True
TR-AUDUSD-2025-06-06T030000-0547,AUDUSD,2,2025-06-06 03:00:00,2025-06-06 04:00:00,190.19,1.9,0.05,0.651,0.65047,0.65164,0.65097,BREAKEVEN,0.18,-0.15,-0.32,189.86,True
TR-AUDUSD-2025-06-06T151000-0548,AUDUSD,5,2025-06-06 15:10:00,2025-06-06 15:50:00,189.86,1.9,0.02,0.64886,0.64991,0.64693,0.64996,LOSS,0.07,-2.19,-2.26,187.6,True
TR-AUDUSD-2025-06-09T032000-0549,AUDUSD,5,2025-06-09 03:20:00,2025-06-09 03:50:00,187.6,1.88,0.03,0.64957,0.65024,0.64837,0.65029,LOSS,0.1,-2.17,-2.28,185.32,True
TR-AUDUSD-2025-06-09T100000-0550,AUDUSD,2,2025-06-09 10:00:00,2025-06-09 11:40:00,185.32,1.85,0.03,0.65164,0.65084,0.65282,0.65282,WIN,0.1,3.54,3.43,188.76,True
TR-AUDUSD-2025-06-10T032000-0551,AUDUSD,2,2025-06-10 03:20:00,2025-06-10 04:50:00,188.76,1.89,0.05,0.65186,0.65131,0.65252,0.65126,LOSS,0.18,-2.98,-3.15,185.61,True
TR-AUDUSD-2025-06-11T101000-0552,AUDUSD,2,2025-06-11 10:10:00,2025-06-11 15:30:00,185.61,1.86,0.02,0.6511,0.65192,0.6496,0.65197,LOSS,0.07,-1.75,-1.82,183.79,True
TR-AUDUSD-2025-06-12T044000-0553,AUDUSD,5,2025-06-12 04:40:00,2025-06-12 11:50:00,183.79,1.84,0.02,0.64977,0.65099,0.64747,0.6498,BREAKEVEN,0.07,-0.06,-0.13,183.66,True
TR-AUDUSD-2025-06-16T040000-0554,AUDUSD,5,2025-06-16 04:00:00,2025-06-16 06:20:00,183.66,1.84,0.02,0.64904,0.64982,0.64762,0.64762,WIN,0.07,2.84,2.77,186.43,True
TR-AUDUSD-2025-06-16T150000-0555,AUDUSD,5,2025-06-16 15:00:00,2025-06-16 16:30:00,186.43,1.86,0.02,0.65214,0.65118,0.65364,0.65364,WIN,0.07,3.0,2.93,189.36,True
TR-AUDUSD-2025-06-17T045000-0556,AUDUSD,2,2025-06-17 04:50:00,2025-06-17 07:20:00,189.36,1.89,0.02,0.65194,0.6509,0.65352,0.65352,WIN,0.07,3.16,3.09,192.45,True
TR-AUDUSD-2025-06-17T094000-0557,AUDUSD,5,2025-06-17 09:40:00,2025-06-17 15:50:00,192.45,1.92,0.02,0.65375,0.65266,0.65545,0.65261,LOSS,0.07,-2.28,-2.35,190.1,True
TR-AUDUSD-2025-06-19T085000-0558,AUDUSD,2,2025-06-19 08:50:00,2025-06-19 17:30:00,190.1,1.9,0.02,0.64726,0.64854,0.64485,0.64485,WIN,0.07,4.82,4.75,194.85,True
TR-AUDUSD-2025-06-20T154000-0559,AUDUSD,2,2025-06-20 15:40:00,2025-06-20 16:40:00,194.85,1.95,0.02,0.64935,0.6482,0.6512,0.64815,LOSS,0.07,-2.4,-2.47,192.38,True
TR-AUDUSD-2025-06-23T031000-0560,AUDUSD,2,2025-06-23 03:10:00,2025-06-23 05:50:00,192.38,1.92,0.02,0.64399,0.64516,0.6418,0.6418,WIN,0.07,4.38,4.31,196.69,True
TR-AUDUSD-2025-06-25T045000-0561,AUDUSD,5,2025-06-25 04:50:00,2025-06-26 06:10:00,196.69,1.97,0.01,0.65024,0.64849,0.65329,0.65329,WIN,0.04,3.05,3.02,199.7,False
TR-AUDUSD-2025-06-26T101000-0562,AUDUSD,2,2025-06-26 10:10:00,2025-06-26 11:40:00,199.7,2.0,0.02,0.65316,0.65217,0.65475,0.65475,WIN,0.07,3.18,3.11,202.81,True
TR-AUDUSD-2025-06-26T151000-0563,AUDUSD,2,2025-06-26 15:10:00,2025-06-26 15:40:00,202.81,2.03,0.05,0.65335,0.65277,0.6541,0.65332,BREAKEVEN,0.18,-0.15,-0.32,202.49,True
TR-AUDUSD-2025-06-27T030000-0564,AUDUSD,2,2025-06-27 03:00:00,2025-06-27 05:00:00,202.49,2.02,0.05,0.65492,0.65439,0.65554,0.65554,WIN,0.18,3.1,2.92,205.41,True
TR-AUDUSD-2025-06-27T154000-0565,AUDUSD,2,2025-06-27 15:40:00,2025-06-27 17:00:00,205.41,2.05,0.02,0.65413,0.6529,0.65621,0.65285,LOSS,0.07,-2.57,-2.64,202.77,True
TR-AUDUSD-2025-06-30T035000-0566,AUDUSD,6,2025-06-30 03:50:00,2025-06-30 04:40:00,202.77,2.03,0.03,0.65332,0.65412,0.65186,0.65417,LOSS,0.1,-2.56,-2.67,200.1,True
TR-AUDUSD-2025-07-01T084000-0567,AUDUSD,2,2025-07-01 08:40:00,2025-07-01 11:00:00,200.1,2.0,0.03,0.65759,0.65686,0.65866,0.65866,WIN,0.1,3.21,3.1,203.21,False
TR-AUDUSD-2025-07-02T150000-0568,AUDUSD,5,2025-07-02 15:00:00,2025-07-02 18:20:00,203.21,2.03,0.02,0.65557,0.65695,0.65296,0.657,LOSS,0.07,-2.86,-2.93,200.28,True
TR-AUDUSD-2025-07-03T103000-0569,AUDUSD,2,2025-07-03 10:30:00,2025-07-03 15:10:00,200.28,2.0,0.03,0.65793,0.65717,0.65902,0.65712,LOSS,0.1,-2.42,-2.52,197.76,True
TR-AUDUSD-2025-07-03T154000-0570,AUDUSD,2,2025-07-03 15:40:00,2025-07-03 16:20:00,197.76,1.98,0.01,0.65606,0.65772,0.65291,0.6561,BREAKEVEN,0.04,-0.03,-0.06,197.69,True
TR-AUDUSD-2025-07-04T090000-0571,AUDUSD,5,2025-07-04 09:00:00,2025-07-04 10:20:00,197.69,1.98,0.03,0.65714,0.65789,0.65579,0.65579,WIN,0.1,4.05,3.95,201.64,True
TR-AUDUSD-2025-07-04T105000-0572,AUDUSD,5,2025-07-04 10:50:00,2025-07-04 13:20:00,201.64,2.02,0.03,0.65547,0.65617,0.65422,0.65622,LOSS,0.1,-2.25,-2.35,199.28,True
TR-AUDUSD-2025-07-04T153000-0573,AUDUSD,5,2025-07-04 15:30:00,2025-07-07 00:10:00,199.28,1.99,0.03,0.65537,0.6562,0.65385,0.65625,LOSS,0.1,-2.65,-2.76,196.52,True
TR-AUDUSD-2025-07-07T030000-0574,AUDUSD,5,2025-07-07 03:00:00,2025-07-07 04:00:00,196.52,1.97,0.03,0.65489,0.65561,0.6536,0.6536,WIN,0.1,3.87,3.76,200.29,True
TR-AUDUSD-2025-07-07T044000-0575,AUDUSD,5,2025-07-07 04:40:00,2025-07-07 07:40:00,200.29,2.0,0.02,0.65317,0.65417,0.65132,0.65132,WIN,0.07,3.7,3.63,203.92,True
TR-AUDUSD-2025-07-07T103000-0576,AUDUSD,5,2025-07-07 10:30:00,2025-07-07 12:10:00,203.92,2.04,0.02,0.65072,0.65162,0.64907,0.64907,WIN,0.07,3.3,3.23,207.15,True
TR-AUDUSD-2025-07-09T035000-0577,AUDUSD,2,2025-07-09 03:50:00,2025-07-09 05:50:00,207.15,2.07,0.02,0.653,0.65199,0.6546,0.65194,LOSS,0.07,-2.12,-2.19,204.96,True
TR-AUDUSD-2025-07-09T100000-0578,AUDUSD,5,2025-07-09 10:00:00,2025-07-09 11:00:00,204.96,2.05,0.01,0.65378,0.65215,0.65664,0.6521,LOSS,0.04,-1.68,-1.71,203.25,True
TR-AUDUSD-2025-07-10T031000-0579,AUDUSD,2,2025-07-10 03:10:00,2025-07-10 03:30:00,203.25,2.03,0.05,0.65359,0.653,0.65434,0.65434,WIN,0.18,3.75,3.58,206.82,False
TR-AUDUSD-2025-07-10T034000-0580,AUDUSD,2,2025-07-10 03:40:00,2025-07-10 13:30:00,206.82,2.07,0.02,0.6545,0.65341,0.65629,0.65629,WIN,0.07,3.58,3.51,210.33,True
TR-AUDUSD-2025-07-11T095000-0581,AUDUSD,2,2025-07-11 09:50:00,2025-07-11 11:10:00,210.33,2.1,0.03,0.65862,0.65784,0.65974,0.65779,LOSS,0.1,-2.47,-2.58,207.75,True
TR-AUDUSD-2025-07-14T032000-0582,AUDUSD,2,2025-07-14 03:20:00,2025-07-14 04:20:00,207.75,2.08,0.02,0.65825,0.65709,0.66008,0.65704,LOSS,0.07,-2.43,-2.5,205.25,True
TR-AUDUSD-2025-07-14T155000-0583,AUDUSD,2,2025-07-14 15:50:00,2025-07-15 10:40:00,205.25,2.05,0.02,0.65591,0.65731,0.65327,0.65594,BREAKEVEN,0.07,-0.06,-0.13,205.12,True
TR-AUDUSD-2025-07-15T153000-0584,AUDUSD,2,2025-07-15 15:30:00,2025-07-15 16:00:00,205.12,2.05,0.05,0.65629,0.65574,0.65688,0.65688,WIN,0.18,2.95,2.78,207.9,True
TR-AUDUSD-2025-07-16T031000-0585,AUDUSD,5,2025-07-16 03:10:00,2025-07-16 03:40:00,207.9,2.08,0.03,0.65184,0.6525,0.65066,0.65255,LOSS,0.1,-2.14,-2.25,205.65,True
TR-AUDUSD-2025-07-16T104000-0586,AUDUSD,5,2025-07-16 10:40:00,2025-07-16 15:30:00,205.65,2.06,0.03,0.65243,0.65316,0.65112,0.65246,BREAKEVEN,0.1,-0.09,-0.19,205.45,False
TR-AUDUSD-2025-07-17T030000-0587,AUDUSD,5,2025-07-17 03:00:00,2025-07-17 04:30:00,205.45,2.05,0.03,0.65215,0.65292,0.65077,0.65077,WIN,0.1,4.14,4.04,209.49,True
TR-AUDUSD-2025-07-17T153000-0588,AUDUSD,5,2025-07-17 15:30:00,2025-07-17 15:50:00,209.49,2.09,0.03,0.64572,0.64658,0.64417,0.64663,LOSS,0.1,-2.71,-2.82,206.67,True
TR-AUDUSD-2025-07-18T100000-0589,AUDUSD,2,2025-07-18 10:00:00,2025-07-18 14:00:00,206.67,2.07,0.03,0.65073,0.64985,0.6521,0.6521,WIN,0.1,4.11,4.01,210.67,False
TR-AUDUSD-2025-07-18T151000-0590,AUDUSD,2,2025-07-18 15:10:00,2025-07-18 15:40:00,210.67,2.11,0.06,0.65234,0.65183,0.65297,0.65297,WIN,0.21,3.78,3.57,214.24,True
TR-AUDUSD-2025-07-21T150000-0591,AUDUSD,2,2025-07-21 15:00:00,2025-07-21 23:00:00,214.24,2.14,0.02,0.65242,0.65132,0.6542,0.65239,BREAKEVEN,0.07,-0.06,-0.13,214.11,True
TR-AUDUSD-2025-07-23T033000-0592,AUDUSD,2,2025-07-23 03:30:00,2025-07-23 06:30:00,214.11,2.14,0.03,0.65545,0.65463,0.65671,0.65671,WIN,0.1,3.78,3.67,217.79,True
TR-AUDUSD-2025-07-23T100000-0593,AUDUSD,2,2025-07-23 10:00:00,2025-07-23 11:40:00,217.79,2.18,0.03,0.65673,0.65579,0.65816,0.65816,WIN,0.1,4.29,4.18,221.97,True
TR-AUDUSD-2025-07-25T074000-0594,AUDUSD,5,2025-07-25 07:40:00,2025-07-28 00:00:00,221.97,2.22,0.01,0.6575,0.65913,0.65439,0.65753,BREAKEVEN,0.04,-0.03,-0.06,221.91,True
TR-AUDUSD-2025-07-28T044000-0595,AUDUSD,5,2025-07-28 04:40:00,2025-07-28 09:30:00,221.91,2.22,0.02,0.65732,0.65855,0.65503,0.65503,WIN,0.07,4.6,4.53,226.44,True
TR-AUDUSD-2025-07-28T154000-0596,AUDUSD,1,2025-07-28 15:40:00,2025-07-28 16:00:00,226.44,2.26,0.05,0.65289,0.65342,0.65197,0.65347,LOSS,0.18,-2.92,-3.1,223.34,True
TR-AUDUSD-2025-07-29T030000-0597,AUDUSD,5,2025-07-29 03:00:00,2025-07-29 04:20:00,223.34,2.23,0.04,0.65201,0.65262,0.65093,0.65204,BREAKEVEN,0.14,-0.12,-0.26,223.08,True
TR-AUDUSD-2025-07-29T100000-0598,AUDUSD,2,2025-07-29 10:00:00,2025-07-30 04:00:00,223.08,2.23,0.01,0.65084,0.65266,0.64737,0.65271,LOSS,0.04,-1.86,-1.9,221.18,True
TR-AUDUSD-2025-07-30T043000-0599,AUDUSD,5,2025-07-30 04:30:00,2025-07-30 15:20:00,221.18,2.21,0.01,0.65141,0.65308,0.64822,0.64822,WIN,0.04,3.19,3.15,224.33,True
TR-AUDUSD-2025-07-31T031000-0600,AUDUSD,5,2025-07-31 03:10:00,2025-07-31 04:30:00,224.33,2.24,0.04,0.64452,0.64516,0.64341,0.64456,BREAKEVEN,0.14,-0.12,-0.26,224.07,True
TR-AUDUSD-2025-07-31T155000-0601,AUDUSD,2,2025-07-31 15:50:00,2025-07-31 18:40:00,224.07,2.24,0.03,0.64385,0.64461,0.64248,0.64388,BREAKEVEN,0.1,-0.09,-0.19,223.88,True
TR-AUDUSD-2025-08-01T045000-0602,AUDUSD,5,2025-08-01 04:50:00,2025-08-01 14:20:00,223.88,2.24,0.03,0.6432,0.64414,0.64146,0.64323,BREAKEVEN,0.1,-0.09,-0.19,223.68,True
TR-AUDUSD-2025-08-01T150000-0603,AUDUSD,2,2025-08-01 15:00:00,2025-08-01 15:30:00,223.68,2.24,0.03,0.64244,0.64335,0.64075,0.6434,LOSS,0.1,-2.89,-3.0,220.68,True
TR-AUDUSD-2025-08-04T035000-0604,AUDUSD,2,2025-08-04 03:50:00,2025-08-04 04:10:00,220.68,2.21,0.06,0.64687,0.64637,0.64745,0.64684,BREAKEVEN,0.21,-0.18,-0.39,220.29,True
TR-AUDUSD-2025-08-04T153000-0605,AUDUSD,2,2025-08-04 15:30:00,2025-08-04 17:10:00,220.29,2.2,0.03,0.64845,0.6476,0.6497,0.64755,LOSS,0.1,-2.7,-2.8,217.49,True
TR-AUDUSD-2025-08-05T105000-0606,AUDUSD,5,2025-08-05 10:50:00,2025-08-05 17:00:00,217.49,2.17,0.02,0.64614,0.64749,0.64358,0.64754,LOSS,0.07,-2.81,-2.88,214.61,True
TR-AUDUSD-2025-08-06T031000-0607,AUDUSD,2,2025-08-06 03:10:00,2025-08-06 07:40:00,214.61,2.15,0.02,0.64774,0.64672,0.64939,0.64939,WIN,0.07,3.3,3.23,217.84,True
TR-AUDUSD-2025-08-06T103000-0608,AUDUSD,2,2025-08-06 10:30:00,2025-08-06 14:00:00,217.84,2.18,0.03,0.6492,0.64842,0.65036,0.65036,WIN,0.1,3.45,3.35,221.18,True
TR-AUDUSD-2025-08-07T092000-0609,AUDUSD,5,2025-08-07 09:20:00,2025-08-07 11:00:00,221.18,2.21,0.03,0.65204,0.65105,0.65364,0.65364,WIN,0.1,4.8,4.7,225.88,True
TR-AUDUSD-2025-08-08T092000-0610,AUDUSD,2,2025-08-08 09:20:00,2025-08-08 11:40:00,225.88,2.26,0.03,0.65219,0.65133,0.65355,0.65216,BREAKEVEN,0.1,-0.09,-0.19,225.68,True
TR-AUDUSD-2025-08-11T150000-0611,AUDUSD,2,2025-08-11 15:00:00,2025-08-12 03:40:00,225.68,2.26,0.03,0.65111,0.65204,0.6494,0.65209,LOSS,0.1,-2.94,-3.04,222.64,True
TR-AUDUSD-2025-08-13T093000-0612,AUDUSD,5,2025-08-13 09:30:00,2025-08-13 09:50:00,222.64,2.23,0.04,0.65336,0.65261,0.65434,0.65434,WIN,0.14,3.92,3.78,226.42,True
TR-AUDUSD-2025-08-13T103000-0613,AUDUSD,5,2025-08-13 10:30:00,2025-08-13 21:00:00,226.42,2.26,0.02,0.65513,0.65397,0.65704,0.65392,LOSS,0.07,-2.41,-2.48,223.94,True
TR-AUDUSD-2025-08-14T024000-0614,AUDUSD,5,2025-08-14 02:40:00,2025-08-14 04:30:00,223.94,2.24,0.04,0.65496,0.65428,0.65593,0.65593,WIN,0.14,3.88,3.74,227.68,True
TR-AUDUSD-2025-08-14T153000-0615,AUDUSD,5,2025-08-14 15:30:00,2025-08-15 11:00:00,227.68,2.28,0.02,0.65136,0.65289,0.64844,0.65138,BREAKEVEN,0.07,-0.06,-0.13,227.55,True
TR-AUDUSD-2025-08-18T102000-0616,AUDUSD,5,2025-08-18 10:20:00,2025-08-18 15:40:00,227.55,2.28,0.04,0.65144,0.65065,0.6526,0.6506,LOSS,0.14,-3.36,-3.5,224.05,True
TR-AUDUSD-2025-08-19T103000-0617,AUDUSD,1,2025-08-19 10:30:00,2025-08-19 12:20:00,224.05,2.24,0.03,0.64894,0.64968,0.64763,0.64898,BREAKEVEN,0.1,-0.09,-0.19,223.85,False
TR-AUDUSD-2025-08-19T153000-0618,AUDUSD,5,2025-08-19 15:30:00,2025-08-19 16:20:00,223.85,2.24,0.03,0.64901,0.64974,0.6477,0.6477,WIN,0.1,3.93,3.83,227.68,True
TR-AUDUSD-2025-08-20T031000-0619,AUDUSD,2,2025-08-20 03:10:00,2025-08-20 05:20:00,227.68,2.28,0.03,0.64498,0.64581,0.64347,0.64347,WIN,0.1,4.53,4.43,232.1,False
TR-AUDUSD-2025-08-21T035000-0620,AUDUSD,2,2025-08-21 03:50:00,2025-08-21 12:10:00,232.1,2.32,0.03,0.6429,0.64374,0.64138,0.64293,BREAKEVEN,0.1,-0.09,-0.19,231.91,True
TR-AUDUSD-2025-08-21T150000-0621,AUDUSD,5,2025-08-21 15:00:00,2025-08-22 17:00:00,231.91,2.32,0.03,0.64244,0.64333,0.64081,0.64338,LOSS,0.1,-2.82,-2.92,228.98,False
TR-AUDUSD-2025-08-26T031000-0622,AUDUSD,2,2025-08-26 03:10:00,2025-08-26 05:00:00,228.98,2.29,0.03,0.64847,0.64759,0.64976,0.64754,LOSS,0.1,-2.8,-2.91,226.07,True
TR-AUDUSD-2025-08-28T151000-0623,AUDUSD,2,2025-08-28 15:10:00,2025-08-28 16:40:00,226.07,2.26,0.03,0.65299,0.65216,0.65418,0.65211,LOSS,0.1,-2.62,-2.73,223.34,True
TR-AUDUSD-2025-08-29T030000-0624,AUDUSD,2,2025-08-29 03:00:00,2025-08-29 04:20:00,223.34,2.23,0.06,0.65303,0.65251,0.65359,0.653,BREAKEVEN,0.21,-0.18,-0.39,222.95,True
TR-AUDUSD-2025-08-29T044000-0625,AUDUSD,5,2025-08-29 04:40:00,2025-08-29 15:10:00,222.95,2.23,0.03,0.65356,0.65253,0.65518,0.65248,LOSS,0.1,-3.22,-3.33,219.62,True
TR-AUDUSD-2025-09-01T031000-0626,AUDUSD,2,2025-09-01 03:10:00,2025-09-01 04:30:00,219.62,2.2,0.04,0.65448,0.65377,0.65551,0.65372,LOSS,0.14,-3.04,-3.18,216.44,True
TR-AUDUSD-2025-09-01T094000-0627,AUDUSD,2,2025-09-01 09:40:00,2025-09-01 13:10:00,216.44,2.16,0.03,0.65444,0.65357,0.65576,0.65576,WIN,0.1,3.96,3.85,220.3,False
TR-AUDUSD-2025-09-02T102000-0628,AUDUSD,5,2025-09-02 10:20:00,2025-09-02 10:40:00,220.3,2.2,0.02,0.65357,0.65461,0.65165,0.65165,WIN,0.07,3.84,3.77,224.07,True
TR-AUDUSD-2025-09-02T105000-0629,AUDUSD,2,2025-09-02 10:50:00,2025-09-02 17:00:00,224.07,2.24,0.01,0.65119,0.65367,0.64638,0.65122,BREAKEVEN,0.04,-0.03,-0.06,224.0,True
TR-AUDUSD-2025-09-03T032000-0630,AUDUSD,5,2025-09-03 03:20:00,2025-09-03 04:30:00,224.0,2.24,0.04,0.65158,0.65223,0.65043,0.65228,LOSS,0.14,-2.8,-2.94,221.06,True
TR-AUDUSD-2025-09-03T084000-0631,AUDUSD,5,2025-09-03 08:40:00,2025-09-03 10:40:00,221.06,2.21,0.03,0.65152,0.65244,0.64983,0.65155,BREAKEVEN,0.1,-0.09,-0.19,220.87,True
TR-AUDUSD-2025-09-04T031000-0632,AUDUSD,2,2025-09-04 03:10:00,2025-09-04 04:50:00,220.87,2.21,0.06,0.6545,0.654,0.65506,0.65395,LOSS,0.21,-3.33,-3.54,217.33,True
TR-AUDUSD-2025-09-04T153000-0633,AUDUSD,2,2025-09-04 15:30:00,2025-09-04 16:40:00,217.33,2.17,0.03,0.65158,0.65231,0.65028,0.65236,LOSS,0.1,-2.32,-2.43,214.9,True
TR-AUDUSD-2025-09-05T101000-0634,AUDUSD,2,2025-09-05 10:10:00,2025-09-05 15:30:00,214.9,2.15,0.03,0.65378,0.65286,0.6552,0.6552,WIN,0.1,4.26,4.15,219.05,True
TR-AUDUSD-2025-09-05T154000-0635,AUDUSD,2,2025-09-05 15:40:00,2025-09-05 16:40:00,219.05,2.19,0.01,0.6554,0.65375,0.65829,0.65829,WIN,0.04,2.89,2.85,221.91,True
TR-AUDUSD-2025-09-08T040000-0636,AUDUSD,5,2025-09-08 04:00:00,2025-09-08 05:00:00,221.91,2.22,0.03,0.65547,0.65469,0.65662,0.65662,WIN,0.1,3.48,3.37,225.28,True
TR-AUDUSD-2025-09-08T104000-0637,AUDUSD,5,2025-09-08 10:40:00,2025-09-08 17:20:00,225.28,2.25,0.02,0.65842,0.65718,0.66045,0.65839,BREAKEVEN,0.07,-0.06,-0.13,225.15,True
TR-AUDUSD-2025-09-10T042000-0638,AUDUSD,5,2025-09-10 04:20:00,2025-09-10 05:10:00,225.15,2.25,0.04,0.65865,0.6593,0.6575,0.65935,LOSS,0.14,-2.8,-2.94,222.21,True
TR-AUDUSD-2025-09-10T091000-0639,AUDUSD,2,2025-09-10 09:10:00,2025-09-10 09:40:00,222.21,2.22,0.04,0.66118,0.66044,0.66222,0.66039,LOSS,0.14,-3.14,-3.28,218.93,True
TR-AUDUSD-2025-09-10T153000-0640,AUDUSD,2,2025-09-10 15:30:00,2025-09-10 15:40:00,218.93,2.19,0.05,0.66052,0.65991,0.66123,0.66123,WIN,0.18,3.55,3.37,222.31,True
TR-AUDUSD-2025-09-11T100000-0641,AUDUSD,2,2025-09-11 10:00:00,2025-09-11 12:40:00,222.31,2.22,0.03,0.66114,0.6602,0.66258,0.66015,LOSS,0.1,-2.96,-3.06,219.25,True
TR-AUDUSD-2025-09-11T152000-0642,AUDUSD,5,2025-09-11 15:20:00,2025-09-11 15:30:00,219.25,2.19,0.04,0.6602,0.66078,0.65919,0.66023,BREAKEVEN,0.14,-0.12,-0.26,218.99,True
TR-AUDUSD-2025-09-12T100000-0643,AUDUSD,5,2025-09-12 10:00:00,2025-09-12 11:20:00,218.99,2.19,0.03,0.66576,0.66482,0.66726,0.66477,LOSS,0.1,-2.95,-3.06,215.93,True
TR-AUDUSD-2025-09-15T030000-0644,AUDUSD,2,2025-09-15 03:00:00,2025-09-15 04:10:00,215.93,2.16,0.06,0.66475,0.66425,0.66534,0.66534,WIN,0.21,3.54,3.33,219.26,True
TR-AUDUSD-2025-09-15T102000-0645,AUDUSD,2,2025-09-15 10:20:00,2025-09-16 05:40:00,219.26,2.19,0.03,0.66624,0.66526,0.66778,0.66621,BREAKEVEN,0.1,-0.09,-0.19,219.06,True
TR-AUDUSD-2025-09-18T030000-0646,AUDUSD,5,2025-09-18 03:00:00,2025-09-18 04:00:00,219.06,2.19,0.04,0.66526,0.66591,0.6641,0.66528,BREAKEVEN,0.14,-0.12,-0.26,218.8,True
TR-AUDUSD-2025-09-18T043000-0647,AUDUSD,5,2025-09-18 04:30:00,2025-09-18 10:40:00,218.8,2.19,0.02,0.66418,0.66568,0.66134,0.66421,BREAKEVEN,0.07,-0.06,-0.13,218.67,True
TR-AUDUSD-2025-09-18T153000-0648,AUDUSD,5,2025-09-18 15:30:00,2025-09-18 16:40:00,218.67,2.19,0.02,0.66434,0.66555,0.66207,0.66207,WIN,0.07,4.54,4.47,223.14,True
TR-AUDUSD-2025-09-19T032000-0649,AUDUSD,5,2025-09-19 03:20:00,2025-09-19 06:20:00,223.14,2.23,0.03,0.66134,0.66213,0.65992,0.66138,BREAKEVEN,0.1,-0.09,-0.19,222.95,True
TR-AUDUSD-2025-09-19T074000-0650,AUDUSD,5,2025-09-19 07:40:00,2025-09-22 00:10:00,222.95,2.23,0.02,0.6605,0.66177,0.65809,0.66052,BREAKEVEN,0.07,-0.06,-0.13,222.82,True
TR-AUDUSD-2025-09-22T034000-0651,AUDUSD,5,2025-09-22 03:40:00,2025-09-22 05:40:00,222.82,2.23,0.04,0.65914,0.65975,0.65807,0.65917,BREAKEVEN,0.14,-0.12,-0.26,222.56,True
TR-AUDUSD-2025-09-22T100000-0652,AUDUSD,6,2025-09-22 10:00:00,2025-09-22 11:10:00,222.56,2.23,0.03,0.65878,0.65957,0.65737,0.65882,BREAKEVEN,0.1,-0.09,-0.19,222.36,True
TR-AUDUSD-2025-09-22T153000-0653,AUDUSD,2,2025-09-22 15:30:00,2025-09-22 19:10:00,222.36,2.22,0.03,0.65921,0.66001,0.65776,0.65924,BREAKEVEN,0.1,-0.09,-0.19,222.17,True
TR-AUDUSD-2025-09-23T041000-0654,AUDUSD,5,2025-09-23 04:10:00,2025-09-23 09:50:00,222.17,2.22,0.03,0.65924,0.66005,0.65778,0.65928,BREAKEVEN,0.1,-0.09,-0.19,221.97,True
TR-AUDUSD-2025-09-23T101000-0655,AUDUSD,2,2025-09-23 10:10:00,2025-09-23 11:50:00,221.97,2.22,0.02,0.65896,0.65994,0.65715,0.65999,LOSS,0.07,-2.06,-2.13,219.84,True
TR-AUDUSD-2025-09-23T152000-0656,AUDUSD,2,2025-09-23 15:20:00,2025-09-23 16:50:00,219.84,2.2,0.03,0.66098,0.66004,0.66244,0.65999,LOSS,0.1,-2.97,-3.07,216.77,True
TR-AUDUSD-2025-09-24T044000-0657,AUDUSD,5,2025-09-24 04:40:00,2025-09-24 15:50:00,216.77,2.17,0.02,0.66004,0.65848,0.66266,0.66,BREAKEVEN,0.07,-0.06,-0.13,216.64,True
TR-AUDUSD-2025-09-25T101000-0658,AUDUSD,5,2025-09-25 10:10:00,2025-09-25 12:10:00,216.64,2.17,0.03,0.65926,0.66015,0.65762,0.6602,LOSS,0.1,-2.83,-2.94,213.7,True
TR-AUDUSD-2025-09-25T153000-0659,AUDUSD,5,2025-09-25 15:30:00,2025-09-25 16:50:00,213.7,2.14,0.02,0.65742,0.65864,0.65513,0.65513,WIN,0.07,4.58,4.51,218.21,True
TR-AUDUSD-2025-09-26T093000-0660,AUDUSD,5,2025-09-26 09:30:00,2025-09-26 10:50:00,218.21,2.18,0.04,0.6539,0.6545,0.65284,0.65284,WIN,0.14,4.24,4.1,222.31,True
TR-AUDUSD-2025-09-29T103000-0661,AUDUSD,2,2025-09-29 10:30:00,2025-09-29 14:30:00,222.31,2.22,0.03,0.65703,0.65603,0.65856,0.65598,LOSS,0.1,-3.16,-3.27,219.04,True
TR-AUDUSD-2025-09-29T150000-0662,AUDUSD,2,2025-09-29 15:00:00,2025-09-30 04:00:00,219.04,2.19,0.03,0.65661,0.65561,0.65819,0.65819,WIN,0.1,4.74,4.63,223.67,True
TR-AUDUSD-2025-09-30T041000-0663,AUDUSD,2,2025-09-30 04:10:00,2025-09-30 07:50:00,223.67,2.24,0.02,0.65812,0.65684,0.6602,0.6602,WIN,0.07,4.16,4.09,227.76,True
TR-AUDUSD-2025-09-30T151000-0664,AUDUSD,5,2025-09-30 15:10:00,2025-09-30 17:10:00,227.76,2.28,0.04,0.66106,0.66029,0.6621,0.6621,WIN,0.14,4.2,4.06,231.82,True
TR-AUDUSD-2025-10-01T080000-0665,AUDUSD,5,2025-10-01 08:00:00,2025-10-01 11:10:00,231.82,2.32,0.03,0.66003,0.65906,0.66154,0.66154,WIN,0.1,4.53,4.42,236.25,True
TR-AUDUSD-2025-10-01T152000-0666,AUDUSD,2,2025-10-01 15:20:00,2025-10-01 18:20:00,236.25,2.36,0.02,0.662,0.66044,0.66466,0.66039,LOSS,0.07,-3.21,-3.28,232.97,True
TR-AUDUSD-2025-10-02T045000-0667,AUDUSD,5,2025-10-02 04:50:00,2025-10-02 14:30:00,232.97,2.33,0.02,0.66167,0.66046,0.66373,0.66041,LOSS,0.07,-2.52,-2.59,230.38,True
TR-AUDUSD-2025-10-06T101000-0668,AUDUSD,2,2025-10-06 10:10:00,2025-10-06 11:20:00,230.38,2.3,0.02,0.66104,0.6598,0.66311,0.65975,LOSS,0.07,-2.59,-2.66,227.72,True
TR-AUDUSD-2025-10-07T032000-0669,AUDUSD,2,2025-10-07 03:20:00,2025-10-07 03:40:00,227.72,2.28,0.06,0.66179,0.66129,0.66241,0.66124,LOSS,0.21,-3.33,-3.54,224.18,True
TR-AUDUSD-2025-10-07T102000-0670,AUDUSD,5,2025-10-07 10:20:00,2025-10-08 04:00:00,224.18,2.24,0.02,0.65921,0.66023,0.65732,0.65732,WIN,0.07,3.78,3.71,227.89,True
TR-AUDUSD-2025-10-09T031000-0671,AUDUSD,2,2025-10-09 03:10:00,2025-10-09 05:50:00,227.89,2.28,0.03,0.65868,0.65788,0.65992,0.65992,WIN,0.1,3.72,3.62,231.5,True
TR-AUDUSD-2025-10-09T152000-0672,AUDUSD,2,2025-10-09 15:20:00,2025-10-09 16:50:00,231.5,2.32,0.03,0.66023,0.65921,0.66191,0.65916,LOSS,0.1,-3.21,-3.31,228.19,True
TR-AUDUSD-2025-10-10T031000-0673,AUDUSD,6,2025-10-10 03:10:00,2025-10-10 04:00:00,228.19,2.28,0.04,0.65574,0.65641,0.65454,0.65646,LOSS,0.14,-2.9,-3.04,225.15,True
TR-AUDUSD-2025-10-10T093000-0674,AUDUSD,5,2025-10-10 09:30:00,2025-10-10 11:20:00,225.15,2.25,0.03,0.65612,0.65693,0.65465,0.65615,BREAKEVEN,0.1,-0.09,-0.19,224.95,False
TR-AUDUSD-2025-10-13T100000-0675,AUDUSD,5,2025-10-13 10:00:00,2025-10-13 17:00:00,224.95,2.25,0.03,0.6519,0.65275,0.65035,0.65193,BREAKEVEN,0.1,-0.09,-0.19,224.76,True
TR-AUDUSD-2025-10-14T031000-0676,AUDUSD,2,2025-10-14 03:10:00,2025-10-14 03:40:00,224.76,2.25,0.04,0.65124,0.65181,0.65025,0.65186,LOSS,0.14,-2.48,-2.62,222.14,True
TR-AUDUSD-2025-10-14T100000-0677,AUDUSD,6,2025-10-14 10:00:00,2025-10-14 10:40:00,222.14,2.22,0.05,0.6464,0.64694,0.64547,0.64547,WIN,0.18,4.65,4.47,226.61,True
TR-AUDUSD-2025-10-14T154000-0678,AUDUSD,2,2025-10-14 15:40:00,2025-10-14 16:10:00,226.61,2.27,0.03,0.64472,0.64556,0.64321,0.64561,LOSS,0.1,-2.65,-2.76,223.85,True
TR-AUDUSD-2025-10-15T153000-0679,AUDUSD,6,2025-10-15 15:30:00,2025-10-15 16:00:00,223.85,2.24,0.04,0.65172,0.65099,0.65273,0.65094,LOSS,0.14,-3.12,-3.26,220.59,True
TR-AUDUSD-2025-10-16T031000-0680,AUDUSD,2,2025-10-16 03:10:00,2025-10-16 03:30:00,220.59,2.21,0.03,0.65082,0.64997,0.65207,0.64992,LOSS,0.1,-2.7,-2.8,217.79,True
TR-AUDUSD-2025-10-17T045000-0681,AUDUSD,5,2025-10-17 04:50:00,2025-10-17 10:10:00,217.79,2.18,0.02,0.64792,0.64898,0.64596,0.64596,WIN,0.07,3.92,3.85,221.64,True
TR-AUDUSD-2025-10-17T102000-0682,AUDUSD,5,2025-10-17 10:20:00,2025-10-17 14:00:00,221.64,2.22,0.01,0.64562,0.64754,0.64194,0.64759,LOSS,0.04,-1.96,-2.0,219.64,True
TR-AUDUSD-2025-10-20T034000-0683,AUDUSD,5,2025-10-20 03:40:00,2025-10-20 07:00:00,219.64,2.2,0.03,0.65031,0.64933,0.65186,0.65028,BREAKEVEN,0.1,-0.09,-0.19,219.44,True
TR-AUDUSD-2025-10-21T033000-0684,AUDUSD,2,2025-10-21 03:30:00,2025-10-21 05:10:00,219.44,2.19,0.03,0.65191,0.65113,0.65308,0.65108,LOSS,0.1,-2.49,-2.59,216.85,True
TR-AUDUSD-2025-10-21T104000-0685,AUDUSD,2,2025-10-21 10:40:00,2025-10-21 12:40:00,216.85,2.17,0.03,0.64886,0.64965,0.64743,0.64889,BREAKEVEN,0.1,-0.09,-0.19,216.65,True
TR-AUDUSD-2025-10-21T151000-0686,AUDUSD,2,2025-10-21 15:10:00,2025-10-21 16:50:00,216.65,2.17,0.03,0.6491,0.64987,0.6477,0.6477,WIN,0.1,4.2,4.09,220.75,True
TR-AUDUSD-2025-10-22T040000-0687,AUDUSD,2,2025-10-22 04:00:00,2025-10-22 05:20:00,220.75,2.21,0.03,0.64868,0.64942,0.64735,0.64947,LOSS,0.1,-2.37,-2.47,218.27,True
TR-AUDUSD-2025-10-23T045000-0688,AUDUSD,2,2025-10-23 04:50:00,2025-10-23 08:50:00,218.27,2.18,0.03,0.6489,0.64958,0.6477,0.64893,BREAKEVEN,0.1,-0.09,-0.19,218.08,True
TR-AUDUSD-2025-10-23T154000-0689,AUDUSD,5,2025-10-23 15:40:00,2025-10-23 17:40:00,218.08,2.18,0.04,0.65018,0.64943,0.6512,0.6512,WIN,0.14,4.08,3.94,222.02,True
TR-AUDUSD-2025-10-24T031000-0690,AUDUSD,6,2025-10-24 03:10:00,2025-10-24 04:30:00,222.02,2.22,0.05,0.65145,0.65089,0.6522,0.65084,LOSS,0.18,-3.02,-3.2,218.82,True
TR-AUDUSD-2025-10-24T104000-0691,AUDUSD,2,2025-10-24 10:40:00,2025-10-24 11:20:00,218.82,2.19,0.03,0.65065,0.64986,0.65181,0.64981,LOSS,0.1,-2.52,-2.63,216.19,True
TR-AUDUSD-2025-10-27T032000-0692,AUDUSD,2,2025-10-27 03:20:00,2025-10-27 11:50:00,216.19,2.16,0.02,0.65366,0.65243,0.6557,0.6557,WIN,0.07,4.08,4.01,220.2,True
TR-AUDUSD-2025-10-27T151000-0693,AUDUSD,2,2025-10-27 15:10:00,2025-10-27 15:40:00,220.2,2.2,0.03,0.65577,0.65481,0.65727,0.65476,LOSS,0.1,-3.03,-3.13,217.07,True
TR-AUDUSD-2025-10-29T023000-0694,AUDUSD,2,2025-10-29 02:30:00,2025-10-29 02:40:00,217.07,2.17,0.06,0.65858,0.65802,0.65918,0.65918,WIN,0.21,3.6,3.39,220.46,True
TR-AUDUSD-2025-10-29T152000-0695,AUDUSD,5,2025-10-29 15:20:00,2025-10-29 20:10:00,220.46,2.2,0.02,0.66019,0.65916,0.66183,0.66016,BREAKEVEN,0.07,-0.06,-0.13,220.33,True
TR-AUDUSD-2025-10-30T150000-0696,AUDUSD,5,2025-10-30 15:00:00,2025-10-30 16:10:00,220.33,2.2,0.02,0.65407,0.65519,0.65198,0.65524,LOSS,0.07,-2.34,-2.41,217.92,True
TR-AUDUSD-2025-10-31T032000-0697,AUDUSD,2,2025-10-31 03:20:00,2025-10-31 09:00:00,217.92,2.18,0.03,0.65538,0.65622,0.65387,0.65387,WIN,0.1,4.56,4.45,222.37,True
TR-AUDUSD-2025-11-03T034000-0698,AUDUSD,2,2025-11-03 03:40:00,2025-11-03 06:00:00,222.37,2.22,0.03,0.6544,0.6552,0.65296,0.65525,LOSS,0.1,-2.53,-2.64,219.73,True
TR-AUDUSD-2025-11-03T152000-0699,AUDUSD,5,2025-11-03 15:20:00,2025-11-03 17:30:00,219.73,2.2,0.02,0.65439,0.65543,0.65247,0.65247,WIN,0.07,3.84,3.77,223.5,True
TR-AUDUSD-2025-11-04T031000-0700,AUDUSD,6,2025-11-04 03:10:00,2025-11-04 05:30:00,223.5,2.24,0.03,0.6533,0.6541,0.65185,0.65333,BREAKEVEN,0.1,-0.09,-0.19,223.31,True
TR-AUDUSD-2025-11-04T104000-0701,AUDUSD,2,2025-11-04 10:40:00,2025-11-04 12:00:00,223.31,2.23,0.03,0.65138,0.65231,0.64969,0.64969,WIN,0.1,5.1,4.99,228.3,True
TR-AUDUSD-2025-11-05T030000-0702,AUDUSD,5,2025-11-05 03:00:00,2025-11-05 05:50:00,228.3,2.28,0.02,0.64734,0.64868,0.6448,0.64873,LOSS,0.07,-2.79,-2.86,225.44,True
TR-AUDUSD-2025-11-06T035000-0703,AUDUSD,2,2025-11-06 03:50:00,2025-11-06 06:20:00,225.44,2.25,0.03,0.65044,0.64965,0.65158,0.65158,WIN,0.1,3.42,3.31,228.76,True
TR-AUDUSD-2025-11-06T105000-0704,AUDUSD,2,2025-11-06 10:50:00,2025-11-06 11:00:00,228.76,2.29,0.06,0.65084,0.65034,0.65148,0.65148,WIN,0.21,3.84,3.63,232.39,True
TR-AUDUSD-2025-11-06T151000-0705,AUDUSD,2,2025-11-06 15:10:00,2025-11-06 16:00:00,232.39,2.32,0.03,0.65164,0.65082,0.65286,0.65077,LOSS,0.1,-2.61,-2.71,229.67,False
TR-AUDUSD-2025-11-07T032000-0706,AUDUSD,2,2025-11-07 03:20:00,2025-11-07 07:10:00,229.67,2.3,0.03,0.64787,0.64873,0.6463,0.6479,BREAKEVEN,0.1,-0.09,-0.19,229.48,True
TR-AUDUSD-2025-11-07T150000-0707,AUDUSD,2,2025-11-07 15:00:00,2025-11-07 15:20:00,229.48,2.29,0.03,0.64801,0.64873,0.64671,0.64878,LOSS,0.1,-2.32,-2.43,227.05,True
TR-AUDUSD-2025-11-10T034000-0708,AUDUSD,2,2025-11-10 03:40:00,2025-11-10 11:50:00,227.05,2.27,0.02,0.65169,0.65054,0.6536,0.6536,WIN,0.07,3.82,3.75,230.8,True
TR-AUDUSD-2025-11-10T152000-0709,AUDUSD,5,2025-11-10 15:20:00,2025-11-10 16:20:00,230.8,2.31,0.03,0.65362,0.65258,0.65526,0.65253,LOSS,0.1,-3.26,-3.36,227.44,True
TR-AUDUSD-2025-11-11T152000-0710,AUDUSD,5,2025-11-11 15:20:00,2025-11-11 17:40:00,227.44,2.27,0.03,0.65262,0.6518,0.6539,0.65259,BREAKEVEN,0.1,-0.09,-0.19,227.24,True
TR-AUDUSD-2025-11-12T091000-0711,AUDUSD,5,2025-11-12 09:10:00,2025-11-12 12:50:00,227.24,2.27,0.04,0.65379,0.65306,0.65484,0.65301,LOSS,0.14,-3.1,-3.24,224.0,True
TR-AUDUSD-2025-11-12T150000-0712,AUDUSD,2,2025-11-12 15:00:00,2025-11-12 15:30:00,224.0,2.24,0.04,0.65425,0.6535,0.65533,0.65345,LOSS,0.14,-3.2,-3.34,220.66,True
TR-AUDUSD-2025-11-13T023000-0713,AUDUSD,2,2025-11-13 02:30:00,2025-11-13 02:40:00,220.66,2.21,0.06,0.65393,0.6534,0.65451,0.65451,WIN,0.21,3.48,3.27,223.93,True
TR-AUDUSD-2025-11-13T030000-0714,AUDUSD,2,2025-11-13 03:00:00,2025-11-13 20:40:00,223.93,2.24,0.01,0.6554,0.65288,0.65996,0.65283,LOSS,0.04,-2.57,-2.6,221.33,True
TR-AUDUSD-2025-11-14T090000-0715,AUDUSD,2,2025-11-14 09:00:00,2025-11-14 12:00:00,221.33,2.21,0.04,0.65328,0.65396,0.65208,0.65208,WIN,0.14,4.8,4.66,225.99,True
TR-AUDUSD-2025-11-17T155000-0716,AUDUSD,5,2025-11-17 15:50:00,2025-11-17 18:50:00,225.99,2.26,0.03,0.65103,0.65184,0.64956,0.65106,BREAKEVEN,0.1,-0.09,-0.19,225.79,False
TR-AUDUSD-2025-11-18T045000-0717,AUDUSD,2,2025-11-18 04:50:00,2025-11-18 06:00:00,225.79,2.26,0.03,0.64932,0.65008,0.64795,0.64795,WIN,0.1,4.11,4.0,229.8,False
TR-AUDUSD-2025-11-19T101000-0718,AUDUSD,5,2025-11-19 10:10:00,2025-11-19 13:50:00,229.8,2.3,0.02,0.6489,0.64994,0.64697,0.64893,BREAKEVEN,0.07,-0.06,-0.13,229.67,True
TR-AUDUSD-2025-11-19T154000-0719,AUDUSD,2,2025-11-19 15:40:00,2025-11-19 17:00:00,229.67,2.3,0.04,0.64855,0.64925,0.6473,0.6493,LOSS,0.14,-3.0,-3.14,226.53,True
TR-AUDUSD-2025-11-20T101000-0720,AUDUSD,5,2025-11-20 10:10:00,2025-11-20 12:00:00,226.53,2.27,0.03,0.64737,0.64822,0.64582,0.64827,LOSS,0.1,-2.7,-2.8,223.72,True
TR-AUDUSD-2025-11-21T100000-0721,AUDUSD,2,2025-11-21 10:00:00,2025-11-21 14:40:00,223.72,2.24,0.02,0.64418,0.64548,0.64175,0.64422,BREAKEVEN,0.07,-0.06,-0.13,223.59,True
TR-AUDUSD-2025-11-24T040000-0722,AUDUSD,2,2025-11-24 04:00:00,2025-11-24 04:30:00,223.59,2.24,0.05,0.64538,0.64485,0.64608,0.64608,WIN,0.18,3.5,3.32,226.92,True
TR-AUDUSD-2025-11-25T030000-0723,AUDUSD,2,2025-11-25 03:00:00,2025-11-25 03:20:00,226.92,2.27,0.06,0.64596,0.64546,0.64652,0.64652,WIN,0.21,3.42,3.21,230.13,True
TR-AUDUSD-2025-11-26T034000-0724,AUDUSD,2,2025-11-26 03:40:00,2025-11-26 08:20:00,230.13,2.3,0.02,0.64895,0.64773,0.65098,0.65098,WIN,0.07,4.06,3.99,234.12,True
TR-AUDUSD-2025-11-26T152000-0725,AUDUSD,5,2025-11-26 15:20:00,2025-11-26 15:50:00,234.12,2.34,0.02,0.64996,0.64861,0.65221,0.64856,LOSS,0.07,-2.8,-2.87,231.25,True
TR-AUDUSD-2025-11-28T153000-0726,AUDUSD,2,2025-11-28 15:30:00,2025-11-28 17:40:00,231.25,2.31,0.03,0.65307,0.65211,0.65436,0.65436,WIN,0.1,3.87,3.76,235.01,True
TR-AUDUSD-2025-12-01T031000-0727,AUDUSD,2,2025-12-01 03:10:00,2025-12-01 04:20:00,235.01,2.35,0.03,0.65447,0.6535,0.6559,0.65444,BREAKEVEN,0.1,-0.09,-0.19,234.82,True
TR-AUDUSD-2025-12-01T101000-0728,AUDUSD,2,2025-12-01 10:10:00,2025-12-01 16:40:00,234.82,2.35,0.03,0.65532,0.65437,0.65686,0.65529,BREAKEVEN,0.1,-0.09,-0.19,234.62,True
TR-AUDUSD-2025-12-03T105000-0729,AUDUSD,2,2025-12-03 10:50:00,2025-12-03 11:00:00,234.62,2.35,0.07,0.65764,0.65715,0.65823,0.65823,WIN,0.25,4.13,3.89,238.51,True
TR-AUDUSD-2025-12-03T151000-0730,AUDUSD,2,2025-12-03 15:10:00,2025-12-03 16:10:00,238.51,2.39,0.03,0.65931,0.65828,0.66101,0.65823,LOSS,0.1,-3.24,-3.34,235.16,True
TR-AUDUSD-2025-12-04T020000-0731,AUDUSD,5,2025-12-04 02:00:00,2025-12-04 10:00:00,235.16,2.35,0.04,0.66034,0.65961,0.66141,0.66141,WIN,0.14,4.28,4.14,239.3,True
TR-AUDUSD-2025-12-05T102000-0732,AUDUSD,5,2025-12-05 10:20:00,2025-12-05 17:20:00,239.3,2.39,0.03,0.66294,0.66189,0.66463,0.66463,WIN,0.1,5.07,4.96,244.27,False
TR-AUDUSD-2025-12-08T031000-0733,AUDUSD,2,2025-12-08 03:10:00,2025-12-08 13:50:00,244.27,2.44,0.04,0.66408,0.66331,0.66512,0.66326,LOSS,0.14,-3.3,-3.44,240.83,True
TR-AUDUSD-2025-12-08T151000-0734,AUDUSD,2,2025-12-08 15:10:00,2025-12-08 17:00:00,240.83,2.41,0.03,0.66406,0.66304,0.66563,0.66299,LOSS,0.1,-3.19,-3.3,237.53,True
TR-AUDUSD-2025-12-09T031000-0735,AUDUSD,5,2025-12-09 03:10:00,2025-12-09 05:20:00,237.53,2.38,0.04,0.6622,0.66289,0.66099,0.66294,LOSS,0.14,-2.94,-3.08,234.45,True
TR-AUDUSD-2025-12-09T155000-0736,AUDUSD,2,2025-12-09 15:50:00,2025-12-09 17:00:00,234.45,2.34,0.05,0.66368,0.66309,0.66438,0.66438,WIN,0.18,3.5,3.32,237.77,True
TR-AUDUSD-2025-12-10T074000-0737,AUDUSD,2,2025-12-10 07:40:00,2025-12-10 10:30:00,237.77,2.38,0.04,0.66397,0.66323,0.66506,0.66506,WIN,0.14,4.36,4.22,241.99,True
TR-AUDUSD-2025-12-10T104000-0738,AUDUSD,2,2025-12-10 10:40:00,2025-12-10 11:20:00,241.99,2.42,0.05,0.66521,0.66462,0.66603,0.66457,LOSS,0.18,-3.2,-3.37,238.62,True
TR-AUDUSD-2025-12-11T033000-0739,AUDUSD,2,2025-12-11 03:30:00,2025-12-11 04:40:00,238.62,2.39,0.02,0.66709,0.66576,0.6693,0.66571,LOSS,0.07,-2.76,-2.83,235.79,True
TR-AUDUSD-2025-12-11T153000-0740,AUDUSD,5,2025-12-11 15:30:00,2025-12-11 16:30:00,235.79,2.36,0.04,0.66588,0.6651,0.66704,0.66704,WIN,0.14,4.6,4.46,240.25,True
TR-AUDUSD-2025-12-12T032000-0741,AUDUSD,2,2025-12-12 03:20:00,2025-12-12 04:20:00,240.25,2.4,0.04,0.66724,0.66649,0.66836,0.66644,LOSS,0.14,-3.18,-3.32,236.93,True
TR-AUDUSD-2025-12-12T101000-0742,AUDUSD,2,2025-12-12 10:10:00,2025-12-12 12:20:00,236.93,2.37,0.03,0.66717,0.6663,0.66846,0.66625,LOSS,0.1,-2.76,-2.86,234.06,True
TR-AUDUSD-2025-12-12T151000-0743,AUDUSD,2,2025-12-12 15:10:00,2025-12-12 17:10:00,234.06,2.34,0.03,0.66659,0.66579,0.66783,0.66574,LOSS,0.1,-2.55,-2.65,231.41,True
TR-AUDUSD-2025-12-16T035000-0744,AUDUSD,2,2025-12-16 03:50:00,2025-12-16 05:20:00,231.41,2.31,0.02,0.66232,0.66354,0.66003,0.66359,LOSS,0.07,-2.54,-2.61,228.8,True
TR-AUDUSD-2025-12-18T032000-0745,AUDUSD,6,2025-12-18 03:20:00,2025-12-18 08:40:00,228.8,2.29,0.03,0.65988,0.6607,0.65839,0.66075,LOSS,0.1,-2.61,-2.71,226.08,True
TR-AUDUSD-2025-12-19T030000-0746,AUDUSD,2,2025-12-19 03:00:00,2025-12-19 04:20:00,226.08,2.26,0.03,0.66186,0.66095,0.66328,0.6609,LOSS,0.1,-2.89,-3.0,223.08,True
TR-AUDUSD-2025-12-19T072000-0747,AUDUSD,5,2025-12-19 07:20:00,2025-12-19 16:10:00,223.08,2.23,0.04,0.66065,0.66125,0.6596,0.6613,LOSS,0.14,-2.6,-2.74,220.34,True
TR-AUDUSD-2025-12-22T151000-0748,AUDUSD,5,2025-12-22 15:10:00,2025-12-22 19:40:00,220.34,2.2,0.03,0.66472,0.66395,0.66584,0.66584,WIN,0.1,3.36,3.25,223.6,True
TR-AUDUSD-2025-12-23T033000-0749,AUDUSD,2,2025-12-23 03:30:00,2025-12-23 04:50:00,223.6,2.24,0.05,0.66596,0.66536,0.66682,0.66682,WIN,0.18,4.25,4.07,227.67,True
TR-AUDUSD-2025-12-24T033000-0750,AUDUSD,2,2025-12-24 03:30:00,2025-12-24 04:10:00,227.67,2.28,0.04,0.67018,0.66946,0.67125,0.67125,WIN,0.14,4.28,4.14,231.81,True
TR-AUDUSD-2025-12-24T084000-0751,AUDUSD,2,2025-12-24 08:40:00,2025-12-24 10:20:00,231.81,2.32,0.06,0.67136,0.67083,0.67204,0.67078,LOSS,0.21,-3.51,-3.72,228.09,True
TR-USDCHF-2024-01-03T032000-0001,USDCHF,5,2024-01-03 03:20:00,2024-01-03 09:20:00,200.0,2.0,0.02,0.84976,0.84874,0.85136,0.85136,WIN,0.07,3.2,3.13,203.13,True
TR-USDCHF-2024-01-03T103000-0002,USDCHF,5,2024-01-03 10:30:00,2024-01-03 12:30:00,203.13,2.03,0.02,0.85029,0.84893,0.85256,0.85256,WIN,0.07,4.54,4.47,207.6,True
TR-USDCHF-2024-01-04T033000-0003,USDCHF,5,2024-01-04 03:30:00,2024-01-04 05:00:00,207.6,2.08,0.04,0.85006,0.84936,0.85106,0.84931,LOSS,0.14,-3.02,-3.16,204.44,True
TR-USDCHF-2024-01-04T081000-0004,USDCHF,5,2024-01-04 08:10:00,2024-01-04 10:20:00,204.44,2.04,0.02,0.84933,0.8502,0.84774,0.84936,BREAKEVEN,0.07,-0.06,-0.13,204.31,True
TR-USDCHF-2024-01-04T151000-0005,USDCHF,5,2024-01-04 15:10:00,2024-01-04 15:30:00,204.31,2.04,0.04,0.85023,0.84953,0.85121,0.85121,WIN,0.14,3.92,3.78,208.09,True
TR-USDCHF-2024-01-04T154000-0006,USDCHF,5,2024-01-04 15:40:00,2024-01-04 17:20:00,208.09,2.08,0.02,0.85114,0.84987,0.85329,0.84982,LOSS,0.07,-2.64,-2.71,205.38,True
TR-USDCHF-2024-01-05T083000-0007,USDCHF,2,2024-01-05 08:30:00,2024-01-05 12:10:00,205.38,2.05,0.02,0.8512,0.85002,0.85311,0.85311,WIN,0.07,3.82,3.75,209.13,True
TR-USDCHF-2024-01-05T153000-0008,USDCHF,2,2024-01-05 15:30:00,2024-01-05 15:40:00,209.13,2.09,0.05,0.85314,0.8525,0.85372,0.85372,WIN,0.18,2.85,2.68,211.8,True
TR-USDCHF-2024-01-05T155000-0009,USDCHF,2,2024-01-05 15:50:00,2024-01-05 16:10:00,211.8,2.12,0.01,0.85388,0.85203,0.85719,0.85198,LOSS,0.04,-1.9,-1.93,209.87,True
TR-USDCHF-2024-01-08T031000-0010,USDCHF,5,2024-01-08 03:10:00,2024-01-08 05:00:00,209.87,2.1,0.03,0.85036,0.8511,0.84903,0.85115,LOSS,0.1,-2.37,-2.47,207.39,False
TR-USDCHF-2024-01-09T033000-0011,USDCHF,6,2024-01-09 03:30:00,2024-01-09 08:30:00,207.39,2.07,0.03,0.84719,0.84802,0.84568,0.84807,LOSS,0.1,-2.64,-2.74,204.65,True
TR-USDCHF-2024-01-11T030000-0012,USDCHF,5,2024-01-11 03:00:00,2024-01-11 04:40:00,204.65,2.05,0.04,0.84992,0.85053,0.84884,0.84994,BREAKEVEN,0.14,-0.12,-0.26,204.39,True
TR-USDCHF-2024-01-12T074000-0013,USDCHF,5,2024-01-12 07:40:00,2024-01-12 09:40:00,204.39,2.04,0.03,0.8521,0.85133,0.85317,0.85317,WIN,0.1,3.21,3.1,207.49,True
TR-USDCHF-2024-01-12T150000-0014,USDCHF,5,2024-01-12 15:00:00,2024-01-12 15:30:00,207.49,2.07,0.02,0.85443,0.8533,0.8563,0.85325,LOSS,0.07,-2.36,-2.43,205.06,True
TR-USDCHF-2024-01-15T151000-0015,USDCHF,2,2024-01-15 15:10:00,2024-01-15 19:50:00,205.06,2.05,0.03,0.85414,0.85322,0.8556,0.8556,WIN,0.1,4.38,4.27,209.34,True
TR-USDCHF-2024-01-16T104000-0016,USDCHF,2,2024-01-16 10:40:00,2024-01-16 15:00:00,209.34,2.09,0.02,0.85991,0.85863,0.86205,0.85988,BREAKEVEN,0.07,-0.06,-0.13,209.21,True
TR-USDCHF-2024-01-17T071000-0017,USDCHF,5,2024-01-17 07:10:00,2024-01-17 09:00:00,209.21,2.09,0.03,0.86223,0.86139,0.86343,0.8622,BREAKEVEN,0.1,-0.09,-0.19,209.01,False
TR-USDCHF-2024-01-18T101000-0018,USDCHF,5,2024-01-18 10:10:00,2024-01-18 11:00:00,209.01,2.09,0.03,0.86484,0.86392,0.86618,0.86618,WIN,0.1,4.05,3.94,212.96,False
TR-USDCHF-2024-01-18T150000-0019,USDCHF,5,2024-01-18 15:00:00,2024-01-18 16:50:00,212.96,2.13,0.02,0.86631,0.86474,0.86888,0.86888,WIN,0.07,5.14,5.07,218.03,True
TR-USDCHF-2024-01-19T103000-0020,USDCHF,5,2024-01-19 10:30:00,2024-01-19 16:40:00,218.03,2.18,0.03,0.86873,0.86779,0.87016,0.87016,WIN,0.1,4.29,4.18,222.21,True
TR-USDCHF-2024-01-22T100000-0021,USDCHF,2,2024-01-22 10:00:00,2024-01-22 11:10:00,222.21,2.22,0.03,0.86879,0.8678,0.87026,0.86775,LOSS,0.1,-3.12,-3.22,218.99,True
TR-USDCHF-2024-01-22T151000-0022,USDCHF,2,2024-01-22 15:10:00,2024-01-23 04:00:00,218.99,2.19,0.02,0.86844,0.86733,0.87021,0.86841,BREAKEVEN,0.07,-0.06,-0.13,218.86,True
TR-USDCHF-2024-01-24T101000-0023,USDCHF,5,2024-01-24 10:10:00,2024-01-24 11:20:00,218.86,2.19,0.03,0.86768,0.86837,0.86647,0.86647,WIN,0.1,3.66,3.55,222.41,True
TR-USDCHF-2024-01-24T150000-0024,USDCHF,6,2024-01-24 15:00:00,2024-01-24 15:10:00,222.41,2.22,0.05,0.86438,0.86484,0.86361,0.86361,WIN,0.18,3.85,3.67,226.09,True
TR-USDCHF-2024-01-24T155000-0025,USDCHF,5,2024-01-24 15:50:00,2024-01-24 16:50:00,226.09,2.26,0.02,0.86182,0.86302,0.85956,0.86307,LOSS,0.07,-2.51,-2.58,223.51,True
TR-USDCHF-2024-01-25T101000-0026,USDCHF,5,2024-01-25 10:10:00,2024-01-25 10:20:00,223.51,2.24,0.03,0.86316,0.86397,0.86169,0.86402,LOSS,0.1,-2.58,-2.68,220.82,False
TR-USDCHF-2024-01-26T155000-0027,USDCHF,2,2024-01-26 15:50:00,2024-01-26 21:00:00,220.82,2.21,0.01,0.86312,0.86468,0.86016,0.86473,LOSS,0.04,-1.6,-1.64,219.18,True
TR-USDCHF-2024-01-29T034000-0028,USDCHF,2,2024-01-29 03:40:00,2024-01-29 10:40:00,219.18,2.19,0.03,0.86338,0.86409,0.86211,0.86211,WIN,0.1,3.81,3.7,222.89,True
TR-USDCHF-2024-01-29T153000-0029,USDCHF,5,2024-01-29 15:30:00,2024-01-29 16:20:00,222.89,2.23,0.02,0.86269,0.86385,0.86052,0.8639,LOSS,0.07,-2.42,-2.49,220.4,True
TR-USDCHF-2024-01-30T032000-0030,USDCHF,1,2024-01-30 03:20:00,2024-01-30 03:50:00,220.4,2.2,0.05,0.86111,0.86162,0.86024,0.86167,LOSS,0.18,-2.8,-2.98,217.42,True
TR-USDCHF-2024-01-30T095000-0031,USDCHF,5,2024-01-30 09:50:00,2024-01-30 10:20:00,217.42,2.17,0.03,0.86156,0.86248,0.85989,0.86253,LOSS,0.1,-2.89,-3.0,214.42,True
TR-USDCHF-2024-01-30T155000-0032,USDCHF,5,2024-01-30 15:50:00,2024-01-30 17:00:00,214.42,2.14,0.02,0.86278,0.86371,0.86109,0.86282,BREAKEVEN,0.07,-0.06,-0.13,214.29,True
TR-USDCHF-2024-01-31T030000-0033,USDCHF,5,2024-01-31 03:00:00,2024-01-31 04:00:00,214.29,2.14,0.04,0.8618,0.86239,0.86076,0.86244,LOSS,0.14,-2.58,-2.72,211.57,True
TR-USDCHF-2024-02-02T102000-0034,USDCHF,2,2024-02-02 10:20:00,2024-02-02 15:30:00,211.57,2.12,0.03,0.85712,0.85798,0.85555,0.85715,BREAKEVEN,0.1,-0.09,-0.19,211.38,True
TR-USDCHF-2024-02-05T033000-0035,USDCHF,2,2024-02-05 03:30:00,2024-02-05 11:00:00,211.38,2.11,0.03,0.86786,0.86699,0.86911,0.86911,WIN,0.1,3.75,3.65,215.02,True
TR-USDCHF-2024-02-05T154000-0036,USDCHF,2,2024-02-05 15:40:00,2024-02-05 16:00:00,215.02,2.15,0.05,0.87014,0.86953,0.87095,0.87095,WIN,0.18,4.05,3.87,218.9,False
TR-USDCHF-2024-02-06T101000-0037,USDCHF,5,2024-02-06 10:10:00,2024-02-06 12:00:00,218.9,2.19,0.03,0.8702,0.86925,0.87168,0.87168,WIN,0.1,4.44,4.34,223.23,False
TR-USDCHF-2024-02-06T150000-0038,USDCHF,2,2024-02-06 15:00:00,2024-02-06 16:20:00,223.23,2.23,0.04,0.8725,0.87178,0.87349,0.87349,WIN,0.14,3.96,3.82,227.05,True
TR-USDCHF-2024-02-07T032000-0039,USDCHF,5,2024-02-07 03:20:00,2024-02-07 09:40:00,227.05,2.27,0.05,0.86946,0.86999,0.86854,0.86948,BREAKEVEN,0.18,-0.15,-0.32,226.73,True
TR-USDCHF-2024-02-07T155000-0040,USDCHF,2,2024-02-07 15:50:00,2024-02-07 18:20:00,226.73,2.27,0.04,0.87146,0.87069,0.87256,0.87256,WIN,0.14,4.4,4.26,230.99,True
TR-USDCHF-2024-02-08T104000-0041,USDCHF,2,2024-02-08 10:40:00,2024-02-08 12:30:00,230.99,2.31,0.03,0.87352,0.87252,0.8751,0.87247,LOSS,0.1,-3.15,-3.25,227.73,False
TR-USDCHF-2024-02-08T153000-0042,USDCHF,2,2024-02-08 15:30:00,2024-02-08 15:40:00,227.73,2.28,0.06,0.87456,0.87402,0.87517,0.87517,WIN,0.21,3.72,3.51,231.24,True
TR-USDCHF-2024-02-08T155000-0043,USDCHF,2,2024-02-08 15:50:00,2024-02-08 19:00:00,231.24,2.31,0.02,0.87549,0.87391,0.8782,0.87386,LOSS,0.07,-3.26,-3.33,227.91,True
TR-USDCHF-2024-02-09T104000-0044,USDCHF,2,2024-02-09 10:40:00,2024-02-09 11:10:00,227.91,2.28,0.05,0.8748,0.87422,0.87547,0.87547,WIN,0.18,3.3,3.13,231.04,True
TR-USDCHF-2024-02-12T100000-0045,USDCHF,2,2024-02-12 10:00:00,2024-02-12 10:50:00,231.04,2.31,0.02,0.87341,0.87445,0.87148,0.8745,LOSS,0.07,-2.18,-2.25,228.79,True
TR-USDCHF-2024-02-12T153000-0046,USDCHF,5,2024-02-12 15:30:00,2024-02-12 17:30:00,228.79,2.29,0.03,0.87576,0.87485,0.87711,0.87711,WIN,0.1,4.08,3.97,232.76,True
TR-USDCHF-2024-02-13T093000-0047,USDCHF,2,2024-02-13 09:30:00,2024-02-13 09:40:00,232.76,2.33,0.06,0.87576,0.87518,0.87641,0.87641,WIN,0.21,3.9,3.69,236.45,True
TR-USDCHF-2024-02-13T095000-0048,USDCHF,2,2024-02-13 09:50:00,2024-02-13 22:00:00,236.45,2.36,0.01,0.87956,0.87518,0.88773,0.88773,WIN,0.04,8.18,8.14,244.6,True
TR-USDCHF-2024-02-14T102000-0049,USDCHF,2,2024-02-14 10:20:00,2024-02-14 18:30:00,244.6,2.45,0.02,0.8873,0.88559,0.89035,0.88554,LOSS,0.07,-3.53,-3.6,241.0,True
TR-USDCHF-2024-02-15T034000-0050,USDCHF,2,2024-02-15 03:40:00,2024-02-15 07:30:00,241.0,2.41,0.04,0.88563,0.88488,0.88668,0.88483,LOSS,0.14,-3.2,-3.34,237.66,True
TR-USDCHF-2024-02-15T152000-0051,USDCHF,5,2024-02-15 15:20:00,2024-02-15 15:30:00,237.66,2.38,0.03,0.88216,0.88311,0.88041,0.88041,WIN,0.1,5.25,5.15,242.8,True
TR-USDCHF-2024-02-20T101000-0052,USDCHF,5,2024-02-20 10:10:00,2024-02-20 11:10:00,242.8,2.43,0.04,0.88352,0.88268,0.88473,0.88263,LOSS,0.14,-3.54,-3.68,239.12,True
TR-USDCHF-2024-02-20T154000-0053,USDCHF,5,2024-02-20 15:40:00,2024-02-20 17:40:00,239.12,2.39,0.02,0.88074,0.88222,0.87793,0.88077,BREAKEVEN,0.07,-0.06,-0.13,238.99,True
TR-USDCHF-2024-02-22T071000-0054,USDCHF,5,2024-02-22 07:10:00,2024-02-22 09:10:00,238.99,2.39,0.04,0.87834,0.87896,0.87725,0.87725,WIN,0.14,4.36,4.22,243.21,True
TR-USDCHF-2024-02-22T102000-0055,USDCHF,5,2024-02-22 10:20:00,2024-02-22 11:20:00,243.21,2.43,0.02,0.87524,0.8764,0.87307,0.87645,LOSS,0.07,-2.42,-2.49,240.72,True
TR-USDCHF-2024-02-26T042000-0056,USDCHF,5,2024-02-26 04:20:00,2024-02-26 06:20:00,240.72,2.41,0.04,0.88188,0.88111,0.88305,0.88106,LOSS,0.14,-3.3,-3.44,237.28,True
TR-USDCHF-2024-02-26T154000-0057,USDCHF,5,2024-02-26 15:40:00,2024-02-26 16:20:00,237.28,2.37,0.05,0.87947,0.88004,0.87848,0.88009,LOSS,0.18,-3.1,-3.27,234.01,True
TR-USDCHF-2024-02-27T153000-0058,USDCHF,5,2024-02-27 15:30:00,2024-02-27 15:40:00,234.01,2.34,0.03,0.879,0.87991,0.87732,0.87996,LOSS,0.1,-2.89,-3.0,231.01,True
TR-USDCHF-2024-02-28T091000-0059,USDCHF,2,2024-02-28 09:10:00,2024-02-28 12:40:00,231.01,2.31,0.03,0.88089,0.87996,0.88227,0.87991,LOSS,0.1,-2.94,-3.04,227.96,True
TR-USDCHF-2024-02-28T150000-0060,USDCHF,2,2024-02-28 15:00:00,2024-02-28 18:40:00,227.96,2.28,0.02,0.8807,0.87939,0.88297,0.87934,LOSS,0.07,-2.73,-2.8,225.16,True
TR-USDCHF-2024-02-29T033000-0061,USDCHF,2,2024-02-29 03:30:00,2024-02-29 09:40:00,225.16,2.25,0.03,0.87827,0.8791,0.87676,0.87915,LOSS,0.1,-2.64,-2.74,222.42,True
TR-USDCHF-2024-02-29T150000-0062,USDCHF,5,2024-02-29 15:00:00,2024-02-29 15:30:00,222.42,2.22,0.04,0.8805,0.87977,0.88154,0.87972,LOSS,0.14,-3.12,-3.26,219.16,True
TR-USDCHF-2024-03-01T100000-0063,USDCHF,5,2024-03-01 10:00:00,2024-03-01 12:00:00,219.16,2.19,0.03,0.88588,0.88497,0.88738,0.88492,LOSS,0.1,-2.89,-3.0,216.16,True
TR-USDCHF-2024-03-01T152000-0064,USDCHF,5,2024-03-01 15:20:00,2024-03-01 16:50:00,216.16,2.16,0.02,0.88645,0.88533,0.88833,0.88833,WIN,0.07,3.76,3.69,219.85,True
TR-USDCHF-2024-03-04T044000-0065,USDCHF,5,2024-03-04 04:40:00,2024-03-04 09:30:00,219.85,2.2,0.02,0.8829,0.88398,0.88088,0.88292,BREAKEVEN,0.07,-0.06,-0.13,219.72,True
TR-USDCHF-2024-03-07T032000-0066,USDCHF,5,2024-03-07 03:20:00,2024-03-07 13:40:00,219.72,2.2,0.02,0.88154,0.88258,0.8796,0.8796,WIN,0.07,3.88,3.81,223.53,True
TR-USDCHF-2024-03-07T154000-0067,USDCHF,5,2024-03-07 15:40:00,2024-03-07 18:50:00,223.53,2.24,0.03,0.87942,0.88028,0.87787,0.87787,WIN,0.1,4.68,4.57,228.1,True
TR-USDCHF-2024-03-08T090000-0068,USDCHF,5,2024-03-08 09:00:00,2024-03-08 14:20:00,228.1,2.28,0.03,0.87696,0.87774,0.87554,0.87698,BREAKEVEN,0.1,-0.09,-0.19,227.91,True
TR-USDCHF-2024-03-08T153000-0069,USDCHF,5,2024-03-08 15:30:00,2024-03-11 16:00:00,227.91,2.28,0.01,0.87586,0.87858,0.87057,0.87863,LOSS,0.04,-2.77,-2.8,225.1,False
TR-USDCHF-2024-03-12T035000-0070,USDCHF,2,2024-03-12 03:50:00,2024-03-12 14:30:00,225.1,2.25,0.03,0.87712,0.87784,0.87583,0.87715,BREAKEVEN,0.1,-0.09,-0.19,224.91,True
TR-USDCHF-2024-03-13T084000-0071,USDCHF,5,2024-03-13 08:40:00,2024-03-13 13:30:00,224.91,2.25,0.04,0.87787,0.87709,0.87898,0.87784,BREAKEVEN,0.14,-0.12,-0.26,224.65,True
TR-USDCHF-2024-03-14T150000-0072,USDCHF,5,2024-03-14 15:00:00,2024-03-14 16:20:00,224.65,2.25,0.02,0.87928,0.87794,0.88152,0.88152,WIN,0.07,4.48,4.41,229.06,True
TR-USDCHF-2024-03-15T101000-0073,USDCHF,2,2024-03-15 10:10:00,2024-03-15 11:00:00,229.06,2.29,0.03,0.88474,0.88387,0.88604,0.88382,LOSS,0.1,-2.77,-2.88,226.18,True
TR-USDCHF-2024-03-18T150000-0074,USDCHF,2,2024-03-18 15:00:00,2024-03-18 15:40:00,226.18,2.26,0.06,0.8839,0.88337,0.88448,0.88448,WIN,0.21,3.48,3.27,229.45,True
TR-USDCHF-2024-03-19T024000-0075,USDCHF,5,2024-03-19 02:40:00,2024-03-19 08:10:00,229.45,2.29,0.04,0.88795,0.88716,0.88908,0.88908,WIN,0.14,4.52,4.38,233.83,True
TR-USDCHF-2024-03-19T100000-0076,USDCHF,5,2024-03-19 10:00:00,2024-03-19 10:50:00,233.83,2.34,0.03,0.88934,0.8883,0.89103,0.88825,LOSS,0.1,-3.27,-3.38,230.45,True
TR-USDCHF-2024-03-20T100000-0077,USDCHF,2,2024-03-20 10:00:00,2024-03-20 11:50:00,230.45,2.3,0.02,0.88956,0.88849,0.89127,0.89127,WIN,0.07,3.4,3.33,233.78,True
TR-USDCHF-2024-03-21T022000-0078,USDCHF,5,2024-03-21 02:20:00,2024-03-21 06:40:00,233.78,2.34,0.03,0.88534,0.88608,0.88402,0.88537,BREAKEVEN,0.1,-0.09,-0.19,233.59,True
TR-USDCHF-2024-03-22T032000-0079,USDCHF,2,2024-03-22 03:20:00,2024-03-22 03:40:00,233.59,2.34,0.06,0.89751,0.89701,0.89809,0.89809,WIN,0.21,3.48,3.27,236.86,True
TR-USDCHF-2024-03-22T035000-0080,USDCHF,2,2024-03-22 03:50:00,2024-03-22 10:40:00,236.86,2.37,0.02,0.89863,0.89729,0.90083,0.90083,WIN,0.07,4.4,4.33,241.19,True
TR-USDCHF-2024-03-25T104000-0081,USDCHF,2,2024-03-25 10:40:00,2024-03-25 16:30:00,241.19,2.41,0.03,0.8982,0.89712,0.89991,0.89707,LOSS,0.1,-3.39,-3.49,237.69,True
TR-USDCHF-2024-03-26T034000-0082,USDCHF,5,2024-03-26 03:40:00,2024-03-26 09:50:00,237.69,2.38,0.04,0.89946,0.89872,0.90054,0.90054,WIN,0.14,4.28,4.14,241.83,True
TR-USDCHF-2024-03-26T100000-0083,USDCHF,5,2024-03-26 10:00:00,2024-03-26 14:30:00,241.83,2.42,0.03,0.90076,0.89965,0.9025,0.9025,WIN,0.1,5.22,5.12,246.95,True
TR-USDCHF-2024-03-27T033000-0084,USDCHF,2,2024-03-27 03:30:00,2024-03-27 09:30:00,246.95,2.47,0.04,0.90374,0.903,0.90477,0.90477,WIN,0.14,4.12,3.98,250.93,True
TR-USDCHF-2024-03-28T021000-0085,USDCHF,5,2024-03-28 02:10:00,2024-03-28 04:20:00,250.93,2.51,0.03,0.906,0.90504,0.90745,0.90499,LOSS,0.1,-3.01,-3.12,247.81,True
TR-USDCHF-2024-04-01T101000-0086,USDCHF,2,2024-04-01 10:10:00,2024-04-01 13:30:00,247.81,2.48,0.04,0.90172,0.90238,0.90053,0.90174,BREAKEVEN,0.14,-0.12,-0.26,247.55,True
TR-USDCHF-2024-04-01T150000-0087,USDCHF,5,2024-04-01 15:00:00,2024-04-01 15:20:00,247.55,2.48,0.04,0.90163,0.90234,0.90036,0.90239,LOSS,0.14,-3.04,-3.18,244.37,True
TR-USDCHF-2024-04-02T070000-0088,USDCHF,5,2024-04-02 07:00:00,2024-04-02 09:40:00,244.37,2.44,0.04,0.90626,0.9055,0.90729,0.90729,WIN,0.14,4.12,3.98,248.35,True
TR-USDCHF-2024-04-02T100000-0089,USDCHF,2,2024-04-02 10:00:00,2024-04-02 10:10:00,248.35,2.48,0.06,0.90704,0.90649,0.90774,0.90774,WIN,0.21,4.2,3.99,252.34,True
TR-USDCHF-2024-04-03T153000-0090,USDCHF,2,2024-04-03 15:30:00,2024-04-03 17:00:00,252.34,2.52,0.04,0.9084,0.90761,0.90957,0.90756,LOSS,0.14,-3.38,-3.52,248.82,True
TR-USDCHF-2024-04-05T085000-0091,USDCHF,5,2024-04-05 08:50:00,2024-04-05 09:20:00,248.82,2.49,0.03,0.90216,0.90293,0.90077,0.90298,LOSS,0.1,-2.46,-2.57,246.25,True
TR-USDCHF-2024-04-05T100000-0092,USDCHF,2,2024-04-05 10:00:00,2024-04-05 10:30:00,246.25,2.46,0.02,0.90213,0.90317,0.9002,0.90322,LOSS,0.07,-2.18,-2.25,244.0,True
TR-USDCHF-2024-04-05T152000-0093,USDCHF,2,2024-04-05 15:20:00,2024-04-05 15:30:00,244.0,2.44,0.03,0.90304,0.90391,0.90145,0.90396,LOSS,0.1,-2.76,-2.87,241.14,True
TR-USDCHF-2024-04-09T032000-0094,USDCHF,5,2024-04-09 03:20:00,2024-04-09 08:50:00,241.14,2.41,0.04,0.90536,0.90458,0.90647,0.90453,LOSS,0.14,-3.32,-3.46,237.68,True
TR-USDCHF-2024-04-09T104000-0095,USDCHF,2,2024-04-09 10:40:00,2024-04-09 12:20:00,237.68,2.38,0.03,0.90509,0.90419,0.90647,0.90414,LOSS,0.1,-2.85,-2.95,234.72,True
TR-USDCHF-2024-04-09T154000-0096,USDCHF,5,2024-04-09 15:40:00,2024-04-09 22:10:00,234.72,2.35,0.02,0.90268,0.90411,0.89999,0.90416,LOSS,0.07,-2.95,-3.02,231.7,True
TR-USDCHF-2024-04-10T100000-0097,USDCHF,5,2024-04-10 10:00:00,2024-04-10 10:50:00,231.7,2.32,0.03,0.9035,0.90424,0.90216,0.90429,LOSS,0.1,-2.38,-2.49,229.21,True
TR-USDCHF-2024-04-10T154000-0098,USDCHF,2,2024-04-10 15:40:00,2024-04-10 20:00:00,229.21,2.29,0.01,0.90631,0.90223,0.914,0.914,WIN,0.04,7.7,7.66,236.88,True
TR-USDCHF-2024-04-11T030000-0099,USDCHF,5,2024-04-11 03:00:00,2024-04-11 12:50:00,236.88,2.37,0.03,0.91306,0.91213,0.91458,0.91304,BREAKEVEN,0.1,-0.09,-0.19,236.68,True
TR-USDCHF-2024-04-12T101000-0100,USDCHF,2,2024-04-12 10:10:00,2024-04-12 11:10:00,236.68,2.37,0.06,0.91197,0.91142,0.91268,0.91268,WIN,0.21,4.26,4.05,240.73,True
TR-USDCHF-2024-04-15T153000-0101,USDCHF,2,2024-04-15 15:30:00,2024-04-15 15:40:00,240.73,2.41,0.07,0.91266,0.91215,0.91326,0.91326,WIN,0.25,4.2,3.96,244.69,True
TR-USDCHF-2024-04-16T103000-0102,USDCHF,2,2024-04-16 10:30:00,2024-04-16 11:00:00,244.69,2.45,0.06,0.91345,0.91292,0.91412,0.91287,LOSS,0.21,-3.48,-3.69,241.0,True
TR-USDCHF-2024-04-17T092000-0103,USDCHF,5,2024-04-17 09:20:00,2024-04-17 09:50:00,241.0,2.41,0.04,0.91254,0.91319,0.91139,0.91139,WIN,0.14,4.6,4.46,245.46,True
TR-USDCHF-2024-04-17T100000-0104,USDCHF,2,2024-04-17 10:00:00,2024-04-17 17:50:00,245.46,2.45,0.02,0.91105,0.9126,0.9081,0.91265,LOSS,0.07,-3.2,-3.27,242.19,True
TR-USDCHF-2024-04-18T033000-0105,USDCHF,6,2024-04-18 03:30:00,2024-04-18 04:40:00,242.19,2.42,0.05,0.91072,0.91128,0.90976,0.91076,BREAKEVEN,0.18,-0.15,-0.32,241.86,True
TR-USDCHF-2024-04-19T032000-0106,USDCHF,2,2024-04-19 03:20:00,2024-04-19 04:00:00,241.86,2.42,0.06,0.91254,0.91204,0.91316,0.91199,LOSS,0.21,-3.33,-3.54,238.33,False
TR-USDCHF-2024-04-19T080000-0107,USDCHF,5,2024-04-19 08:00:00,2024-04-19 09:20:00,238.33,2.38,0.02,0.90817,0.90927,0.90612,0.90932,LOSS,0.07,-2.3,-2.37,235.96,True
TR-USDCHF-2024-04-19T101000-0108,USDCHF,2,2024-04-19 10:10:00,2024-04-19 19:20:00,235.96,2.36,0.02,0.90836,0.90967,0.9059,0.90972,LOSS,0.07,-2.71,-2.78,233.18,True
TR-USDCHF-2024-04-24T030000-0109,USDCHF,2,2024-04-24 03:00:00,2024-04-24 04:30:00,233.18,2.33,0.06,0.91192,0.91138,0.9126,0.91133,LOSS,0.21,-3.51,-3.72,229.46,True
TR-USDCHF-2024-04-24T091000-0110,USDCHF,5,2024-04-24 09:10:00,2024-04-24 09:50:00,229.46,2.29,0.04,0.912,0.91135,0.91294,0.91294,WIN,0.14,3.76,3.62,233.08,True
TR-USDCHF-2024-04-24T100000-0111,USDCHF,2,2024-04-24 10:00:00,2024-04-24 16:00:00,233.08,2.33,0.02,0.91318,0.91174,0.91564,0.91315,BREAKEVEN,0.07,-0.06,-0.13,232.95,True
TR-USDCHF-2024-04-25T155000-0112,USDCHF,5,2024-04-25 15:50:00,2024-04-26 11:00:00,232.95,2.33,0.01,0.91433,0.9116,0.91931,0.91155,LOSS,0.04,-2.78,-2.81,230.13,True
TR-USDCHF-2024-04-26T153000-0113,USDCHF,5,2024-04-26 15:30:00,2024-04-26 15:50:00,230.13,2.3,0.02,0.9116,0.91308,0.9088,0.91313,LOSS,0.07,-3.05,-3.12,227.01,True
TR-USDCHF-2024-04-29T073000-0114,USDCHF,5,2024-04-29 07:30:00,2024-04-30 11:10:00,227.01,2.27,0.01,0.91113,0.91331,0.90691,0.91336,LOSS,0.04,-2.23,-2.27,224.74,True
TR-USDCHF-2024-04-30T150000-0115,USDCHF,5,2024-04-30 15:00:00,2024-04-30 15:30:00,224.74,2.25,0.04,0.91242,0.9117,0.9135,0.9135,WIN,0.14,4.32,4.18,228.92,True
TR-USDCHF-2024-04-30T154000-0116,USDCHF,2,2024-04-30 15:40:00,2024-04-30 17:30:00,228.92,2.29,0.02,0.91364,0.91218,0.91612,0.9136,BREAKEVEN,0.07,-0.06,-0.13,228.79,True
TR-USDCHF-2024-05-02T023000-0117,USDCHF,5,2024-05-02 02:30:00,2024-05-02 09:20:00,228.79,2.29,0.03,0.91659,0.91745,0.91501,0.91501,WIN,0.1,4.74,4.63,233.43,False
TR-USDCHF-2024-05-02T093000-0118,USDCHF,5,2024-05-02 09:30:00,2024-05-03 15:30:00,233.43,2.33,0.01,0.91271,0.91637,0.90554,0.90554,WIN,0.04,7.17,7.13,240.56,True
TR-USDCHF-2024-05-03T154000-0119,USDCHF,6,2024-05-03 15:40:00,2024-05-07 04:50:00,240.56,2.41,0.01,0.90378,0.90728,0.89692,0.90733,LOSS,0.04,-3.55,-3.59,236.97,True
TR-USDCHF-2024-05-08T035000-0120,USDCHF,2,2024-05-08 03:50:00,2024-05-08 09:30:00,236.97,2.37,0.04,0.90838,0.90768,0.9094,0.90834,BREAKEVEN,0.14,-0.12,-0.26,236.71,True
TR-USDCHF-2024-05-08T100000-0121,USDCHF,2,2024-05-08 10:00:00,2024-05-08 11:30:00,236.71,2.37,0.06,0.90866,0.90815,0.90928,0.90928,WIN,0.21,3.72,3.51,240.22,True
TR-USDCHF-2024-05-09T105000-0122,USDCHF,2,2024-05-09 10:50:00,2024-05-09 15:30:00,240.22,2.4,0.04,0.90881,0.90806,0.90998,0.90878,BREAKEVEN,0.14,-0.12,-0.26,239.96,True
TR-USDCHF-2024-05-10T105000-0123,USDCHF,5,2024-05-10 10:50:00,2024-05-10 13:10:00,239.96,2.4,0.04,0.90655,0.90718,0.90544,0.90658,BREAKEVEN,0.14,-0.12,-0.26,239.7,True
TR-USDCHF-2024-05-13T153000-0124,USDCHF,5,2024-05-13 15:30:00,2024-05-13 17:10:00,239.7,2.4,0.04,0.90588,0.9066,0.90458,0.9059,BREAKEVEN,0.14,-0.12,-0.26,239.44,True
TR-USDCHF-2024-05-14T030000-0125,USDCHF,1,2024-05-14 03:00:00,2024-05-14 06:20:00,239.44,2.39,0.07,0.90808,0.90758,0.90866,0.90866,WIN,0.25,4.06,3.81,243.26,True
TR-USDCHF-2024-05-14T153000-0126,USDCHF,2,2024-05-14 15:30:00,2024-05-14 15:50:00,243.26,2.43,0.06,0.90788,0.90731,0.90844,0.90726,LOSS,0.21,-3.75,-3.96,239.3,True
TR-USDCHF-2024-05-15T032000-0127,USDCHF,6,2024-05-15 03:20:00,2024-05-15 09:00:00,239.3,2.39,0.04,0.90678,0.90739,0.9057,0.9057,WIN,0.14,4.32,4.18,243.48,True
TR-USDCHF-2024-05-15T100000-0128,USDCHF,5,2024-05-15 10:00:00,2024-05-15 15:30:00,243.48,2.43,0.03,0.90546,0.90631,0.9039,0.9039,WIN,0.1,4.68,4.57,248.05,True
TR-USDCHF-2024-05-15T154000-0129,USDCHF,2,2024-05-15 15:40:00,2024-05-15 16:50:00,248.05,2.48,0.03,0.90413,0.90517,0.9022,0.90522,LOSS,0.1,-3.27,-3.37,244.68,True
TR-USDCHF-2024-05-17T030000-0130,USDCHF,2,2024-05-17 03:00:00,2024-05-17 03:30:00,244.68,2.45,0.06,0.90629,0.90579,0.90693,0.90693,WIN,0.21,3.84,3.63,248.3,True
TR-USDCHF-2024-05-17T102000-0131,USDCHF,2,2024-05-17 10:20:00,2024-05-17 11:20:00,248.3,2.48,0.03,0.9074,0.90652,0.90883,0.90883,WIN,0.1,4.29,4.18,252.49,False
TR-USDCHF-2024-05-17T153000-0132,USDCHF,2,2024-05-17 15:30:00,2024-05-17 17:10:00,252.49,2.52,0.03,0.90925,0.90832,0.91064,0.90827,LOSS,0.1,-2.93,-3.03,249.46,True
TR-USDCHF-2024-05-20T100000-0133,USDCHF,2,2024-05-20 10:00:00,2024-05-20 15:40:00,249.46,2.49,0.04,0.9093,0.90851,0.91046,0.91046,WIN,0.14,4.64,4.5,253.96,True
TR-USDCHF-2024-05-21T151000-0134,USDCHF,2,2024-05-21 15:10:00,2024-05-21 16:00:00,253.96,2.54,0.06,0.90955,0.90901,0.91027,0.91027,WIN,0.21,4.32,4.11,258.07,True
TR-USDCHF-2024-05-22T035000-0135,USDCHF,6,2024-05-22 03:50:00,2024-05-22 09:20:00,258.07,2.58,0.07,0.91115,0.91061,0.91169,0.91169,WIN,0.25,3.78,3.54,261.6,True
TR-USDCHF-2024-05-22T094000-0136,USDCHF,5,2024-05-22 09:40:00,2024-05-22 14:40:00,261.6,2.62,0.02,0.91237,0.91075,0.91518,0.91518,WIN,0.07,5.62,5.55,267.15,True
TR-USDCHF-2024-05-24T151000-0137,USDCHF,2,2024-05-24 15:10:00,2024-05-24 15:40:00,267.15,2.67,0.04,0.91529,0.91449,0.9165,0.91444,LOSS,0.14,-3.4,-3.54,263.61,True
TR-USDCHF-2024-05-27T101000-0138,USDCHF,2,2024-05-27 10:10:00,2024-05-27 11:40:00,263.61,2.64,0.05,0.91509,0.91442,0.91607,0.91437,LOSS,0.18,-3.6,-3.78,259.84,True
TR-USDCHF-2024-05-28T030000-0139,USDCHF,5,2024-05-28 03:00:00,2024-05-28 04:50:00,259.84,2.6,0.05,0.91322,0.91378,0.91227,0.91227,WIN,0.18,4.8,4.62,264.46,True
TR-USDCHF-2024-05-28T154000-0140,USDCHF,5,2024-05-28 15:40:00,2024-05-28 17:00:00,264.46,2.64,0.02,0.90944,0.91082,0.90683,0.91087,LOSS,0.07,-2.86,-2.93,261.53,True
TR-USDCHF-2024-05-30T030000-0141,USDCHF,2,2024-05-30 03:00:00,2024-05-30 04:50:00,261.53,2.62,0.07,0.91325,0.91274,0.91384,0.91384,WIN,0.25,4.13,3.89,265.42,True
TR-USDCHF-2024-05-30T100000-0142,USDCHF,2,2024-05-30 10:00:00,2024-05-30 11:40:00,265.42,2.65,0.02,0.91113,0.91249,0.90855,0.90855,WIN,0.07,5.16,5.09,270.51,True
TR-USDCHF-2024-05-30T152000-0143,USDCHF,2,2024-05-30 15:20:00,2024-05-30 15:30:00,270.51,2.71,0.04,0.90686,0.9076,0.90553,0.90553,WIN,0.14,5.32,5.18,275.69,True
TR-USDCHF-2024-05-31T151000-0144,USDCHF,5,2024-05-31 15:10:00,2024-05-31 15:30:00,275.69,2.76,0.04,0.90476,0.90552,0.90339,0.90557,LOSS,0.14,-3.24,-3.38,272.31,True
TR-USDCHF-2024-05-31T155000-0145,USDCHF,2,2024-05-31 15:50:00,2024-05-31 17:10:00,272.31,2.72,0.02,0.90424,0.90581,0.90124,0.90124,WIN,0.07,6.0,5.93,278.24,True
TR-USDCHF-2024-06-03T035000-0146,USDCHF,5,2024-06-03 03:50:00,2024-06-03 09:30:00,278.24,2.78,0.04,0.90106,0.90183,0.89966,0.90188,LOSS,0.14,-3.3,-3.44,274.8,True
TR-USDCHF-2024-06-04T150000-0147,USDCHF,5,2024-06-04 15:00:00,2024-06-04 16:00:00,274.8,2.75,0.03,0.89352,0.89443,0.89184,0.89354,BREAKEVEN,0.1,-0.09,-0.19,274.6,True
TR-USDCHF-2024-06-06T041000-0148,USDCHF,5,2024-06-06 04:10:00,2024-06-06 11:20:00,274.6,2.75,0.02,0.89124,0.89256,0.88875,0.89261,LOSS,0.07,-2.74,-2.81,271.79,True
TR-USDCHF-2024-06-06T153000-0149,USDCHF,2,2024-06-06 15:30:00,2024-06-06 16:00:00,271.79,2.72,0.03,0.89082,0.89186,0.88888,0.89191,LOSS,0.1,-3.28,-3.39,268.4,True
TR-USDCHF-2024-06-07T091000-0150,USDCHF,5,2024-06-07 09:10:00,2024-06-07 10:10:00,268.4,2.68,0.04,0.88984,0.8905,0.88867,0.88867,WIN,0.14,4.68,4.54,272.94,True
TR-USDCHF-2024-06-07T102000-0151,USDCHF,2,2024-06-07 10:20:00,2024-06-07 11:10:00,272.94,2.73,0.03,0.8888,0.88986,0.88683,0.88991,LOSS,0.1,-3.33,-3.43,269.51,True
TR-USDCHF-2024-06-10T034000-0152,USDCHF,2,2024-06-10 03:40:00,2024-06-10 12:30:00,269.51,2.7,0.03,0.89656,0.89543,0.89847,0.89654,BREAKEVEN,0.1,-0.09,-0.19,269.31,True
TR-USDCHF-2024-06-12T153000-0153,USDCHF,5,2024-06-12 15:30:00,2024-06-13 10:10:00,269.31,2.69,0.01,0.89287,0.89599,0.88678,0.89604,LOSS,0.04,-3.17,-3.21,266.11,True
TR-USDCHF-2024-06-14T040000-0154,USDCHF,6,2024-06-14 04:00:00,2024-06-14 06:30:00,266.11,2.66,0.07,0.89396,0.89439,0.89324,0.89398,BREAKEVEN,0.25,-0.21,-0.45,265.65,False
TR-USDCHF-2024-06-17T033000-0155,USDCHF,6,2024-06-17 03:30:00,2024-06-17 09:00:00,265.65,2.66,0.04,0.89043,0.89116,0.88912,0.89121,LOSS,0.14,-3.12,-3.26,262.39,True
TR-USDCHF-2024-06-17T091000-0156,USDCHF,5,2024-06-17 09:10:00,2024-06-17 10:50:00,262.39,2.62,0.03,0.89061,0.89151,0.88896,0.89156,LOSS,0.1,-2.85,-2.95,259.44,True
TR-USDCHF-2024-06-18T100000-0157,USDCHF,6,2024-06-18 10:00:00,2024-06-18 12:20:00,259.44,2.59,0.04,0.88942,0.89019,0.88805,0.88805,WIN,0.14,5.52,5.38,264.82,True
TR-USDCHF-2024-06-18T153000-0158,USDCHF,5,2024-06-18 15:30:00,2024-06-20 10:30:00,264.82,2.65,0.02,0.88645,0.88818,0.88314,0.88648,BREAKEVEN,0.07,-0.06,-0.13,264.69,True
TR-USDCHF-2024-06-20T150000-0159,USDCHF,2,2024-06-20 15:00:00,2024-06-20 16:20:00,264.69,2.65,0.03,0.89051,0.88961,0.89192,0.89192,WIN,0.1,4.23,4.12,268.81,True
TR-USDCHF-2024-06-21T154000-0160,USDCHF,2,2024-06-21 15:40:00,2024-06-21 18:20:00,268.81,2.69,0.03,0.89274,0.89185,0.89418,0.89418,WIN,0.1,4.29,4.18,273.0,True
TR-USDCHF-2024-06-24T102000-0161,USDCHF,2,2024-06-24 10:20:00,2024-06-24 10:30:00,273.0,2.73,0.07,0.89337,0.89285,0.89404,0.89404,WIN,0.25,4.69,4.45,277.44,True
TR-USDCHF-2024-06-27T034000-0162,USDCHF,5,2024-06-27 03:40:00,2024-06-27 09:00:00,277.44,2.77,0.05,0.8972,0.89656,0.89808,0.89651,LOSS,0.18,-3.43,-3.6,273.84,True
TR-USDCHF-2024-06-27T100000-0163,USDCHF,6,2024-06-27 10:00:00,2024-06-27 10:40:00,273.84,2.74,0.07,0.89708,0.89656,0.89772,0.89772,WIN,0.25,4.41,4.16,278.01,True
TR-USDCHF-2024-06-27T150000-0164,USDCHF,2,2024-06-27 15:00:00,2024-06-27 15:40:00,278.01,2.78,0.05,0.89766,0.89692,0.89867,0.89687,LOSS,0.18,-3.92,-4.1,273.91,True
TR-USDCHF-2024-06-28T034000-0165,USDCHF,2,2024-06-28 03:40:00,2024-06-28 04:00:00,273.91,2.74,0.07,0.89875,0.89824,0.89935,0.89935,WIN,0.25,4.2,3.95,277.86,True
TR-USDCHF-2024-06-28T101000-0166,USDCHF,2,2024-06-28 10:10:00,2024-06-28 13:40:00,277.86,2.78,0.04,0.89951,0.89862,0.90093,0.89857,LOSS,0.14,-3.76,-3.9,273.96,True
TR-USDCHF-2024-07-01T031000-0167,USDCHF,2,2024-07-01 03:10:00,2024-07-01 03:30:00,273.96,2.74,0.06,0.90035,0.89976,0.90114,0.89971,LOSS,0.21,-3.84,-4.05,269.91,True
TR-USDCHF-2024-07-01T102000-0168,USDCHF,2,2024-07-01 10:20:00,2024-07-01 12:40:00,269.91,2.7,0.03,0.89908,0.89812,0.90066,0.90066,WIN,0.1,4.71,4.6,274.52,True
TR-USDCHF-2024-07-02T100000-0169,USDCHF,2,2024-07-02 10:00:00,2024-07-02 10:50:00,274.52,2.75,0.07,0.90427,0.90379,0.9049,0.90374,LOSS,0.25,-3.71,-3.96,270.56,True
TR-USDCHF-2024-07-03T101000-0170,USDCHF,2,2024-07-03 10:10:00,2024-07-03 10:20:00,270.56,2.71,0.07,0.905,0.90448,0.90566,0.90443,LOSS,0.25,-4.02,-4.27,266.29,True
TR-USDCHF-2024-07-03T153000-0171,USDCHF,2,2024-07-03 15:30:00,2024-07-03 16:20:00,266.29,2.66,0.04,0.90301,0.90366,0.90186,0.90186,WIN,0.14,4.6,4.46,270.75,True
TR-USDCHF-2024-07-04T152000-0172,USDCHF,2,2024-07-04 15:20:00,2024-07-04 16:00:00,270.75,2.71,0.04,0.89942,0.9001,0.89821,0.90015,LOSS,0.14,-2.92,-3.06,267.69,True
TR-USDCHF-2024-07-05T105000-0173,USDCHF,2,2024-07-05 10:50:00,2024-07-05 15:00:00,267.69,2.68,0.04,0.89846,0.89921,0.8971,0.89926,LOSS,0.14,-3.22,-3.36,264.33,True
TR-USDCHF-2024-07-05T153000-0174,USDCHF,5,2024-07-05 15:30:00,2024-07-09 00:30:00,264.33,2.64,0.01,0.8981,0.90091,0.89263,0.89813,BREAKEVEN,0.04,-0.03,-0.06,264.27,True
TR-USDCHF-2024-07-09T033000-0175,USDCHF,2,2024-07-09 03:30:00,2024-07-09 04:50:00,264.27,2.64,0.07,0.89783,0.89732,0.89849,0.89849,WIN,0.25,4.62,4.37,268.64,True
TR-USDCHF-2024-07-09T105000-0176,USDCHF,2,2024-07-09 10:50:00,2024-07-09 12:10:00,268.64,2.69,0.07,0.89818,0.89768,0.89882,0.89815,BREAKEVEN,0.25,-0.21,-0.45,268.19,True
TR-USDCHF-2024-07-11T150000-0177,USDCHF,5,2024-07-11 15:00:00,2024-07-11 15:20:00,268.19,2.68,0.05,0.89794,0.89857,0.89684,0.89862,LOSS,0.18,-3.37,-3.55,264.64,True
TR-USDCHF-2024-07-11T153000-0178,USDCHF,5,2024-07-11 15:30:00,2024-07-11 22:30:00,264.64,2.65,0.01,0.896,0.89894,0.89027,0.89603,BREAKEVEN,0.04,-0.03,-0.06,264.57,True
TR-USDCHF-2024-07-12T090000-0179,USDCHF,5,2024-07-12 09:00:00,2024-07-12 15:20:00,264.57,2.65,0.04,0.89572,0.89641,0.89451,0.89451,WIN,0.14,4.88,4.74,269.31,True
TR-USDCHF-2024-07-12T155000-0180,USDCHF,2,2024-07-12 15:50:00,2024-07-15 01:00:00,269.31,2.69,0.02,0.8953,0.89674,0.89256,0.89532,BREAKEVEN,0.07,-0.06,-0.13,269.18,True
TR-USDCHF-2024-07-15T095000-0181,USDCHF,5,2024-07-15 09:50:00,2024-07-15 12:20:00,269.18,2.69,0.03,0.89549,0.89635,0.89392,0.89392,WIN,0.1,4.71,4.6,273.79,False
TR-USDCHF-2024-07-16T105000-0182,USDCHF,5,2024-07-16 10:50:00,2024-07-16 11:30:00,273.79,2.74,0.05,0.89467,0.89528,0.8936,0.89533,LOSS,0.18,-3.3,-3.47,270.31,True
TR-USDCHF-2024-07-16T153000-0183,USDCHF,2,2024-07-16 15:30:00,2024-07-16 15:40:00,270.31,2.7,0.06,0.89536,0.89477,0.89609,0.89609,WIN,0.21,4.38,4.17,274.48,True
TR-USDCHF-2024-07-16T155000-0184,USDCHF,2,2024-07-16 15:50:00,2024-07-16 20:10:00,274.48,2.74,0.01,0.89726,0.89477,0.90192,0.89472,LOSS,0.04,-2.54,-2.58,271.9,True
TR-USDCHF-2024-07-17T103000-0185,USDCHF,5,2024-07-17 10:30:00,2024-07-17 11:10:00,271.9,2.72,0.03,0.89288,0.89393,0.89093,0.89093,WIN,0.1,5.85,5.75,277.65,True
TR-USDCHF-2024-07-18T101000-0186,USDCHF,2,2024-07-18 10:10:00,2024-07-18 17:10:00,277.65,2.78,0.03,0.88352,0.88454,0.88164,0.88459,LOSS,0.1,-3.19,-3.3,274.35,True
TR-USDCHF-2024-07-24T151000-0187,USDCHF,2,2024-07-24 15:10:00,2024-07-24 17:30:00,274.35,2.74,0.02,0.8859,0.88744,0.88296,0.88296,WIN,0.07,5.88,5.81,280.16,True
TR-USDCHF-2024-07-25T101000-0188,USDCHF,5,2024-07-25 10:10:00,2024-07-25 10:20:00,280.16,2.8,0.03,0.88255,0.8835,0.8808,0.8808,WIN,0.1,5.25,5.14,285.3,True
TR-USDCHF-2024-07-29T103000-0189,USDCHF,5,2024-07-29 10:30:00,2024-07-29 17:10:00,285.3,2.85,0.03,0.88403,0.88278,0.88617,0.88617,WIN,0.1,6.42,6.32,291.62,True
TR-USDCHF-2024-07-30T150000-0190,USDCHF,2,2024-07-30 15:00:00,2024-07-30 16:10:00,291.62,2.92,0.04,0.88627,0.88541,0.8876,0.88536,LOSS,0.14,-3.64,-3.78,287.84,True
TR-USDCHF-2024-07-31T080000-0191,USDCHF,2,2024-07-31 08:00:00,2024-07-31 08:40:00,287.84,2.88,0.04,0.88108,0.88192,0.87957,0.88197,LOSS,0.14,-3.54,-3.68,284.16,True
TR-USDCHF-2024-07-31T152000-0192,USDCHF,5,2024-07-31 15:20:00,2024-07-31 16:40:00,284.16,2.84,0.03,0.87968,0.88064,0.8779,0.8779,WIN,0.1,5.34,5.23,289.39,True
TR-USDCHF-2024-08-01T032000-0193,USDCHF,2,2024-08-01 03:20:00,2024-08-01 04:40:00,289.39,2.89,0.04,0.87778,0.87865,0.87618,0.87618,WIN,0.14,6.4,6.26,295.65,True
TR-USDCHF-2024-08-01T100000-0194,USDCHF,5,2024-08-01 10:00:00,2024-08-01 17:00:00,295.65,2.96,0.03,0.87669,0.87773,0.87476,0.87476,WIN,0.1,5.79,5.68,301.34,True
TR-USDCHF-2024-08-02T032000-0195,USDCHF,2,2024-08-02 03:20:00,2024-08-02 09:00:00,301.34,3.01,0.04,0.87258,0.87336,0.87116,0.87116,WIN,0.14,5.68,5.54,306.88,True
TR-USDCHF-2024-08-02T101000-0196,USDCHF,2,2024-08-02 10:10:00,2024-08-02 10:30:00,306.88,3.07,0.03,0.87161,0.87287,0.86923,0.87292,LOSS,0.1,-3.94,-4.05,302.83,True
TR-USDCHF-2024-08-02T153000-0197,USDCHF,5,2024-08-02 15:30:00,2024-08-02 17:10:00,302.83,3.03,0.01,0.86821,0.87133,0.86212,0.86212,WIN,0.04,6.09,6.05,308.88,True
TR-USDCHF-2024-08-05T083000-0198,USDCHF,5,2024-08-05 08:30:00,2024-08-05 09:00:00,308.88,3.09,0.02,0.84936,0.85083,0.84657,0.84657,WIN,0.07,5.58,5.51,314.39,True
TR-USDCHF-2024-08-05T102000-0199,USDCHF,2,2024-08-05 10:20:00,2024-08-05 10:50:00,314.39,3.14,0.01,0.84883,0.85167,0.8433,0.85172,LOSS,0.04,-2.89,-2.92,311.47,True
TR-USDCHF-2024-08-05T150000-0200,USDCHF,2,2024-08-05 15:00:00,2024-08-05 15:40:00,311.47,3.11,0.02,0.84897,0.85104,0.845,0.845,WIN,0.07,7.96,7.89,319.36,True
TR-USDCHF-2024-08-06T100000-0201,USDCHF,5,2024-08-06 10:00:00,2024-08-06 10:30:00,319.36,3.19,0.02,0.85431,0.85625,0.85058,0.8563,LOSS,0.07,-3.98,-4.05,315.31,True
TR-USDCHF-2024-08-06T150000-0202,USDCHF,2,2024-08-06 15:00:00,2024-08-06 19:20:00,315.31,3.15,0.02,0.85414,0.85585,0.85089,0.85418,BREAKEVEN,0.07,-0.06,-0.13,315.18,True
TR-USDCHF-2024-08-08T093000-0203,USDCHF,5,2024-08-08 09:30:00,2024-08-08 12:20:00,315.18,3.15,0.02,0.85959,0.85787,0.86264,0.85782,LOSS,0.07,-3.54,-3.61,311.57,True
TR-USDCHF-2024-08-08T151000-0204,USDCHF,5,2024-08-08 15:10:00,2024-08-08 15:30:00,311.57,3.12,0.03,0.85696,0.85795,0.85512,0.858,LOSS,0.1,-3.13,-3.24,308.33,True
TR-USDCHF-2024-08-09T083000-0205,USDCHF,5,2024-08-09 08:30:00,2024-08-09 11:00:00,308.33,3.08,0.04,0.8658,0.86478,0.86739,0.86577,BREAKEVEN,0.14,-0.12,-0.26,308.07,True
TR-USDCHF-2024-08-12T104000-0206,USDCHF,5,2024-08-12 10:40:00,2024-08-12 11:20:00,308.07,3.08,0.04,0.86714,0.86617,0.86868,0.86868,WIN,0.14,6.16,6.02,314.09,True
TR-USDCHF-2024-08-13T025000-0207,USDCHF,5,2024-08-13 02:50:00,2024-08-13 03:20:00,314.09,3.14,0.04,0.86493,0.86582,0.8633,0.86587,LOSS,0.14,-3.76,-3.9,310.19,True
TR-USDCHF-2024-08-13T101000-0208,USDCHF,2,2024-08-13 10:10:00,2024-08-13 10:40:00,310.19,3.1,0.06,0.86747,0.86687,0.86832,0.86682,LOSS,0.21,-3.93,-4.14,306.05,True
TR-USDCHF-2024-08-13T152000-0209,USDCHF,2,2024-08-13 15:20:00,2024-08-13 15:30:00,306.05,3.06,0.03,0.86735,0.86618,0.8693,0.86613,LOSS,0.1,-3.66,-3.76,302.28,False
TR-USDCHF-2024-08-14T042000-0210,USDCHF,5,2024-08-14 04:20:00,2024-08-14 06:50:00,302.28,3.02,0.03,0.8652,0.86617,0.86342,0.86524,BREAKEVEN,0.1,-0.09,-0.19,302.09,True
TR-USDCHF-2024-08-14T101000-0211,USDCHF,5,2024-08-14 10:10:00,2024-08-14 10:50:00,302.09,3.02,0.04,0.86468,0.86545,0.86329,0.86329,WIN,0.14,5.56,5.42,307.51,True
TR-USDCHF-2024-08-15T043000-0212,USDCHF,5,2024-08-15 04:30:00,2024-08-15 15:30:00,307.51,3.08,0.04,0.8656,0.86463,0.8671,0.8671,WIN,0.14,6.04,5.9,313.41,True
TR-USDCHF-2024-08-15T154000-0213,USDCHF,2,2024-08-15 15:40:00,2024-08-16 11:10:00,313.41,3.13,0.01,0.86954,0.86603,0.87615,0.86951,BREAKEVEN,0.04,-0.03,-0.06,313.34,False
TR-USDCHF-2024-08-16T153000-0214,USDCHF,5,2024-08-16 15:30:00,2024-08-16 17:10:00,313.34,3.13,0.03,0.8673,0.86848,0.86508,0.86853,LOSS,0.1,-3.7,-3.81,309.53,True
TR-USDCHF-2024-08-19T035000-0215,USDCHF,6,2024-08-19 03:50:00,2024-08-19 06:10:00,309.53,3.1,0.04,0.8673,0.86805,0.86595,0.86595,WIN,0.14,5.4,5.26,314.79,True
TR-USDCHF-2024-08-19T150000-0216,USDCHF,2,2024-08-19 15:00:00,2024-08-19 15:30:00,314.79,3.15,0.03,0.86432,0.86528,0.86257,0.86533,LOSS,0.1,-3.01,-3.12,311.67,True
TR-USDCHF-2024-08-20T030000-0217,USDCHF,5,2024-08-20 03:00:00,2024-08-20 08:30:00,311.67,3.12,0.04,0.86242,0.86333,0.86075,0.86245,BREAKEVEN,0.14,-0.12,-0.26,311.41,True
TR-USDCHF-2024-08-20T103000-0218,USDCHF,5,2024-08-20 10:30:00,2024-08-20 10:40:00,311.41,3.11,0.03,0.86135,0.86239,0.85942,0.85942,WIN,0.1,5.79,5.69,317.1,True
TR-USDCHF-2024-08-21T100000-0219,USDCHF,6,2024-08-21 10:00:00,2024-08-21 10:40:00,317.1,3.17,0.07,0.8543,0.85478,0.85348,0.85432,BREAKEVEN,0.25,-0.21,-0.45,316.64,True
TR-USDCHF-2024-08-22T100000-0220,USDCHF,5,2024-08-22 10:00:00,2024-08-22 10:30:00,316.64,3.17,0.06,0.85072,0.85133,0.84967,0.85076,BREAKEVEN,0.21,-0.18,-0.39,316.25,True
TR-USDCHF-2024-08-23T032000-0221,USDCHF,6,2024-08-23 03:20:00,2024-08-23 06:40:00,316.25,3.16,0.05,0.85162,0.85231,0.8504,0.85166,BREAKEVEN,0.18,-0.15,-0.32,315.93,True
TR-USDCHF-2024-08-23T093000-0222,USDCHF,5,2024-08-23 09:30:00,2024-08-23 12:00:00,315.93,3.16,0.04,0.85174,0.85261,0.85015,0.85177,BREAKEVEN,0.14,-0.12,-0.26,315.67,True
TR-USDCHF-2024-08-26T021000-0223,USDCHF,2,2024-08-26 02:10:00,2024-08-26 06:00:00,315.67,3.16,0.03,0.84704,0.84802,0.84523,0.84707,BREAKEVEN,0.1,-0.09,-0.19,315.47,True
TR-USDCHF-2024-08-26T090000-0224,USDCHF,5,2024-08-26 09:00:00,2024-08-26 12:00:00,315.47,3.15,0.04,0.84722,0.84805,0.84572,0.84572,WIN,0.14,6.0,5.86,321.33,True
TR-USDCHF-2024-08-27T092000-0225,USDCHF,5,2024-08-27 09:20:00,2024-08-27 10:40:00,321.33,3.21,0.04,0.84728,0.84817,0.84565,0.84822,LOSS,0.14,-3.76,-3.9,317.43,True
TR-USDCHF-2024-08-27T155000-0226,USDCHF,5,2024-08-27 15:50:00,2024-08-27 17:00:00,317.43,3.17,0.04,0.84562,0.84649,0.84404,0.84404,WIN,0.14,6.32,6.18,323.61,True
TR-USDCHF-2024-08-28T032000-0227,USDCHF,1,2024-08-28 03:20:00,2024-08-28 04:30:00,323.61,3.24,0.06,0.8418,0.84235,0.84084,0.8424,LOSS,0.21,-3.63,-3.84,319.77,True
TR-USDCHF-2024-08-28T102000-0228,USDCHF,2,2024-08-28 10:20:00,2024-08-28 14:00:00,319.77,3.2,0.03,0.84341,0.84449,0.8414,0.84344,BREAKEVEN,0.1,-0.09,-0.19,319.58,True
TR-USDCHF-2024-08-29T152000-0229,USDCHF,2,2024-08-29 15:20:00,2024-08-29 15:30:00,319.58,3.2,0.05,0.84438,0.84354,0.84566,0.84566,WIN,0.18,6.4,6.22,325.8,True
TR-USDCHF-2024-08-29T154000-0230,USDCHF,2,2024-08-29 15:40:00,2024-08-29 17:30:00,325.8,3.26,0.02,0.84568,0.84398,0.84873,0.84873,WIN,0.07,6.1,6.03,331.83,True
TR-USDCHF-2024-08-30T094000-0231,USDCHF,2,2024-08-30 09:40:00,2024-08-30 11:10:00,331.83,3.32,0.05,0.84814,0.84737,0.84924,0.84732,LOSS,0.18,-4.07,-4.25,327.58,True
TR-USDCHF-2024-08-30T154000-0232,USDCHF,2,2024-08-30 15:40:00,2024-08-30 17:00:00,327.58,3.28,0.03,0.84946,0.84827,0.85143,0.84942,BREAKEVEN,0.1,-0.09,-0.19,327.39,True
TR-USDCHF-2024-09-02T082000-0233,USDCHF,5,2024-09-02 08:20:00,2024-09-02 09:00:00,327.39,3.27,0.05,0.85025,0.84946,0.8515,0.84941,LOSS,0.18,-4.2,-4.38,323.01,True
TR-USDCHF-2024-09-03T035000-0234,USDCHF,5,2024-09-03 03:50:00,2024-09-03 10:50:00,323.01,3.23,0.04,0.85207,0.85111,0.85361,0.85361,WIN,0.14,6.16,6.02,329.03,True
TR-USDCHF-2024-09-03T150000-0235,USDCHF,5,2024-09-03 15:00:00,2024-09-03 15:50:00,329.03,3.29,0.05,0.85198,0.85118,0.85323,0.85113,LOSS,0.18,-4.27,-4.45,324.58,True
TR-USDCHF-2024-09-04T034000-0236,USDCHF,2,2024-09-04 03:40:00,2024-09-04 09:30:00,324.58,3.25,0.03,0.84904,0.85013,0.847,0.84906,BREAKEVEN,0.1,-0.09,-0.19,324.39,True
TR-USDCHF-2024-09-04T100000-0237,USDCHF,5,2024-09-04 10:00:00,2024-09-04 12:30:00,324.39,3.24,0.03,0.84819,0.84952,0.84569,0.84957,LOSS,0.1,-4.13,-4.23,320.16,True
TR-USDCHF-2024-09-05T042000-0238,USDCHF,5,2024-09-05 04:20:00,2024-09-05 15:20:00,320.16,3.2,0.04,0.84644,0.84738,0.84473,0.84473,WIN,0.14,6.88,6.74,326.9,True
TR-USDCHF-2024-09-05T153000-0239,USDCHF,2,2024-09-05 15:30:00,2024-09-05 17:00:00,326.9,3.27,0.02,0.84508,0.8466,0.84221,0.84665,LOSS,0.07,-3.13,-3.2,323.7,True
TR-USDCHF-2024-09-06T030000-0240,USDCHF,5,2024-09-06 03:00:00,2024-09-06 07:30:00,323.7,3.24,0.05,0.84392,0.84456,0.84278,0.84278,WIN,0.18,5.7,5.52,329.22,True
TR-USDCHF-2024-09-06T153000-0241,USDCHF,5,2024-09-06 15:30:00,2024-09-06 16:40:00,329.22,3.29,0.01,0.84247,0.84683,0.8339,0.84688,LOSS,0.04,-4.41,-4.45,324.78,True
TR-USDCHF-2024-09-09T071000-0242,USDCHF,5,2024-09-09 07:10:00,2024-09-09 10:10:00,324.78,3.25,0.05,0.84555,0.84477,0.84669,0.84669,WIN,0.18,5.7,5.53,330.3,True
TR-USDCHF-2024-09-11T030000-0243,USDCHF,5,2024-09-11 03:00:00,2024-09-11 04:40:00,330.3,3.3,0.05,0.84662,0.84728,0.84544,0.84544,WIN,0.18,5.9,5.72,336.03,True
TR-USDCHF-2024-09-11T071000-0244,USDCHF,2,2024-09-11 07:10:00,2024-09-11 08:10:00,336.03,3.36,0.06,0.84412,0.84474,0.84305,0.84305,WIN,0.21,6.48,6.27,342.3,True
TR-USDCHF-2024-09-12T100000-0245,USDCHF,5,2024-09-12 10:00:00,2024-09-12 11:10:00,342.3,3.42,0.04,0.85286,0.85175,0.85466,0.85466,WIN,0.14,7.2,7.06,349.36,True
TR-USDCHF-2024-09-12T150000-0246,USDCHF,2,2024-09-12 15:00:00,2024-09-12 15:30:00,349.36,3.49,0.04,0.85368,0.85257,0.85556,0.85252,LOSS,0.14,-4.66,-4.8,344.56,True
TR-USDCHF-2024-09-13T025000-0247,USDCHF,5,2024-09-13 02:50:00,2024-09-13 05:30:00,344.56,3.45,0.06,0.85006,0.85073,0.84887,0.84887,WIN,0.21,7.14,6.93,351.49,True
TR-USDCHF-2024-09-13T091000-0248,USDCHF,5,2024-09-13 09:10:00,2024-09-13 11:00:00,351.49,3.51,0.06,0.84943,0.85009,0.84826,0.84826,WIN,0.21,7.02,6.81,358.3,True
TR-USDCHF-2024-09-13T151000-0249,USDCHF,2,2024-09-13 15:10:00,2024-09-13 16:00:00,358.3,3.58,0.05,0.84716,0.84792,0.84581,0.84581,WIN,0.18,6.8,6.62,364.92,True
TR-USDCHF-2024-09-16T094000-0250,USDCHF,5,2024-09-16 09:40:00,2024-09-16 18:50:00,364.92,3.65,0.03,0.84574,0.84688,0.84361,0.84577,BREAKEVEN,0.1,-0.09,-0.19,364.73,True
TR-USDCHF-2024-09-17T034000-0251,USDCHF,6,2024-09-17 03:40:00,2024-09-17 07:10:00,364.73,3.65,0.07,0.84458,0.84516,0.84357,0.84461,BREAKEVEN,0.25,-0.21,-0.45,364.27,True
TR-USDCHF-2024-09-17T084000-0252,USDCHF,5,2024-09-17 08:40:00,2024-09-17 13:00:00,364.27,3.64,0.05,0.84404,0.84477,0.84273,0.84407,BREAKEVEN,0.18,-0.15,-0.32,363.95,True
TR-USDCHF-2024-09-18T105000-0253,USDCHF,2,2024-09-18 10:50:00,2024-09-18 12:50:00,363.95,3.64,0.04,0.84447,0.84534,0.84288,0.84288,WIN,0.14,6.36,6.22,370.17,True
TR-USDCHF-2024-09-19T030000-0254,USDCHF,2,2024-09-19 03:00:00,2024-09-19 03:20:00,370.17,3.7,0.1,0.84754,0.84702,0.84816,0.84816,WIN,0.35,6.2,5.85,376.02,True
TR-USDCHF-2024-09-19T033000-0255,USDCHF,2,2024-09-19 03:30:00,2024-09-19 04:40:00,376.02,3.76,0.03,0.8483,0.84693,0.85059,0.85059,WIN,0.1,6.87,6.76,382.78,True
TR-USDCHF-2024-09-19T150000-0256,USDCHF,5,2024-09-19 15:00:00,2024-09-19 15:30:00,382.78,3.83,0.06,0.84733,0.84655,0.84853,0.84853,WIN,0.21,7.2,6.99,389.77,True
TR-USDCHF-2024-09-19T154000-0257,USDCHF,2,2024-09-19 15:40:00,2024-09-19 16:20:00,389.77,3.9,0.02,0.84877,0.84702,0.85182,0.84874,BREAKEVEN,0.07,-0.06,-0.13,389.64,True
TR-USDCHF-2024-09-20T104000-0258,USDCHF,2,2024-09-20 10:40:00,2024-09-20 10:50:00,389.64,3.9,0.05,0.84694,0.84778,0.84542,0.84783,LOSS,0.18,-4.43,-4.6,385.04,True
TR-USDCHF-2024-09-23T030000-0259,USDCHF,2,2024-09-23 03:00:00,2024-09-23 12:40:00,385.04,3.85,0.06,0.85068,0.84988,0.85183,0.85065,BREAKEVEN,0.21,-0.18,-0.39,384.65,True
TR-USDCHF-2024-09-24T031000-0260,USDCHF,5,2024-09-24 03:10:00,2024-09-24 09:10:00,384.65,3.85,0.04,0.84715,0.84806,0.84548,0.84811,LOSS,0.14,-3.84,-3.98,380.67,True
TR-USDCHF-2024-09-24T154000-0261,USDCHF,5,2024-09-24 15:40:00,2024-09-24 17:20:00,380.67,3.81,0.04,0.8477,0.84866,0.84595,0.84595,WIN,0.14,7.04,6.9,387.57,True
TR-USDCHF-2024-09-25T090000-0262,USDCHF,5,2024-09-25 09:00:00,2024-09-25 10:00:00,387.57,3.88,0.04,0.84178,0.84273,0.84002,0.84278,LOSS,0.14,-4.02,-4.16,383.41,True
TR-USDCHF-2024-09-26T043000-0263,USDCHF,5,2024-09-26 04:30:00,2024-09-26 10:30:00,383.41,3.83,0.04,0.85063,0.84954,0.85237,0.84949,LOSS,0.14,-4.58,-4.72,378.69,True
TR-USDCHF-2024-09-26T154000-0264,USDCHF,2,2024-09-26 15:40:00,2024-09-26 17:50:00,378.69,3.79,0.02,0.8479,0.84597,0.85136,0.84788,BREAKEVEN,0.07,-0.06,-0.13,378.56,True
TR-USDCHF-2024-09-27T030000-0265,USDCHF,2,2024-09-27 03:00:00,2024-09-27 03:30:00,378.56,3.79,0.1,0.84632,0.84673,0.84564,0.84678,LOSS,0.35,-4.65,-5.0,373.56,True
TR-USDCHF-2024-09-27T093000-0266,USDCHF,5,2024-09-27 09:30:00,2024-09-27 15:30:00,373.56,3.74,0.02,0.84726,0.84917,0.84359,0.84359,WIN,0.07,7.34,7.27,380.83,True
TR-USDCHF-2024-09-27T155000-0267,USDCHF,2,2024-09-27 15:50:00,2024-09-27 18:20:00,380.83,3.81,0.02,0.84304,0.84483,0.83962,0.84307,BREAKEVEN,0.07,-0.06,-0.13,380.7,True
TR-USDCHF-2024-09-30T034000-0268,USDCHF,6,2024-09-30 03:40:00,2024-09-30 04:20:00,380.7,3.81,0.1,0.84165,0.84207,0.84096,0.84096,WIN,0.35,6.9,6.55,387.25,True
TR-USDCHF-2024-09-30T080000-0269,USDCHF,5,2024-09-30 08:00:00,2024-09-30 10:40:00,387.25,3.87,0.05,0.8414,0.84215,0.84004,0.8422,LOSS,0.18,-4.02,-4.2,383.05,True
TR-USDCHF-2024-10-01T034000-0270,USDCHF,5,2024-10-01 03:40:00,2024-10-01 04:40:00,383.05,3.83,0.06,0.84588,0.84512,0.84702,0.84507,LOSS,0.21,-4.89,-5.1,377.95,True
TR-USDCHF-2024-10-01T103000-0271,USDCHF,2,2024-10-01 10:30:00,2024-10-01 16:40:00,377.95,3.78,0.03,0.84696,0.84539,0.84966,0.84534,LOSS,0.1,-4.84,-4.95,373.0,True
TR-USDCHF-2024-10-02T092000-0272,USDCHF,2,2024-10-02 09:20:00,2024-10-02 10:10:00,373.0,3.73,0.08,0.84602,0.84546,0.84681,0.84541,LOSS,0.28,-4.88,-5.16,367.84,True
TR-USDCHF-2024-10-02T152000-0273,USDCHF,5,2024-10-02 15:20:00,2024-10-02 16:00:00,367.84,3.68,0.03,0.84843,0.84726,0.85044,0.85044,WIN,0.1,6.03,5.92,373.77,True
TR-USDCHF-2024-10-03T031000-0274,USDCHF,2,2024-10-03 03:10:00,2024-10-03 03:30:00,373.77,3.74,0.09,0.84997,0.84942,0.85065,0.85065,WIN,0.32,6.12,5.81,379.57,True
TR-USDCHF-2024-10-03T092000-0275,USDCHF,5,2024-10-03 09:20:00,2024-10-03 09:30:00,379.57,3.8,0.05,0.8502,0.84927,0.85168,0.85168,WIN,0.18,7.45,7.27,386.85,False
TR-USDCHF-2024-10-03T100000-0276,USDCHF,2,2024-10-03 10:00:00,2024-10-03 14:30:00,386.85,3.87,0.01,0.85281,0.85001,0.85799,0.84996,LOSS,0.04,-2.85,-2.89,383.96,True
TR-USDCHF-2024-10-04T102000-0277,USDCHF,2,2024-10-04 10:20:00,2024-10-04 14:40:00,383.96,3.84,0.04,0.85119,0.85017,0.85282,0.85116,BREAKEVEN,0.14,-0.12,-0.26,383.7,True
TR-USDCHF-2024-10-04T153000-0278,USDCHF,2,2024-10-04 15:30:00,2024-10-04 15:40:00,383.7,3.84,0.1,0.85157,0.85097,0.85211,0.85211,WIN,0.35,5.4,5.05,388.75,True
TR-USDCHF-2024-10-04T155000-0279,USDCHF,2,2024-10-04 15:50:00,2024-10-18 15:40:00,388.75,3.89,0.01,0.85832,0.851,0.87254,0.86569,WIN,0.04,7.37,7.33,396.09,True
TR-USDCHF-2024-10-21T105000-0280,USDCHF,5,2024-10-21 10:50:00,2024-10-21 15:30:00,396.09,3.96,0.06,0.86488,0.86564,0.86353,0.86353,WIN,0.21,8.16,7.95,404.04,True
TR-USDCHF-2024-10-23T033000-0281,USDCHF,2,2024-10-23 03:30:00,2024-10-23 09:50:00,404.04,4.04,0.05,0.86616,0.86518,0.86768,0.86768,WIN,0.18,7.65,7.47,411.51,True
TR-USDCHF-2024-10-23T153000-0282,USDCHF,2,2024-10-23 15:30:00,2024-10-23 17:20:00,411.51,4.12,0.07,0.86776,0.86701,0.86888,0.86696,LOSS,0.25,-5.56,-5.81,405.7,True
TR-USDCHF-2024-10-24T103000-0283,USDCHF,6,2024-10-24 10:30:00,2024-10-24 12:40:00,405.7,4.06,0.08,0.86624,0.86681,0.86525,0.86525,WIN,0.28,7.92,7.64,413.34,True
TR-USDCHF-2024-10-28T031000-0284,USDCHF,5,2024-10-28 03:10:00,2024-10-28 09:00:00,413.34,4.13,0.07,0.86919,0.86842,0.87028,0.86837,LOSS,0.25,-5.74,-5.98,407.36,True
TR-USDCHF-2024-10-28T151000-0285,USDCHF,5,2024-10-28 15:10:00,2024-10-28 17:50:00,407.36,4.07,0.06,0.86591,0.86668,0.86452,0.86594,BREAKEVEN,0.21,-0.18,-0.39,406.97,True
TR-USDCHF-2024-10-30T031000-0286,USDCHF,5,2024-10-30 03:10:00,2024-10-30 08:40:00,406.97,4.07,0.07,0.86735,0.86659,0.86842,0.86654,LOSS,0.25,-5.67,-5.91,401.05,True
TR-USDCHF-2024-10-31T022000-0287,USDCHF,5,2024-10-31 02:20:00,2024-10-31 06:10:00,401.05,4.01,0.08,0.86628,0.86682,0.86534,0.86534,WIN,0.28,7.52,7.24,408.29,True
TR-USDCHF-2024-10-31T085000-0288,USDCHF,5,2024-10-31 08:50:00,2024-10-31 09:20:00,408.29,4.08,0.05,0.86492,0.86583,0.86324,0.86588,LOSS,0.18,-4.82,-5.0,403.29,True
TR-USDCHF-2024-10-31T103000-0289,USDCHF,5,2024-10-31 10:30:00,2024-10-31 13:00:00,403.29,4.03,0.05,0.86534,0.86617,0.86385,0.86622,LOSS,0.18,-4.37,-4.55,398.74,True
TR-USDCHF-2024-10-31T153000-0290,USDCHF,6,2024-10-31 15:30:00,2024-10-31 16:20:00,398.74,3.99,0.04,0.8647,0.86571,0.86284,0.86576,LOSS,0.14,-4.22,-4.36,394.38,True
TR-USDCHF-2024-11-01T155000-0291,USDCHF,2,2024-11-01 15:50:00,2024-11-01 17:50:00,394.38,3.94,0.03,0.86759,0.86624,0.86993,0.86993,WIN,0.1,7.02,6.91,401.3,True
TR-USDCHF-2024-11-04T093000-0292,USDCHF,5,2024-11-04 09:30:00,2024-11-04 11:10:00,401.3,4.01,0.07,0.8655,0.86616,0.86432,0.86432,WIN,0.25,8.26,8.01,409.31,True
TR-USDCHF-2024-11-04T151000-0293,USDCHF,5,2024-11-04 15:10:00,2024-11-04 15:30:00,409.31,4.09,0.05,0.86292,0.86373,0.86145,0.86378,LOSS,0.18,-4.3,-4.47,404.84,True
TR-USDCHF-2024-11-05T100000-0294,USDCHF,5,2024-11-05 10:00:00,2024-11-05 12:00:00,404.84,4.05,0.05,0.86364,0.86456,0.86194,0.86194,WIN,0.18,8.5,8.32,413.16,True
TR-USDCHF-2024-11-05T154000-0295,USDCHF,2,2024-11-05 15:40:00,2024-11-05 16:10:00,413.16,4.13,0.05,0.86253,0.86342,0.8609,0.86347,LOSS,0.18,-4.7,-4.87,408.29,True
TR-USDCHF-2024-11-06T020000-0296,USDCHF,2,2024-11-06 02:00:00,2024-11-06 02:20:00,408.29,4.08,0.03,0.86286,0.86423,0.86027,0.86428,LOSS,0.1,-4.26,-4.36,403.92,True
TR-USDCHF-2024-11-06T030000-0297,USDCHF,5,2024-11-06 03:00:00,2024-11-06 05:00:00,403.92,4.04,0.02,0.86814,0.8659,0.87214,0.87214,WIN,0.07,8.0,7.93,411.85,True
TR-USDCHF-2024-11-06T100000-0298,USDCHF,2,2024-11-06 10:00:00,2024-11-06 17:10:00,411.85,4.12,0.02,0.87426,0.87209,0.87814,0.87423,BREAKEVEN,0.07,-0.06,-0.13,411.72,True
TR-USDCHF-2024-11-07T022000-0299,USDCHF,5,2024-11-07 02:20:00,2024-11-07 07:50:00,411.72,4.12,0.05,0.87628,0.87523,0.87788,0.87518,LOSS,0.18,-5.52,-5.7,406.02,True
TR-USDCHF-2024-11-07T104000-0300,USDCHF,5,2024-11-07 10:40:00,2024-11-07 14:50:00,406.02,4.06,0.04,0.87556,0.87431,0.87766,0.87554,BREAKEVEN,0.14,-0.12,-0.26,405.76,True
TR-USDCHF-2024-11-08T103000-0301,USDCHF,5,2024-11-08 10:30:00,2024-11-08 12:50:00,405.76,4.06,0.05,0.87286,0.87376,0.8712,0.8712,WIN,0.18,8.3,8.12,413.89,True
TR-USDCHF-2024-11-11T095000-0302,USDCHF,2,2024-11-11 09:50:00,2024-11-11 13:00:00,413.89,4.14,0.04,0.87753,0.87643,0.87931,0.87931,WIN,0.14,7.12,6.98,420.87,True
TR-USDCHF-2024-11-11T150000-0303,USDCHF,2,2024-11-11 15:00:00,2024-11-11 21:40:00,420.87,4.21,0.07,0.87971,0.87897,0.88077,0.88077,WIN,0.25,7.42,7.17,428.04,True
TR-USDCHF-2024-11-12T022000-0304,USDCHF,5,2024-11-12 02:20:00,2024-11-12 08:40:00,428.04,4.28,0.07,0.88067,0.8799,0.88173,0.88173,WIN,0.25,7.42,7.18,435.22,True
TR-USDCHF-2024-11-13T032000-0305,USDCHF,6,2024-11-13 03:20:00,2024-11-13 03:40:00,435.22,4.35,0.11,0.8827,0.88214,0.88334,0.88209,LOSS,0.39,-6.71,-7.09,428.12,True
TR-USDCHF-2024-11-13T100000-0306,USDCHF,2,2024-11-13 10:00:00,2024-11-13 11:30:00,428.12,4.28,0.06,0.8834,0.88254,0.88466,0.88249,LOSS,0.21,-5.49,-5.7,422.42,True
TR-USDCHF-2024-11-14T031000-0307,USDCHF,2,2024-11-14 03:10:00,2024-11-14 06:20:00,422.42,4.22,0.06,0.88606,0.88519,0.88736,0.88736,WIN,0.21,7.8,7.59,430.01,True
TR-USDCHF-2024-11-14T100000-0308,USDCHF,2,2024-11-14 10:00:00,2024-11-14 11:20:00,430.01,4.3,0.07,0.88717,0.88636,0.88834,0.88834,WIN,0.25,8.19,7.95,437.96,True
TR-USDCHF-2024-11-14T153000-0309,USDCHF,2,2024-11-14 15:30:00,2024-11-14 15:40:00,437.96,4.38,0.1,0.88931,0.8887,0.89004,0.89004,WIN,0.35,7.3,6.95,444.91,True
TR-USDCHF-2024-11-15T154000-0310,USDCHF,2,2024-11-15 15:40:00,2024-11-15 17:40:00,444.91,4.45,0.03,0.88814,0.88641,0.89115,0.88811,BREAKEVEN,0.1,-0.09,-0.19,444.71,False
TR-USDCHF-2024-11-18T153000-0311,USDCHF,2,2024-11-18 15:30:00,2024-11-18 19:30:00,444.71,4.45,0.04,0.88717,0.88843,0.8848,0.8848,WIN,0.14,9.48,9.34,454.05,True
TR-USDCHF-2024-11-19T104000-0312,USDCHF,5,2024-11-19 10:40:00,2024-11-19 11:20:00,454.05,4.54,0.05,0.88327,0.88421,0.88154,0.88426,LOSS,0.18,-4.95,-5.12,448.93,True
TR-USDCHF-2024-11-19T150000-0313,USDCHF,5,2024-11-19 15:00:00,2024-11-19 15:40:00,448.93,4.49,0.05,0.88252,0.88339,0.88092,0.88092,WIN,0.18,8.0,7.82,456.75,True
TR-USDCHF-2024-11-21T154000-0314,USDCHF,2,2024-11-21 15:40:00,2024-11-21 18:00:00,456.75,4.57,0.03,0.88332,0.88477,0.88057,0.88482,LOSS,0.1,-4.5,-4.6,452.15,True
TR-USDCHF-2024-11-22T152000-0315,USDCHF,5,2024-11-22 15:20:00,2024-11-22 16:20:00,452.15,4.52,0.03,0.89124,0.8898,0.89373,0.89373,WIN,0.1,7.47,7.36,459.51,True
TR-USDCHF-2024-11-25T100000-0316,USDCHF,2,2024-11-25 10:00:00,2024-11-25 11:10:00,459.51,4.6,0.05,0.89105,0.89006,0.89262,0.89001,LOSS,0.18,-5.22,-5.4,454.11,True
TR-USDCHF-2024-11-25T153000-0317,USDCHF,5,2024-11-25 15:30:00,2024-11-26 01:50:00,454.11,4.54,0.02,0.88732,0.88939,0.88331,0.88734,BREAKEVEN,0.07,-0.06,-0.13,453.98,True
TR-USDCHF-2024-11-26T100000-0318,USDCHF,5,2024-11-26 10:00:00,2024-11-26 12:50:00,453.98,4.54,0.06,0.88702,0.88786,0.88549,0.88549,WIN,0.21,9.18,8.97,462.95,True
TR-USDCHF-2024-11-27T100000-0319,USDCHF,5,2024-11-27 10:00:00,2024-11-27 10:20:00,462.95,4.63,0.06,0.88437,0.88517,0.88292,0.88292,WIN,0.21,8.7,8.49,471.44,True
TR-USDCHF-2024-11-27T153000-0320,USDCHF,5,2024-11-27 15:30:00,2024-11-27 16:00:00,471.44,4.71,0.05,0.88337,0.88435,0.88156,0.88156,WIN,0.18,9.05,8.87,480.32,True
TR-USDCHF-2024-11-29T024000-0321,USDCHF,5,2024-11-29 02:40:00,2024-11-29 05:30:00,480.32,4.8,0.06,0.88171,0.8825,0.88028,0.88174,BREAKEVEN,0.21,-0.18,-0.39,479.93,True
TR-USDCHF-2024-11-29T103000-0322,USDCHF,5,2024-11-29 10:30:00,2024-11-29 11:10:00,479.93,4.8,0.09,0.88124,0.88183,0.88022,0.88022,WIN,0.32,9.18,8.87,488.79,True
TR-USDCHF-2024-12-02T103000-0323,USDCHF,5,2024-12-02 10:30:00,2024-12-02 15:00:00,488.79,4.89,0.07,0.8849,0.88402,0.88624,0.88624,WIN,0.25,9.38,9.13,497.93,True
TR-USDCHF-2024-12-02T151000-0324,USDCHF,2,2024-12-02 15:10:00,2024-12-02 17:30:00,497.93,4.98,0.05,0.8864,0.88523,0.88832,0.88832,WIN,0.18,9.6,9.42,507.35,True
TR-USDCHF-2024-12-03T155000-0325,USDCHF,5,2024-12-03 15:50:00,2024-12-03 17:20:00,507.35,5.07,0.04,0.88424,0.88553,0.88183,0.88558,LOSS,0.14,-5.34,-5.48,501.87,True
TR-USDCHF-2024-12-04T150000-0326,USDCHF,2,2024-12-04 15:00:00,2024-12-04 17:00:00,501.87,5.02,0.07,0.88683,0.88599,0.88806,0.88594,LOSS,0.25,-6.23,-6.47,495.4,True
TR-USDCHF-2024-12-05T073000-0327,USDCHF,5,2024-12-05 07:30:00,2024-12-05 10:50:00,495.4,4.95,0.07,0.88379,0.88459,0.88234,0.88464,LOSS,0.25,-5.95,-6.2,489.2,True
TR-USDCHF-2024-12-05T150000-0328,USDCHF,2,2024-12-05 15:00:00,2024-12-05 15:30:00,489.2,4.89,0.05,0.88332,0.88438,0.88134,0.88134,WIN,0.18,9.9,9.72,498.93,True
TR-USDCHF-2024-12-06T100000-0329,USDCHF,2,2024-12-06 10:00:00,2024-12-06 15:30:00,498.93,4.99,0.05,0.87888,0.87999,0.8768,0.8768,WIN,0.18,10.4,10.22,509.15,True
TR-USDCHF-2024-12-09T153000-0330,USDCHF,2,2024-12-09 15:30:00,2024-12-09 17:40:00,509.15,5.09,0.07,0.87927,0.88008,0.8778,0.8778,WIN,0.25,10.29,10.04,519.2,True
TR-USDCHF-2024-12-10T040000-0331,USDCHF,5,2024-12-10 04:00:00,2024-12-10 08:00:00,519.2,5.19,0.07,0.8787,0.87948,0.8773,0.8773,WIN,0.25,9.8,9.55,528.75,True
TR-USDCHF-2024-12-11T101000-0332,USDCHF,2,2024-12-11 10:10:00,2024-12-11 10:20:00,528.75,5.29,0.12,0.88519,0.88461,0.88593,0.88456,LOSS,0.42,-7.56,-7.98,520.77,True
TR-USDCHF-2024-12-12T103000-0333,USDCHF,5,2024-12-12 10:30:00,2024-12-12 17:30:00,520.77,5.21,0.02,0.88469,0.88157,0.88973,0.88973,WIN,0.07,10.08,10.01,530.78,True
TR-USDCHF-2024-12-13T033000-0334,USDCHF,5,2024-12-13 03:30:00,2024-12-13 11:10:00,530.78,5.31,0.06,0.8923,0.8912,0.89403,0.89403,WIN,0.21,10.38,10.17,540.95,True
TR-USDCHF-2024-12-16T102000-0335,USDCHF,5,2024-12-16 10:20:00,2024-12-16 12:40:00,540.95,5.41,0.08,0.89132,0.89201,0.89009,0.89135,BREAKEVEN,0.28,-0.24,-0.52,540.43,True
TR-USDCHF-2024-12-17T082000-0336,USDCHF,5,2024-12-17 08:20:00,2024-12-17 11:50:00,540.43,5.4,0.05,0.89525,0.89408,0.89711,0.89711,WIN,0.18,9.3,9.12,549.56,True
TR-USDCHF-2024-12-18T082000-0337,USDCHF,5,2024-12-18 08:20:00,2024-12-18 09:40:00,549.56,5.5,0.09,0.89213,0.89278,0.89098,0.89283,LOSS,0.32,-6.3,-6.61,542.94,True
TR-USDCHF-2024-12-20T070000-0338,USDCHF,5,2024-12-20 07:00:00,2024-12-20 08:30:00,542.94,5.43,0.1,0.89828,0.89755,0.89924,0.8975,LOSS,0.35,-7.75,-8.1,534.84,True
TR-USDCHF-2024-12-20T153000-0339,USDCHF,5,2024-12-20 15:30:00,2024-12-20 17:30:00,534.84,5.35,0.04,0.8941,0.89535,0.89174,0.8954,LOSS,0.14,-5.22,-5.36,529.48,True
TR-USDCHF-2024-12-23T035000-0340,USDCHF,2,2024-12-23 03:50:00,2024-12-23 08:10:00,529.48,5.29,0.09,0.89312,0.89377,0.89197,0.89382,LOSS,0.32,-6.3,-6.61,522.87,True
TR-USDCHF-2024-12-24T023000-0341,USDCHF,5,2024-12-24 02:30:00,2024-12-24 10:00:00,522.87,5.23,0.08,0.89892,0.8981,0.90014,0.90014,WIN,0.28,9.76,9.48,532.35,True
TR-USDCHF-2024-12-26T102000-0342,USDCHF,5,2024-12-26 10:20:00,2024-12-26 17:30:00,532.35,5.32,0.09,0.90009,0.89933,0.90114,0.90006,BREAKEVEN,0.32,-0.27,-0.58,531.76,True
TR-USDCHF-2024-12-27T032000-0343,USDCHF,6,2024-12-27 03:20:00,2024-12-27 08:50:00,531.76,5.32,0.1,0.89923,0.89982,0.8982,0.89987,LOSS,0.35,-6.4,-6.75,525.01,True
TR-USDCHF-2024-12-27T095000-0344,USDCHF,5,2024-12-27 09:50:00,2024-12-27 10:10:00,525.01,5.25,0.07,0.90064,0.89979,0.90195,0.89974,LOSS,0.25,-6.3,-6.54,518.47,True
TR-USDCHF-2024-12-27T152000-0345,USDCHF,2,2024-12-27 15:20:00,2024-12-27 19:10:00,518.47,5.18,0.07,0.90092,0.89994,0.90225,0.90225,WIN,0.25,9.31,9.06,527.53,True
TR-USDCHF-2024-12-30T102000-0346,USDCHF,5,2024-12-30 10:20:00,2024-12-30 11:10:00,527.53,5.28,0.08,0.90221,0.90137,0.90344,0.90344,WIN,0.28,9.84,9.56,537.09,True
TR-USDCHF-2024-12-31T083000-0347,USDCHF,5,2024-12-31 08:30:00,2024-12-31 11:00:00,537.09,5.37,0.09,0.90325,0.90251,0.90423,0.90246,LOSS,0.32,-7.15,-7.47,529.62,True
TR-USDCHF-2025-01-02T102000-0348,USDCHF,2,2025-01-02 10:20:00,2025-01-02 14:50:00,529.62,5.3,0.04,0.90519,0.90355,0.90792,0.90792,WIN,0.14,10.92,10.78,540.4,True
TR-USDCHF-2025-01-02T150000-0349,USDCHF,5,2025-01-02 15:00:00,2025-01-02 17:00:00,540.4,5.4,0.06,0.90788,0.90686,0.9095,0.9095,WIN,0.21,9.72,9.51,549.91,True
TR-USDCHF-2025-01-06T102000-0350,USDCHF,2,2025-01-06 10:20:00,2025-01-06 13:20:00,549.91,5.5,0.04,0.90752,0.90889,0.90495,0.90495,WIN,0.14,10.32,10.18,560.09,True
TR-USDCHF-2025-01-06T150000-0351,USDCHF,2,2025-01-06 15:00:00,2025-01-06 16:20:00,560.09,5.6,0.04,0.90178,0.90327,0.89895,0.90332,LOSS,0.14,-6.16,-6.3,553.79,True
TR-USDCHF-2025-01-07T100000-0352,USDCHF,5,2025-01-07 10:00:00,2025-01-07 12:00:00,553.79,5.54,0.06,0.90452,0.90555,0.9026,0.90454,BREAKEVEN,0.21,-0.18,-0.39,553.4,True
TR-USDCHF-2025-01-08T100000-0353,USDCHF,5,2025-01-08 10:00:00,2025-01-08 12:40:00,553.4,5.53,0.05,0.91028,0.90909,0.9122,0.9122,WIN,0.18,9.6,9.43,562.83,True
TR-USDCHF-2025-01-09T081000-0354,USDCHF,5,2025-01-09 08:10:00,2025-01-09 11:20:00,562.83,5.63,0.06,0.91098,0.90984,0.91282,0.91096,BREAKEVEN,0.21,-0.18,-0.39,562.44,True
TR-USDCHF-2025-01-10T153000-0355,USDCHF,2,2025-01-10 15:30:00,2025-01-10 15:40:00,562.44,5.62,0.15,0.91384,0.9133,0.91445,0.91445,WIN,0.53,9.3,8.77,571.21,True
TR-USDCHF-2025-01-14T100000-0356,USDCHF,2,2025-01-14 10:00:00,2025-01-14 10:20:00,571.21,5.71,0.09,0.91534,0.91604,0.91409,0.91409,WIN,0.32,11.25,10.94,582.15,True
TR-USDCHF-2025-01-14T153000-0357,USDCHF,5,2025-01-14 15:30:00,2025-01-15 01:20:00,582.15,5.82,0.03,0.91565,0.9174,0.9123,0.9123,WIN,0.1,10.05,9.95,592.09,True
TR-USDCHF-2025-01-15T100000-0358,USDCHF,2,2025-01-15 10:00:00,2025-01-15 15:30:00,592.09,5.92,0.07,0.91158,0.91248,0.90993,0.91161,BREAKEVEN,0.25,-0.21,-0.45,591.64,True
TR-USDCHF-2025-01-15T154000-0359,USDCHF,2,2025-01-15 15:40:00,2025-01-15 18:10:00,591.64,5.92,0.03,0.91065,0.91247,0.90716,0.91252,LOSS,0.1,-5.61,-5.71,585.92,True
TR-USDCHF-2025-01-16T031000-0360,USDCHF,2,2025-01-16 03:10:00,2025-01-16 14:30:00,585.92,5.86,0.07,0.91228,0.91312,0.91074,0.9123,BREAKEVEN,0.25,-0.21,-0.45,585.47,True
TR-USDCHF-2025-01-16T155000-0361,USDCHF,5,2025-01-16 15:50:00,2025-01-17 09:20:00,585.47,5.85,0.05,0.91245,0.91372,0.91006,0.91248,BREAKEVEN,0.18,-0.15,-0.32,585.14,True
TR-USDCHF-2025-01-17T102000-0362,USDCHF,2,2025-01-17 10:20:00,2025-01-17 11:50:00,585.14,5.85,0.05,0.91134,0.91249,0.9092,0.91138,BREAKEVEN,0.18,-0.15,-0.32,584.82,True
TR-USDCHF-2025-01-17T153000-0363,USDCHF,2,2025-01-17 15:30:00,2025-01-17 16:20:00,584.82,5.85,0.08,0.91263,0.91176,0.91392,0.91392,WIN,0.28,10.32,10.04,594.86,True
TR-USDCHF-2025-01-22T092000-0364,USDCHF,5,2025-01-22 09:20:00,2025-01-22 12:00:00,594.86,5.95,0.07,0.90657,0.90747,0.90492,0.90492,WIN,0.25,11.55,11.31,606.16,True
TR-USDCHF-2025-01-23T030000-0365,USDCHF,2,2025-01-23 03:00:00,2025-01-23 04:10:00,606.16,6.06,0.11,0.9059,0.90649,0.90488,0.90654,LOSS,0.39,-6.98,-7.37,598.79,True
TR-USDCHF-2025-01-24T095000-0366,USDCHF,5,2025-01-24 09:50:00,2025-01-24 11:30:00,598.79,5.99,0.05,0.9051,0.90625,0.90295,0.90295,WIN,0.18,10.75,10.57,609.37,True
TR-USDCHF-2025-01-27T034000-0367,USDCHF,2,2025-01-27 03:40:00,2025-01-27 10:10:00,609.37,6.09,0.08,0.90639,0.90542,0.90782,0.90537,LOSS,0.28,-8.16,-8.44,600.93,True
TR-USDCHF-2025-01-28T155000-0368,USDCHF,2,2025-01-28 15:50:00,2025-01-28 16:40:00,600.93,6.01,0.06,0.90593,0.90483,0.9077,0.90478,LOSS,0.21,-6.87,-7.08,593.85,True
TR-USDCHF-2025-01-29T152000-0369,USDCHF,2,2025-01-29 15:20:00,2025-01-29 17:50:00,593.85,5.94,0.05,0.90721,0.90598,0.90928,0.90593,LOSS,0.18,-6.4,-6.57,587.27,True
TR-USDCHF-2025-01-30T153000-0370,USDCHF,2,2025-01-30 15:30:00,2025-01-30 16:00:00,587.27,5.87,0.1,0.90755,0.90683,0.90852,0.90678,LOSS,0.35,-7.75,-8.1,579.17,True
TR-USDCHF-2025-01-31T101000-0371,USDCHF,2,2025-01-31 10:10:00,2025-01-31 15:00:00,579.17,5.79,0.05,0.90989,0.90854,0.91218,0.90986,BREAKEVEN,0.18,-0.15,-0.32,578.85,True
TR-USDCHF-2025-02-03T090000-0372,USDCHF,5,2025-02-03 09:00:00,2025-02-03 09:20:00,578.85,5.79,0.09,0.91584,0.91505,0.917,0.917,WIN,0.32,10.44,10.12,588.97,True
TR-USDCHF-2025-02-03T095000-0373,USDCHF,5,2025-02-03 09:50:00,2025-02-03 10:10:00,588.97,5.89,0.06,0.91758,0.91643,0.91938,0.91938,WIN,0.21,10.86,10.65,599.62,True
TR-USDCHF-2025-02-04T094000-0374,USDCHF,5,2025-02-04 09:40:00,2025-02-04 11:00:00,599.62,6.0,0.06,0.91185,0.91284,0.91002,0.91002,WIN,0.21,10.98,10.77,610.39,True
TR-USDCHF-2025-02-04T151000-0375,USDCHF,2,2025-02-04 15:10:00,2025-02-04 16:10:00,610.39,6.1,0.08,0.90921,0.91004,0.9077,0.9077,WIN,0.28,12.08,11.8,622.19,True
TR-USDCHF-2025-02-05T104000-0376,USDCHF,2,2025-02-05 10:40:00,2025-02-05 11:20:00,622.19,6.22,0.08,0.90416,0.90503,0.90256,0.90256,WIN,0.28,12.8,12.52,634.71,True
TR-USDCHF-2025-02-06T033000-0377,USDCHF,5,2025-02-06 03:30:00,2025-02-06 04:40:00,634.71,6.35,0.12,0.9014,0.902,0.90037,0.90205,LOSS,0.42,-7.74,-8.16,626.55,True
TR-USDCHF-2025-02-06T151000-0378,USDCHF,2,2025-02-06 15:10:00,2025-02-06 15:30:00,626.55,6.27,0.09,0.90574,0.90489,0.90703,0.90484,LOSS,0.32,-8.05,-8.37,618.18,True
TR-USDCHF-2025-02-07T150000-0379,USDCHF,2,2025-02-07 15:00:00,2025-02-07 15:20:00,618.18,6.18,0.17,0.90725,0.90673,0.90784,0.90784,WIN,0.6,10.03,9.43,627.62,True
TR-USDCHF-2025-02-07T153000-0380,USDCHF,2,2025-02-07 15:30:00,2025-02-07 15:40:00,627.62,6.28,0.15,0.90772,0.90711,0.90832,0.90832,WIN,0.53,9.15,8.62,636.24,True
TR-USDCHF-2025-02-07T155000-0381,USDCHF,2,2025-02-07 15:50:00,2025-02-13 10:20:00,636.24,6.36,0.01,0.90903,0.90414,0.91839,0.909,BREAKEVEN,0.04,-0.03,-0.06,636.18,True
TR-USDCHF-2025-02-13T103000-0382,USDCHF,2,2025-02-13 10:30:00,2025-02-13 17:20:00,636.18,6.36,0.06,0.90866,0.90981,0.90651,0.90651,WIN,0.21,12.9,12.69,648.87,True
TR-USDCHF-2025-02-14T092000-0383,USDCHF,5,2025-02-14 09:20:00,2025-02-14 09:50:00,648.87,6.49,0.1,0.90361,0.9043,0.90237,0.90435,LOSS,0.35,-7.45,-7.8,641.07,True
TR-USDCHF-2025-02-14T102000-0384,USDCHF,5,2025-02-14 10:20:00,2025-02-14 11:20:00,641.07,6.41,0.06,0.90408,0.90521,0.90199,0.90199,WIN,0.21,12.6,12.39,653.46,True
TR-USDCHF-2025-02-14T153000-0385,USDCHF,5,2025-02-14 15:30:00,2025-02-17 00:50:00,653.46,6.53,0.04,0.90032,0.90186,0.89739,0.90035,BREAKEVEN,0.14,-0.12,-0.26,653.2,True
TR-USDCHF-2025-02-17T034000-0386,USDCHF,2,2025-02-17 03:40:00,2025-02-17 05:30:00,653.2,6.53,0.11,0.89956,0.90022,0.89839,0.90027,LOSS,0.39,-7.81,-8.19,645.01,True
TR-USDCHF-2025-02-19T030000-0387,USDCHF,2,2025-02-19 03:00:00,2025-02-19 07:00:00,645.01,6.45,0.07,0.90406,0.90305,0.90564,0.903,LOSS,0.25,-7.45,-7.7,637.31,True
TR-USDCHF-2025-02-19T092000-0388,USDCHF,5,2025-02-19 09:20:00,2025-02-19 10:30:00,637.31,6.37,0.09,0.90326,0.90239,0.90454,0.90454,WIN,0.32,11.43,11.12,648.42,True
TR-USDCHF-2025-02-19T104000-0389,USDCHF,2,2025-02-19 10:40:00,2025-02-19 12:40:00,648.42,6.48,0.15,0.90473,0.90418,0.90544,0.90413,LOSS,0.53,-9.0,-9.52,638.9,True
TR-USDCHF-2025-02-20T152000-0390,USDCHF,2,2025-02-20 15:20:00,2025-02-20 16:00:00,638.9,6.39,0.08,0.90232,0.9032,0.9007,0.90234,BREAKEVEN,0.28,-0.24,-0.52,638.38,True
TR-USDCHF-2025-02-21T095000-0391,USDCHF,5,2025-02-21 09:50:00,2025-02-21 10:20:00,638.38,6.38,0.08,0.89821,0.89902,0.89674,0.89907,LOSS,0.28,-6.88,-7.16,631.22,True
TR-USDCHF-2025-02-24T023000-0392,USDCHF,5,2025-02-24 02:30:00,2025-02-24 10:00:00,631.22,6.31,0.04,0.8973,0.89883,0.89438,0.89732,BREAKEVEN,0.14,-0.12,-0.26,630.96,True
TR-USDCHF-2025-02-25T044000-0393,USDCHF,5,2025-02-25 04:40:00,2025-02-25 13:20:00,630.96,6.31,0.09,0.8971,0.89783,0.89581,0.89581,WIN,0.32,11.7,11.38,642.34,True
TR-USDCHF-2025-02-25T153000-0394,USDCHF,5,2025-02-25 15:30:00,2025-02-25 17:20:00,642.34,6.42,0.1,0.8938,0.89451,0.89253,0.89253,WIN,0.35,12.7,12.35,654.69,True
TR-USDCHF-2025-02-27T101000-0395,USDCHF,2,2025-02-27 10:10:00,2025-02-27 12:20:00,654.69,6.55,0.09,0.89662,0.89573,0.89796,0.89796,WIN,0.32,12.06,11.74,666.44,False
TR-USDCHF-2025-02-27T151000-0396,USDCHF,2,2025-02-27 15:10:00,2025-02-27 15:30:00,666.44,6.66,0.11,0.89769,0.89692,0.89881,0.89687,LOSS,0.39,-9.02,-9.4,657.03,True
TR-USDCHF-2025-02-27T154000-0397,USDCHF,5,2025-02-27 15:40:00,2025-02-27 17:30:00,657.03,6.57,0.04,0.89779,0.89608,0.90083,0.89776,BREAKEVEN,0.14,-0.12,-0.26,656.77,True
TR-USDCHF-2025-02-28T095000-0398,USDCHF,5,2025-02-28 09:50:00,2025-03-03 04:20:00,656.77,6.57,0.05,0.9016,0.90005,0.90428,0.90157,BREAKEVEN,0.18,-0.15,-0.32,656.45,True
TR-USDCHF-2025-03-04T024000-0399,USDCHF,5,2025-03-04 02:40:00,2025-03-04 03:20:00,656.45,6.56,0.11,0.89662,0.89724,0.89552,0.89552,WIN,0.39,12.1,11.71,668.16,True
TR-USDCHF-2025-03-05T073000-0400,USDCHF,5,2025-03-05 07:30:00,2025-03-05 09:30:00,668.16,6.68,0.08,0.89018,0.89108,0.88853,0.88853,WIN,0.28,13.2,12.92,681.08,True
TR-USDCHF-2025-03-05T105000-0401,USDCHF,5,2025-03-05 10:50:00,2025-03-05 13:10:00,681.08,6.81,0.06,0.88766,0.88882,0.88549,0.88769,BREAKEVEN,0.21,-0.18,-0.39,680.69,True
TR-USDCHF-2025-03-05T153000-0402,USDCHF,2,2025-03-05 15:30:00,2025-03-05 16:30:00,680.69,6.81,0.05,0.88883,0.89021,0.88622,0.88886,BREAKEVEN,0.18,-0.15,-0.32,680.36,True
TR-USDCHF-2025-03-06T102000-0403,USDCHF,5,2025-03-06 10:20:00,2025-03-06 11:50:00,680.36,6.8,0.07,0.8887,0.88979,0.88666,0.88666,WIN,0.25,14.28,14.03,694.4,True
TR-USDCHF-2025-03-06T151000-0404,USDCHF,2,2025-03-06 15:10:00,2025-03-06 16:10:00,694.4,6.94,0.07,0.88643,0.88741,0.88462,0.88462,WIN,0.25,12.67,12.42,706.82,True
TR-USDCHF-2025-03-07T084000-0405,USDCHF,2,2025-03-07 08:40:00,2025-03-07 09:50:00,706.82,7.07,0.1,0.88144,0.88218,0.88012,0.88012,WIN,0.35,13.2,12.85,719.67,True
TR-USDCHF-2025-03-07T154000-0406,USDCHF,5,2025-03-07 15:40:00,2025-03-07 16:30:00,719.67,7.2,0.06,0.8797,0.88092,0.87743,0.87743,WIN,0.21,13.68,13.47,733.14,True
TR-USDCHF-2025-03-10T030000-0407,USDCHF,5,2025-03-10 03:00:00,2025-03-10 03:40:00,733.14,7.33,0.11,0.87683,0.87753,0.87558,0.87758,LOSS,0.39,-8.25,-8.63,724.51,True
TR-USDCHF-2025-03-10T080000-0408,USDCHF,5,2025-03-10 08:00:00,2025-03-10 09:50:00,724.51,7.25,0.09,0.87842,0.8793,0.8768,0.87935,LOSS,0.32,-8.41,-8.73,715.78,True
TR-USDCHF-2025-03-10T104000-0409,USDCHF,5,2025-03-10 10:40:00,2025-03-10 12:10:00,715.78,7.16,0.07,0.87882,0.87993,0.87675,0.87675,WIN,0.25,14.49,14.24,730.02,True
TR-USDCHF-2025-03-11T100000-0410,USDCHF,2,2025-03-11 10:00:00,2025-03-11 10:40:00,730.02,7.3,0.05,0.87893,0.88052,0.8759,0.88057,LOSS,0.18,-8.2,-8.37,721.65,True
TR-USDCHF-2025-03-12T021000-0411,USDCHF,2,2025-03-12 02:10:00,2025-03-12 09:10:00,721.65,7.22,0.18,0.88345,0.88288,0.88411,0.88283,LOSS,0.63,-11.16,-11.79,709.86,True
TR-USDCHF-2025-03-12T150000-0412,USDCHF,2,2025-03-12 15:00:00,2025-03-18 10:20:00,709.86,7.1,0.02,0.88316,0.87957,0.8899,0.87952,LOSS,0.07,-7.29,-7.36,702.5,True
TR-USDCHF-2025-03-18T150000-0413,USDCHF,5,2025-03-18 15:00:00,2025-03-18 16:30:00,702.5,7.03,0.09,0.87983,0.88065,0.87834,0.87834,WIN,0.32,13.41,13.09,715.6,True
TR-USDCHF-2025-03-19T090000-0414,USDCHF,5,2025-03-19 09:00:00,2025-03-19 11:50:00,715.6,7.16,0.1,0.87704,0.87777,0.87572,0.87782,LOSS,0.35,-7.85,-8.2,707.4,True
TR-USDCHF-2025-03-20T020000-0415,USDCHF,2,2025-03-20 02:00:00,2025-03-20 06:40:00,707.4,7.07,0.13,0.87654,0.87715,0.87547,0.87657,BREAKEVEN,0.46,-0.39,-0.84,706.55,True
TR-USDCHF-2025-03-20T072000-0416,USDCHF,5,2025-03-20 07:20:00,2025-03-20 09:40:00,706.55,7.07,0.12,0.8768,0.87742,0.8757,0.87747,LOSS,0.42,-8.1,-8.52,698.03,True
TR-USDCHF-2025-03-20T101000-0417,USDCHF,2,2025-03-20 10:10:00,2025-03-20 10:30:00,698.03,6.98,0.07,0.87673,0.87778,0.87478,0.87783,LOSS,0.25,-7.7,-7.94,690.09,True
TR-USDCHF-2025-03-20T155000-0418,USDCHF,2,2025-03-20 15:50:00,2025-03-20 18:20:00,690.09,6.9,0.08,0.88346,0.88241,0.88513,0.88236,LOSS,0.28,-8.76,-9.04,681.05,True
TR-USDCHF-2025-03-21T022000-0419,USDCHF,5,2025-03-21 02:20:00,2025-03-21 05:50:00,681.05,6.81,0.09,0.882,0.88111,0.88331,0.88331,WIN,0.32,11.88,11.56,692.61,True
TR-USDCHF-2025-03-21T101000-0420,USDCHF,2,2025-03-21 10:10:00,2025-03-21 12:20:00,692.61,6.93,0.06,0.88371,0.88245,0.88584,0.8824,LOSS,0.21,-7.86,-8.07,684.54,True
TR-USDCHF-2025-03-25T083000-0421,USDCHF,5,2025-03-25 08:30:00,2025-03-25 10:00:00,684.54,6.85,0.09,0.88328,0.88237,0.88466,0.88466,WIN,0.32,12.42,12.11,696.65,True
TR-USDCHF-2025-03-26T105000-0422,USDCHF,1,2025-03-26 10:50:00,2025-03-26 12:20:00,696.65,6.97,0.18,0.88368,0.88316,0.88432,0.88311,LOSS,0.63,-10.35,-10.98,685.67,True
TR-USDCHF-2025-03-27T152000-0423,USDCHF,5,2025-03-27 15:20:00,2025-03-27 17:20:00,685.67,6.86,0.09,0.88329,0.88236,0.88473,0.88231,LOSS,0.32,-8.82,-9.13,676.53,True
TR-USDCHF-2025-03-28T150000-0424,USDCHF,2,2025-03-28 15:00:00,2025-03-28 20:20:00,676.53,6.77,0.04,0.88224,0.88382,0.87922,0.88226,BREAKEVEN,0.14,-0.12,-0.26,676.27,True
TR-USDCHF-2025-03-31T031000-0425,USDCHF,5,2025-03-31 03:10:00,2025-03-31 10:40:00,676.27,6.76,0.07,0.88024,0.88124,0.87838,0.88026,BREAKEVEN,0.25,-0.21,-0.45,675.82,True
TR-USDCHF-2025-04-01T091000-0426,USDCHF,2,2025-04-01 09:10:00,2025-04-01 09:30:00,675.82,6.76,0.19,0.88336,0.88285,0.88394,0.88394,WIN,0.67,11.21,10.54,686.36,True
TR-USDCHF-2025-04-02T100000-0427,USDCHF,2,2025-04-02 10:00:00,2025-04-02 14:40:00,686.36,6.86,0.15,0.88428,0.88367,0.88508,0.88362,LOSS,0.53,-9.9,-10.42,675.94,True
TR-USDCHF-2025-04-03T022000-0428,USDCHF,5,2025-04-03 02:20:00,2025-04-03 03:20:00,675.94,6.76,0.04,0.87884,0.88041,0.87584,0.87886,BREAKEVEN,0.14,-0.12,-0.26,675.68,True
TR-USDCHF-2025-04-03T034000-0429,USDCHF,5,2025-04-03 03:40:00,2025-04-03 06:20:00,675.68,6.76,0.06,0.87802,0.87917,0.87586,0.87586,WIN,0.21,12.96,12.75,688.43,True
TR-USDCHF-2025-04-03T155000-0430,USDCHF,6,2025-04-03 15:50:00,2025-04-03 17:40:00,688.43,6.88,0.04,0.85931,0.86119,0.8557,0.8557,WIN,0.14,14.44,14.3,702.73,True
TR-USDCHF-2025-04-07T021000-0431,USDCHF,5,2025-04-07 02:10:00,2025-04-07 03:20:00,702.73,7.03,0.04,0.85126,0.85321,0.84751,0.85326,LOSS,0.14,-8.0,-8.14,694.59,True
TR-USDCHF-2025-04-07T090000-0432,USDCHF,5,2025-04-07 09:00:00,2025-04-07 10:10:00,694.59,6.95,0.03,0.85138,0.85343,0.84744,0.84744,WIN,0.1,11.82,11.71,706.3,True
TR-USDCHF-2025-04-08T081000-0433,USDCHF,5,2025-04-08 08:10:00,2025-04-08 09:20:00,706.3,7.06,0.08,0.85717,0.85612,0.85885,0.85607,LOSS,0.28,-8.8,-9.08,697.22,True
TR-USDCHF-2025-04-08T152000-0434,USDCHF,5,2025-04-08 15:20:00,2025-04-08 17:00:00,697.22,6.97,0.04,0.854,0.8559,0.85036,0.85595,LOSS,0.14,-7.78,-7.92,689.3,True
TR-USDCHF-2025-04-09T032000-0435,USDCHF,2,2025-04-09 03:20:00,2025-04-09 03:40:00,689.3,6.89,0.08,0.8455,0.84639,0.84389,0.84389,WIN,0.28,12.96,12.68,701.98,True
TR-USDCHF-2025-04-09T100000-0436,USDCHF,5,2025-04-09 10:00:00,2025-04-09 10:40:00,701.98,7.02,0.07,0.8433,0.84433,0.84138,0.84438,LOSS,0.25,-7.59,-7.84,694.14,True
TR-USDCHF-2025-04-10T020000-0437,USDCHF,2,2025-04-10 02:00:00,2025-04-10 02:10:00,694.14,6.94,0.19,0.85474,0.85415,0.85527,0.85527,WIN,0.67,10.26,9.59,703.73,True
TR-USDCHF-2025-04-10T090000-0438,USDCHF,5,2025-04-10 09:00:00,2025-04-10 09:10:00,703.73,7.04,0.07,0.85289,0.85181,0.85463,0.85463,WIN,0.25,12.18,11.93,715.67,True
TR-USDCHF-2025-04-10T101000-0439,USDCHF,2,2025-04-10 10:10:00,2025-04-10 10:20:00,715.67,7.16,0.04,0.85629,0.85425,0.85983,0.8542,LOSS,0.14,-8.36,-8.5,707.17,True
TR-USDCHF-2025-04-10T150000-0440,USDCHF,2,2025-04-10 15:00:00,2025-04-10 15:30:00,707.17,7.07,0.03,0.84038,0.84281,0.83567,0.83567,WIN,0.1,14.13,14.02,721.19,True
TR-USDCHF-2025-04-11T074000-0441,USDCHF,5,2025-04-11 07:40:00,2025-04-11 08:10:00,721.19,7.21,0.06,0.81897,0.82026,0.81654,0.82031,LOSS,0.21,-8.04,-8.25,712.94,True
TR-USDCHF-2025-04-11T102000-0442,USDCHF,5,2025-04-11 10:20:00,2025-04-11 11:50:00,712.94,7.13,0.02,0.8198,0.82364,0.81229,0.81229,WIN,0.07,15.04,14.97,727.91,True
TR-USDCHF-2025-04-11T152000-0443,USDCHF,2,2025-04-11 15:20:00,2025-04-11 15:30:00,727.91,7.28,0.05,0.81493,0.81645,0.81204,0.81496,BREAKEVEN,0.18,-0.15,-0.32,727.59,True
TR-USDCHF-2025-04-11T155000-0444,USDCHF,2,2025-04-11 15:50:00,2025-04-11 16:40:00,727.59,7.28,0.03,0.81314,0.81537,0.80883,0.81317,BREAKEVEN,0.1,-0.09,-0.19,727.39,True
TR-USDCHF-2025-04-14T031000-0445,USDCHF,2,2025-04-14 03:10:00,2025-04-14 04:40:00,727.39,7.27,0.05,0.81726,0.81886,0.81421,0.81421,WIN,0.18,15.25,15.07,742.47,True
TR-USDCHF-2025-04-14T100000-0446,USDCHF,5,2025-04-14 10:00:00,2025-04-14 10:30:00,742.47,7.42,0.03,0.81292,0.81529,0.80831,0.81534,LOSS,0.1,-7.28,-7.38,735.09,True
TR-USDCHF-2025-04-15T075000-0447,USDCHF,5,2025-04-15 07:50:00,2025-04-15 10:20:00,735.09,7.35,0.06,0.81588,0.81718,0.81345,0.81723,LOSS,0.21,-8.07,-8.28,726.81,True
TR-USDCHF-2025-04-15T155000-0448,USDCHF,2,2025-04-15 15:50:00,2025-04-15 16:30:00,726.81,7.27,0.04,0.8163,0.81807,0.81292,0.81812,LOSS,0.14,-7.26,-7.4,719.41,True
TR-USDCHF-2025-04-16T085000-0449,USDCHF,5,2025-04-16 08:50:00,2025-04-16 11:30:00,719.41,7.19,0.04,0.81453,0.81621,0.81132,0.81626,LOSS,0.14,-6.92,-7.06,712.35,True
TR-USDCHF-2025-04-16T150000-0450,USDCHF,2,2025-04-16 15:00:00,2025-04-16 17:20:00,712.35,7.12,0.04,0.81572,0.81736,0.81258,0.81574,BREAKEVEN,0.14,-0.12,-0.26,712.09,True
TR-USDCHF-2025-04-17T101000-0451,USDCHF,2,2025-04-17 10:10:00,2025-04-17 10:20:00,712.09,7.12,0.1,0.8178,0.81695,0.81903,0.81903,WIN,0.35,12.4,12.05,724.14,True
TR-USDCHF-2025-04-17T103000-0452,USDCHF,2,2025-04-17 10:30:00,2025-04-17 11:40:00,724.14,7.24,0.04,0.81909,0.81729,0.82224,0.81724,LOSS,0.14,-7.4,-7.54,716.6,True
TR-USDCHF-2025-04-17T151000-0453,USDCHF,2,2025-04-17 15:10:00,2025-04-17 16:00:00,716.6,7.17,0.06,0.8175,0.81612,0.81979,0.81748,BREAKEVEN,0.21,-0.18,-0.39,716.21,True
TR-USDCHF-2025-04-18T095000-0454,USDCHF,2,2025-04-18 09:50:00,2025-04-18 10:00:00,716.21,7.16,0.1,0.81926,0.81791,0.82007,0.82007,WIN,0.35,8.1,7.75,723.96,True
TR-USDCHF-2025-04-21T102000-0455,USDCHF,5,2025-04-21 10:20:00,2025-04-21 11:00:00,723.96,7.24,0.05,0.8087,0.81008,0.80608,0.80608,WIN,0.18,13.1,12.92,736.88,True
TR-USDCHF-2025-04-21T150000-0456,USDCHF,5,2025-04-21 15:00:00,2025-04-21 15:40:00,736.88,7.37,0.05,0.8056,0.80707,0.80283,0.80712,LOSS,0.18,-7.57,-7.75,729.13,True
TR-USDCHF-2025-04-22T150000-0457,USDCHF,2,2025-04-22 15:00:00,2025-04-22 15:10:00,729.13,7.29,0.17,0.81087,0.81031,0.8116,0.8116,WIN,0.6,12.41,11.81,740.95,True
TR-USDCHF-2025-04-22T152000-0458,USDCHF,2,2025-04-22 15:20:00,2025-04-22 16:40:00,740.95,7.41,0.05,0.81189,0.81031,0.81466,0.81466,WIN,0.18,13.85,13.67,754.62,True
TR-USDCHF-2025-04-23T105000-0459,USDCHF,2,2025-04-23 10:50:00,2025-04-23 12:20:00,754.62,7.55,0.05,0.82186,0.82028,0.82453,0.82023,LOSS,0.18,-8.13,-8.3,746.32,True
TR-USDCHF-2025-04-25T031000-0460,USDCHF,5,2025-04-25 03:10:00,2025-04-25 03:40:00,746.32,7.46,0.09,0.82864,0.82762,0.83023,0.83023,WIN,0.32,14.31,13.99,760.32,False
TR-USDCHF-2025-04-25T153000-0461,USDCHF,2,2025-04-25 15:30:00,2025-04-25 17:20:00,760.32,7.6,0.1,0.82993,0.829,0.83131,0.8299,BREAKEVEN,0.35,-0.3,-0.65,759.67,True
TR-USDCHF-2025-04-28T031000-0462,USDCHF,2,2025-04-28 03:10:00,2025-04-28 05:10:00,759.67,7.6,0.07,0.82789,0.82896,0.8259,0.82901,LOSS,0.25,-7.84,-8.08,751.58,True
TR-USDCHF-2025-04-28T105000-0463,USDCHF,5,2025-04-28 10:50:00,2025-04-28 12:00:00,751.58,7.52,0.09,0.8306,0.82955,0.83217,0.83058,BREAKEVEN,0.32,-0.27,-0.58,751.0,True
TR-USDCHF-2025-04-28T154000-0464,USDCHF,5,2025-04-28 15:40:00,2025-04-28 16:40:00,751.0,7.51,0.08,0.82934,0.82825,0.83114,0.82932,BREAKEVEN,0.28,-0.24,-0.52,750.48,True
TR-USDCHF-2025-04-29T153000-0465,USDCHF,2,2025-04-29 15:30:00,2025-04-29 16:00:00,750.48,7.5,0.07,0.82509,0.82618,0.82306,0.82306,WIN,0.25,14.21,13.96,764.44,True
TR-USDCHF-2025-04-30T044000-0466,USDCHF,5,2025-04-30 04:40:00,2025-04-30 05:00:00,764.44,7.64,0.08,0.82282,0.82386,0.82088,0.82391,LOSS,0.28,-8.76,-9.04,755.4,True
TR-USDCHF-2025-04-30T151000-0467,USDCHF,2,2025-04-30 15:10:00,2025-04-30 15:20:00,755.4,7.55,0.07,0.82537,0.82416,0.82734,0.82411,LOSS,0.25,-8.82,-9.07,746.34,True
TR-USDCHF-2025-05-01T103000-0468,USDCHF,2,2025-05-01 10:30:00,2025-05-01 11:00:00,746.34,7.46,0.05,0.82845,0.82687,0.83116,0.82682,LOSS,0.18,-8.15,-8.33,738.01,True
TR-USDCHF-2025-05-01T150000-0469,USDCHF,2,2025-05-01 15:00:00,2025-05-01 15:30:00,738.01,7.38,0.06,0.82723,0.82587,0.82953,0.8272,BREAKEVEN,0.21,-0.18,-0.39,737.62,True
TR-USDCHF-2025-05-01T155000-0470,USDCHF,2,2025-05-01 15:50:00,2025-05-02 00:50:00,737.62,7.38,0.03,0.82872,0.82626,0.83313,0.82869,BREAKEVEN,0.1,-0.09,-0.19,737.43,True
TR-USDCHF-2025-05-02T032000-0471,USDCHF,5,2025-05-02 03:20:00,2025-05-02 03:50:00,737.43,7.37,0.07,0.82952,0.82837,0.83138,0.83138,WIN,0.25,13.02,12.77,750.2,True
TR-USDCHF-2025-05-05T081000-0472,USDCHF,2,2025-05-05 08:10:00,2025-05-05 08:50:00,750.2,7.5,0.08,0.82306,0.82404,0.82125,0.82409,LOSS,0.28,-8.24,-8.52,741.68,True
TR-USDCHF-2025-05-06T072000-0473,USDCHF,5,2025-05-06 07:20:00,2025-05-06 09:20:00,741.68,7.42,0.1,0.8227,0.82348,0.82128,0.82353,LOSS,0.35,-8.35,-8.7,732.98,True
TR-USDCHF-2025-05-06T104000-0474,USDCHF,2,2025-05-06 10:40:00,2025-05-06 12:40:00,732.98,7.33,0.05,0.82351,0.82498,0.82072,0.82503,LOSS,0.18,-7.6,-7.77,725.21,True
TR-USDCHF-2025-05-07T033000-0475,USDCHF,2,2025-05-07 03:30:00,2025-05-07 08:50:00,725.21,7.25,0.06,0.82593,0.82457,0.8282,0.82452,LOSS,0.21,-8.46,-8.67,716.54,True
TR-USDCHF-2025-05-07T103000-0476,USDCHF,5,2025-05-07 10:30:00,2025-05-07 12:50:00,716.54,7.17,0.06,0.82421,0.82293,0.82635,0.82418,BREAKEVEN,0.21,-0.18,-0.39,716.15,True
TR-USDCHF-2025-05-07T150000-0477,USDCHF,2,2025-05-07 15:00:00,2025-05-07 15:20:00,716.15,7.16,0.08,0.82432,0.82328,0.82596,0.82323,LOSS,0.28,-8.68,-8.96,707.19,True
TR-USDCHF-2025-05-08T100000-0478,USDCHF,2,2025-05-08 10:00:00,2025-05-08 10:10:00,707.19,7.07,0.13,0.82701,0.82631,0.8279,0.8279,WIN,0.46,11.57,11.12,718.3,True
TR-USDCHF-2025-05-08T153000-0479,USDCHF,1,2025-05-08 15:30:00,2025-05-08 15:40:00,718.3,7.18,0.16,0.82545,0.82483,0.82618,0.82478,LOSS,0.56,-10.72,-11.28,707.02,True
TR-USDCHF-2025-05-09T032000-0480,USDCHF,2,2025-05-09 03:20:00,2025-05-09 04:00:00,707.02,7.07,0.16,0.8317,0.8311,0.83243,0.83105,LOSS,0.56,-10.48,-11.04,695.98,True
TR-USDCHF-2025-05-12T032000-0481,USDCHF,2,2025-05-12 03:20:00,2025-05-12 04:20:00,695.98,6.96,0.17,0.83355,0.83297,0.8342,0.8342,WIN,0.6,11.05,10.46,706.44,True
TR-USDCHF-2025-05-12T100000-0482,USDCHF,5,2025-05-12 10:00:00,2025-05-12 10:10:00,706.44,7.06,0.06,0.83483,0.83352,0.83697,0.83697,WIN,0.21,12.84,12.63,719.07,True
TR-USDCHF-2025-05-12T102000-0483,USDCHF,2,2025-05-12 10:20:00,2025-05-13 23:30:00,719.07,7.19,0.02,0.83873,0.83408,0.84761,0.8387,BREAKEVEN,0.07,-0.06,-0.13,718.94,True
TR-USDCHF-2025-05-14T033000-0484,USDCHF,2,2025-05-14 03:30:00,2025-05-14 09:00:00,718.94,7.19,0.07,0.83949,0.8405,0.83762,0.83952,BREAKEVEN,0.25,-0.21,-0.45,718.48,True
TR-USDCHF-2025-05-14T103000-0485,USDCHF,5,2025-05-14 10:30:00,2025-05-14 11:10:00,718.48,7.18,0.08,0.83905,0.84,0.8373,0.8373,WIN,0.28,14.0,13.72,732.2,True
TR-USDCHF-2025-05-14T155000-0486,USDCHF,2,2025-05-14 15:50:00,2025-05-14 16:00:00,732.2,7.32,0.06,0.83668,0.83791,0.83436,0.83796,LOSS,0.21,-7.71,-7.92,724.28,True
TR-USDCHF-2025-05-15T030000-0487,USDCHF,2,2025-05-15 03:00:00,2025-05-15 03:30:00,724.28,7.24,0.16,0.84138,0.84076,0.84212,0.84071,LOSS,0.56,-10.8,-11.36,712.92,True
TR-USDCHF-2025-05-15T080000-0488,USDCHF,5,2025-05-15 08:00:00,2025-05-15 09:30:00,712.92,7.13,0.08,0.84032,0.83922,0.84198,0.83917,LOSS,0.28,-9.2,-9.48,703.45,True
TR-USDCHF-2025-05-15T100000-0489,USDCHF,2,2025-05-15 10:00:00,2025-05-16 03:40:00,703.45,7.03,0.04,0.83765,0.83948,0.83414,0.83414,WIN,0.14,14.04,13.9,717.35,True
TR-USDCHF-2025-05-16T101000-0490,USDCHF,2,2025-05-16 10:10:00,2025-05-16 11:10:00,717.35,7.17,0.09,0.8335,0.83436,0.83192,0.83441,LOSS,0.32,-8.23,-8.55,708.8,True
TR-USDCHF-2025-05-19T040000-0491,USDCHF,2,2025-05-19 04:00:00,2025-05-19 04:40:00,708.8,7.09,0.05,0.83491,0.83628,0.83232,0.83633,LOSS,0.18,-7.1,-7.27,701.52,True
TR-USDCHF-2025-05-19T072000-0492,USDCHF,2,2025-05-19 07:20:00,2025-05-19 07:40:00,701.52,7.02,0.17,0.83565,0.83612,0.83486,0.83617,LOSS,0.6,-8.84,-9.43,692.09,True
TR-USDCHF-2025-05-19T100000-0493,USDCHF,2,2025-05-19 10:00:00,2025-05-19 13:30:00,692.09,6.92,0.06,0.8345,0.83562,0.8324,0.8324,WIN,0.21,12.6,12.39,704.47,True
TR-USDCHF-2025-05-19T152000-0494,USDCHF,1,2025-05-19 15:20:00,2025-05-19 16:00:00,704.47,7.04,0.17,0.83402,0.83448,0.83326,0.83406,BREAKEVEN,0.6,-0.51,-1.1,703.37,True
TR-USDCHF-2025-05-20T101000-0495,USDCHF,6,2025-05-20 10:10:00,2025-05-20 13:10:00,703.37,7.03,0.07,0.83316,0.83423,0.83119,0.8332,BREAKEVEN,0.25,-0.21,-0.45,702.91,True
TR-USDCHF-2025-05-21T030000-0496,USDCHF,2,2025-05-21 03:00:00,2025-05-21 05:10:00,702.91,7.03,0.07,0.82694,0.82797,0.82505,0.82505,WIN,0.25,13.3,13.05,715.97,True
TR-USDCHF-2025-05-22T032000-0497,USDCHF,2,2025-05-22 03:20:00,2025-05-22 10:00:00,715.97,7.16,0.07,0.8245,0.82554,0.82257,0.82559,LOSS,0.25,-7.63,-7.87,708.09,True
TR-USDCHF-2025-05-22T105000-0498,USDCHF,2,2025-05-22 10:50:00,2025-05-22 11:40:00,708.09,7.08,0.07,0.82534,0.82637,0.82345,0.82538,BREAKEVEN,0.25,-0.21,-0.45,707.64,True
TR-USDCHF-2025-05-23T090000-0499,USDCHF,2,2025-05-23 09:00:00,2025-05-23 09:40:00,707.64,7.08,0.09,0.82636,0.82724,0.82475,0.82729,LOSS,0.32,-8.37,-8.68,698.96,True
TR-USDCHF-2025-05-23T102000-0500,USDCHF,5,2025-05-23 10:20:00,2025-05-23 14:40:00,698.96,6.99,0.08,0.82621,0.82716,0.82446,0.82446,WIN,0.28,14.0,13.72,712.68,True
TR-USDCHF-2025-05-23T150000-0501,USDCHF,2,2025-05-23 15:00:00,2025-05-26 15:50:00,712.68,7.13,0.03,0.82335,0.82567,0.81886,0.82338,BREAKEVEN,0.1,-0.09,-0.19,712.48,True
TR-USDCHF-2025-05-27T030000-0502,USDCHF,5,2025-05-27 03:00:00,2025-05-27 04:10:00,712.48,7.12,0.12,0.82023,0.82089,0.81906,0.81906,WIN,0.42,14.04,13.62,726.1,True
TR-USDCHF-2025-05-28T040000-0503,USDCHF,2,2025-05-28 04:00:00,2025-05-28 04:10:00,726.1,7.26,0.09,0.82704,0.82608,0.8284,0.8284,WIN,0.32,12.24,11.92,738.02,True
TR-USDCHF-2025-05-28T100000-0504,USDCHF,2,2025-05-28 10:00:00,2025-05-28 10:10:00,738.02,7.38,0.08,0.82798,0.8269,0.82969,0.82685,LOSS,0.28,-9.04,-9.32,728.7,True
TR-USDCHF-2025-05-28T154000-0505,USDCHF,5,2025-05-28 15:40:00,2025-05-28 17:10:00,728.7,7.29,0.07,0.82696,0.82577,0.82891,0.82692,BREAKEVEN,0.25,-0.21,-0.45,728.25,True
TR-USDCHF-2025-05-29T021000-0506,USDCHF,5,2025-05-29 02:10:00,2025-05-29 02:40:00,728.25,7.28,0.06,0.82838,0.82691,0.8307,0.8307,WIN,0.21,13.98,13.77,742.02,True
TR-USDCHF-2025-05-29T080000-0507,USDCHF,5,2025-05-29 08:00:00,2025-05-29 08:50:00,742.02,7.42,0.11,0.83218,0.83132,0.83336,0.83336,WIN,0.39,12.98,12.6,754.61,True
TR-USDCHF-2025-05-30T151000-0508,USDCHF,5,2025-05-30 15:10:00,2025-05-30 15:40:00,754.61,7.55,0.06,0.82382,0.82518,0.82124,0.82124,WIN,0.21,15.48,15.27,769.88,True
TR-USDCHF-2025-05-30T155000-0509,USDCHF,2,2025-05-30 15:50:00,2025-05-30 16:20:00,769.88,7.7,0.12,0.82254,0.82321,0.82135,0.82326,LOSS,0.42,-8.64,-9.06,760.82,True
TR-USDCHF-2025-06-02T031000-0510,USDCHF,2,2025-06-02 03:10:00,2025-06-02 06:10:00,760.82,7.61,0.09,0.82168,0.82262,0.81994,0.82267,LOSS,0.32,-8.95,-9.27,751.55,True
TR-USDCHF-2025-06-02T105000-0511,USDCHF,5,2025-06-02 10:50:00,2025-06-02 14:00:00,751.55,7.52,0.06,0.81829,0.81962,0.81578,0.81832,BREAKEVEN,0.21,-0.18,-0.39,751.16,True
TR-USDCHF-2025-06-02T154000-0512,USDCHF,2,2025-06-02 15:40:00,2025-06-02 16:00:00,751.16,7.51,0.1,0.81741,0.81825,0.81588,0.8183,LOSS,0.35,-8.9,-9.25,741.92,True
TR-USDCHF-2025-06-03T090000-0513,USDCHF,5,2025-06-03 09:00:00,2025-06-03 11:50:00,741.92,7.42,0.1,0.81792,0.8187,0.81651,0.81875,LOSS,0.35,-8.3,-8.65,733.27,True
TR-USDCHF-2025-06-03T154000-0514,USDCHF,2,2025-06-03 15:40:00,2025-06-03 16:00:00,733.27,7.33,0.2,0.8222,0.82169,0.82282,0.82282,WIN,0.7,12.4,11.7,744.97,True
TR-USDCHF-2025-06-04T040000-0515,USDCHF,5,2025-06-04 04:00:00,2025-06-04 04:40:00,744.97,7.45,0.12,0.82335,0.82261,0.82444,0.82256,LOSS,0.42,-9.48,-9.9,735.07,True
TR-USDCHF-2025-06-05T022000-0516,USDCHF,5,2025-06-05 02:20:00,2025-06-05 04:40:00,735.07,7.35,0.1,0.81784,0.81863,0.81643,0.81868,LOSS,0.35,-8.35,-8.7,726.37,True
TR-USDCHF-2025-06-05T153000-0517,USDCHF,5,2025-06-05 15:30:00,2025-06-05 15:50:00,726.37,7.26,0.04,0.81884,0.82057,0.81552,0.82062,LOSS,0.14,-7.14,-7.28,719.09,True
TR-USDCHF-2025-06-06T091000-0518,USDCHF,2,2025-06-06 09:10:00,2025-06-06 09:30:00,719.09,7.19,0.15,0.82076,0.82014,0.82155,0.82155,WIN,0.53,11.85,11.32,730.41,True
TR-USDCHF-2025-06-06T151000-0519,USDCHF,5,2025-06-06 15:10:00,2025-06-06 15:30:00,730.41,7.3,0.07,0.82207,0.82093,0.82393,0.82204,BREAKEVEN,0.25,-0.21,-0.45,729.96,True
TR-USDCHF-2025-06-06T154000-0520,USDCHF,2,2025-06-06 15:40:00,2025-06-09 00:00:00,729.96,7.3,0.05,0.82296,0.82144,0.8255,0.82139,LOSS,0.18,-7.87,-8.05,721.91,True
TR-USDCHF-2025-06-09T032000-0521,USDCHF,5,2025-06-09 03:20:00,2025-06-09 05:10:00,721.91,7.22,0.11,0.82178,0.8209,0.82295,0.82085,LOSS,0.39,-10.28,-10.67,711.24,True
TR-USDCHF-2025-06-09T104000-0522,USDCHF,5,2025-06-09 10:40:00,2025-06-09 12:00:00,711.24,7.11,0.09,0.8202,0.82104,0.81868,0.82024,BREAKEVEN,0.32,-0.27,-0.58,710.65,True
TR-USDCHF-2025-06-10T034000-0523,USDCHF,2,2025-06-10 03:40:00,2025-06-10 04:40:00,710.65,7.11,0.11,0.82136,0.82059,0.82246,0.82246,WIN,0.39,12.21,11.82,722.48,True
TR-USDCHF-2025-06-10T045000-0524,USDCHF,5,2025-06-10 04:50:00,2025-06-10 11:50:00,722.48,7.22,0.05,0.82273,0.82105,0.82565,0.821,LOSS,0.18,-8.67,-8.85,713.63,True
TR-USDCHF-2025-06-10T151000-0525,USDCHF,2,2025-06-10 15:10:00,2025-06-10 18:20:00,713.63,7.14,0.11,0.82133,0.82055,0.8225,0.8225,WIN,0.39,12.87,12.48,726.11,True
TR-USDCHF-2025-06-11T092000-0526,USDCHF,2,2025-06-11 09:20:00,2025-06-11 11:10:00,726.11,7.26,0.09,0.823,0.82206,0.82443,0.82201,LOSS,0.32,-8.91,-9.22,716.89,True
TR-USDCHF-2025-06-11T154000-0527,USDCHF,2,2025-06-11 15:40:00,2025-06-12 09:00:00,716.89,7.17,0.03,0.82058,0.82305,0.81581,0.81581,WIN,0.1,14.34,14.23,731.12,True
TR-USDCHF-2025-06-12T105000-0528,USDCHF,2,2025-06-12 10:50:00,2025-06-12 11:00:00,731.12,7.31,0.09,0.81678,0.81766,0.81517,0.81517,WIN,0.32,14.49,14.18,745.3,True
TR-USDCHF-2025-06-12T152000-0529,USDCHF,2,2025-06-12 15:20:00,2025-06-12 15:30:00,745.3,7.45,0.08,0.8125,0.81346,0.81073,0.81073,WIN,0.28,14.16,13.88,759.18,True
TR-USDCHF-2025-06-16T043000-0530,USDCHF,5,2025-06-16 04:30:00,2025-06-16 05:30:00,759.18,7.59,0.07,0.81122,0.81238,0.80904,0.81243,LOSS,0.25,-8.5,-8.75,750.43,True
TR-USDCHF-2025-06-16T083000-0531,USDCHF,5,2025-06-16 08:30:00,2025-06-16 10:30:00,750.43,7.5,0.06,0.8117,0.81297,0.80929,0.81302,LOSS,0.21,-7.95,-8.16,742.27,True
TR-USDCHF-2025-06-17T104000-0532,USDCHF,2,2025-06-17 10:40:00,2025-06-17 10:50:00,742.27,7.42,0.08,0.81326,0.81224,0.8149,0.81219,LOSS,0.28,-8.6,-8.88,733.39,True
TR-USDCHF-2025-06-17T150000-0533,USDCHF,2,2025-06-17 15:00:00,2025-06-17 16:40:00,733.39,7.33,0.09,0.81282,0.81186,0.8144,0.8144,WIN,0.32,14.13,13.82,747.2,True
TR-USDCHF-2025-06-18T102000-0534,USDCHF,2,2025-06-18 10:20:00,2025-06-18 14:30:00,747.2,7.47,0.08,0.81616,0.81506,0.818,0.818,WIN,0.28,14.72,14.44,761.64,True
TR-USDCHF-2025-06-20T023000-0535,USDCHF,5,2025-06-20 02:30:00,2025-06-20 10:40:00,761.64,7.62,0.1,0.81644,0.81728,0.81491,0.81647,BREAKEVEN,0.35,-0.3,-0.65,760.99,True
TR-USDCHF-2025-06-20T154000-0536,USDCHF,2,2025-06-20 15:40:00,2025-06-20 17:20:00,760.99,7.61,0.07,0.81686,0.81795,0.81485,0.818,LOSS,0.25,-7.94,-8.19,752.8,True
TR-USDCHF-2025-06-23T031000-0537,USDCHF,2,2025-06-23 03:10:00,2025-06-23 05:10:00,752.8,7.53,0.07,0.81813,0.81692,0.82007,0.8181,BREAKEVEN,0.25,-0.21,-0.45,752.35,True
TR-USDCHF-2025-06-23T152000-0538,USDCHF,2,2025-06-23 15:20:00,2025-06-23 16:50:00,752.35,7.52,0.06,0.81832,0.81695,0.82061,0.8169,LOSS,0.21,-8.52,-8.73,743.62,True
TR-USDCHF-2025-06-24T033000-0539,USDCHF,5,2025-06-24 03:30:00,2025-06-24 04:40:00,743.62,7.44,0.12,0.81264,0.81332,0.81142,0.81266,BREAKEVEN,0.42,-0.36,-0.78,742.84,True
TR-USDCHF-2025-06-24T090000-0540,USDCHF,5,2025-06-24 09:00:00,2025-06-24 10:50:00,742.84,7.43,0.06,0.81122,0.81247,0.80889,0.81252,LOSS,0.21,-7.77,-7.98,734.86,True
TR-USDCHF-2025-06-25T022000-0541,USDCHF,2,2025-06-25 02:20:00,2025-06-25 07:00:00,734.86,7.35,0.12,0.80495,0.8056,0.8038,0.80565,LOSS,0.42,-8.4,-8.82,726.04,True
TR-USDCHF-2025-06-25T104000-0542,USDCHF,2,2025-06-25 10:40:00,2025-06-25 11:30:00,726.04,7.26,0.08,0.80468,0.80568,0.80283,0.80573,LOSS,0.28,-8.4,-8.68,717.36,True
TR-USDCHF-2025-06-26T105000-0543,USDCHF,5,2025-06-26 10:50:00,2025-06-26 11:30:00,717.36,7.17,0.08,0.80128,0.80222,0.79955,0.79955,WIN,0.28,13.84,13.56,730.92,True
TR-USDCHF-2025-06-26T154000-0544,USDCHF,6,2025-06-26 15:40:00,2025-06-27 00:00:00,730.92,7.31,0.05,0.80075,0.80223,0.79794,0.80078,BREAKEVEN,0.18,-0.15,-0.32,730.59,True
TR-USDCHF-2025-06-27T100000-0545,USDCHF,5,2025-06-27 10:00:00,2025-06-27 11:50:00,730.59,7.31,0.08,0.79986,0.80085,0.79804,0.79804,WIN,0.28,14.56,14.28,744.87,True
TR-USDCHF-2025-06-27T153000-0546,USDCHF,2,2025-06-27 15:30:00,2025-06-27 16:00:00,744.87,7.45,0.06,0.79874,0.79997,0.79644,0.79644,WIN,0.21,13.8,13.59,758.46,True
TR-USDCHF-2025-06-30T080000-0547,USDCHF,5,2025-06-30 08:00:00,2025-06-30 17:30:00,758.46,7.58,0.08,0.79842,0.79942,0.79657,0.79657,WIN,0.28,14.8,14.52,772.98,True
TR-USDCHF-2025-07-01T030000-0548,USDCHF,5,2025-07-01 03:00:00,2025-07-01 04:40:00,772.98,7.73,0.1,0.79265,0.79345,0.7912,0.79268,BREAKEVEN,0.35,-0.3,-0.65,772.33,True
TR-USDCHF-2025-07-01T101000-0549,USDCHF,5,2025-07-01 10:10:00,2025-07-01 11:30:00,772.33,7.72,0.09,0.79166,0.79256,0.79002,0.79002,WIN,0.32,14.76,14.44,786.78,True
TR-USDCHF-2025-07-02T151000-0550,USDCHF,2,2025-07-02 15:10:00,2025-07-02 15:20:00,786.78,7.87,0.21,0.79356,0.79305,0.79418,0.793,LOSS,0.73,-11.65,-12.39,774.39,True
TR-USDCHF-2025-07-02T155000-0551,USDCHF,1,2025-07-02 15:50:00,2025-07-02 17:50:00,774.39,7.74,0.09,0.79209,0.79107,0.79371,0.79371,WIN,0.32,14.58,14.26,788.65,True
TR-USDCHF-2025-07-03T032000-0552,USDCHF,5,2025-07-03 03:20:00,2025-07-03 08:40:00,788.65,7.89,0.12,0.7914,0.79213,0.79007,0.79218,LOSS,0.42,-9.42,-9.84,778.81,True
TR-USDCHF-2025-07-03T095000-0553,USDCHF,5,2025-07-03 09:50:00,2025-07-03 10:40:00,778.81,7.79,0.1,0.79115,0.792,0.7896,0.79118,BREAKEVEN,0.35,-0.3,-0.65,778.16,True
TR-USDCHF-2025-07-03T153000-0554,USDCHF,2,2025-07-03 15:30:00,2025-07-03 15:40:00,778.16,7.78,0.17,0.79342,0.79281,0.79415,0.79415,WIN,0.6,12.41,11.82,789.98,True
TR-USDCHF-2025-07-03T155000-0555,USDCHF,2,2025-07-03 15:50:00,2025-07-04 08:20:00,789.98,7.9,0.02,0.79791,0.79281,0.80775,0.79276,LOSS,0.07,-10.3,-10.37,779.61,True
TR-USDCHF-2025-07-04T103000-0556,USDCHF,2,2025-07-04 10:30:00,2025-07-04 11:50:00,779.61,7.8,0.19,0.79358,0.79304,0.79424,0.79355,BREAKEVEN,0.67,-0.57,-1.23,778.37,True
TR-USDCHF-2025-07-07T074000-0557,USDCHF,2,2025-07-07 07:40:00,2025-07-07 10:30:00,778.37,7.78,0.2,0.79482,0.79428,0.79545,0.79545,WIN,0.7,12.6,11.9,790.27,True
TR-USDCHF-2025-07-07T151000-0558,USDCHF,2,2025-07-07 15:10:00,2025-07-07 16:30:00,790.27,7.9,0.11,0.79734,0.79648,0.7986,0.7973,BREAKEVEN,0.39,-0.33,-0.71,789.56,True
TR-USDCHF-2025-07-08T150000-0559,USDCHF,2,2025-07-08 15:00:00,2025-07-08 16:10:00,789.56,7.9,0.13,0.7975,0.79673,0.79862,0.79862,WIN,0.46,14.56,14.11,803.66,True
TR-USDCHF-2025-07-09T042000-0560,USDCHF,2,2025-07-09 04:20:00,2025-07-09 05:40:00,803.66,8.04,0.19,0.79667,0.79714,0.79588,0.7967,BREAKEVEN,0.67,-0.57,-1.23,802.43,True
TR-USDCHF-2025-07-09T104000-0561,USDCHF,2,2025-07-09 10:40:00,2025-07-09 13:10:00,802.43,8.02,0.07,0.79696,0.79577,0.79899,0.79572,LOSS,0.25,-8.71,-8.96,793.47,True
TR-USDCHF-2025-07-09T152000-0562,USDCHF,5,2025-07-09 15:20:00,2025-07-09 17:10:00,793.47,7.93,0.08,0.79676,0.79779,0.79484,0.79484,WIN,0.28,15.36,15.08,808.55,True
TR-USDCHF-2025-07-10T030000-0563,USDCHF,2,2025-07-10 03:00:00,2025-07-10 04:10:00,808.55,8.09,0.1,0.79286,0.79368,0.79136,0.79288,BREAKEVEN,0.35,-0.3,-0.65,807.9,True
TR-USDCHF-2025-07-11T031000-0564,USDCHF,2,2025-07-11 03:10:00,2025-07-11 10:20:00,807.9,8.08,0.12,0.79694,0.7961,0.79812,0.79692,BREAKEVEN,0.42,-0.36,-0.78,807.12,True
TR-USDCHF-2025-07-14T092000-0565,USDCHF,5,2025-07-14 09:20:00,2025-07-14 11:50:00,807.12,8.07,0.1,0.79792,0.79693,0.79946,0.79688,LOSS,0.35,-10.45,-10.8,796.32,True
TR-USDCHF-2025-07-15T102000-0566,USDCHF,5,2025-07-15 10:20:00,2025-07-15 14:30:00,796.32,7.96,0.1,0.79603,0.79689,0.79445,0.79694,LOSS,0.35,-9.15,-9.5,786.82,True
TR-USDCHF-2025-07-15T153000-0567,USDCHF,5,2025-07-15 15:30:00,2025-07-15 16:40:00,786.82,7.87,0.07,0.79632,0.79757,0.79397,0.79762,LOSS,0.25,-9.1,-9.34,777.47,True
TR-USDCHF-2025-07-17T033000-0568,USDCHF,5,2025-07-17 03:30:00,2025-07-17 05:00:00,777.47,7.77,0.09,0.80148,0.80049,0.8031,0.80145,BREAKEVEN,0.32,-0.27,-0.58,776.89,True
TR-USDCHF-2025-07-17T092000-0569,USDCHF,5,2025-07-17 09:20:00,2025-07-17 11:30:00,776.89,7.77,0.06,0.80328,0.80188,0.80573,0.80325,BREAKEVEN,0.21,-0.18,-0.39,776.5,True
TR-USDCHF-2025-07-17T153000-0570,USDCHF,2,2025-07-17 15:30:00,2025-07-17 15:50:00,776.5,7.76,0.15,0.80509,0.80443,0.80602,0.80438,LOSS,0.53,-10.65,-11.17,765.32,True
TR-USDCHF-2025-07-18T151000-0571,USDCHF,5,2025-07-18 15:10:00,2025-07-18 17:00:00,765.32,7.65,0.1,0.80039,0.80124,0.79884,0.79884,WIN,0.35,15.5,15.15,780.47,True
TR-USDCHF-2025-07-22T104000-0572,USDCHF,2,2025-07-22 10:40:00,2025-07-22 18:10:00,780.47,7.8,0.06,0.79772,0.79904,0.79523,0.79523,WIN,0.21,14.94,14.73,795.2,True
TR-USDCHF-2025-07-23T093000-0573,USDCHF,2,2025-07-23 09:30:00,2025-07-23 10:20:00,795.2,7.95,0.09,0.79358,0.79451,0.79187,0.79187,WIN,0.32,15.39,15.07,810.28,True
TR-USDCHF-2025-07-23T103000-0574,USDCHF,5,2025-07-23 10:30:00,2025-07-23 14:30:00,810.28,8.1,0.06,0.792,0.79349,0.78918,0.79354,LOSS,0.21,-9.21,-9.42,800.86,True
TR-USDCHF-2025-07-24T033000-0575,USDCHF,6,2025-07-24 03:30:00,2025-07-24 03:50:00,800.86,8.01,0.17,0.79236,0.79289,0.79145,0.79294,LOSS,0.6,-9.86,-10.45,790.4,True
TR-USDCHF-2025-07-24T151000-0576,USDCHF,2,2025-07-24 15:10:00,2025-07-24 19:50:00,790.4,7.9,0.08,0.79454,0.79344,0.79634,0.79452,BREAKEVEN,0.28,-0.24,-0.52,789.88,True
TR-USDCHF-2025-07-25T031000-0577,USDCHF,5,2025-07-25 03:10:00,2025-07-25 09:40:00,789.88,7.9,0.09,0.79538,0.79435,0.79708,0.79535,BREAKEVEN,0.32,-0.27,-0.58,789.3,True
TR-USDCHF-2025-07-25T153000-0578,USDCHF,2,2025-07-25 15:30:00,2025-07-25 16:20:00,789.3,7.89,0.12,0.79715,0.79635,0.79836,0.7963,LOSS,0.42,-10.2,-10.62,778.68,True
TR-USDCHF-2025-07-28T091000-0579,USDCHF,5,2025-07-28 09:10:00,2025-07-28 09:30:00,778.68,7.79,0.12,0.79623,0.79544,0.79742,0.79742,WIN,0.42,14.28,13.86,792.54,True
TR-USDCHF-2025-07-28T104000-0580,USDCHF,2,2025-07-28 10:40:00,2025-07-28 11:50:00,792.54,7.93,0.07,0.79673,0.79543,0.79897,0.79897,WIN,0.25,15.68,15.44,807.97,True
TR-USDCHF-2025-07-28T155000-0581,USDCHF,5,2025-07-28 15:50:00,2025-07-28 17:30:00,807.97,8.08,0.09,0.80127,0.80023,0.80296,0.80124,BREAKEVEN,0.32,-0.27,-0.58,807.39,True
TR-USDCHF-2025-07-29T093000-0582,USDCHF,2,2025-07-29 09:30:00,2025-07-29 10:00:00,807.39,8.07,0.1,0.80451,0.80354,0.80603,0.80603,WIN,0.35,15.2,14.85,822.24,True
TR-USDCHF-2025-07-29T101000-0583,USDCHF,5,2025-07-29 10:10:00,2025-07-29 13:20:00,822.24,8.22,0.07,0.80602,0.80472,0.80825,0.80467,LOSS,0.25,-9.42,-9.66,812.58,True
TR-USDCHF-2025-07-29T150000-0584,USDCHF,5,2025-07-29 15:00:00,2025-07-30 03:40:00,812.58,8.13,0.05,0.80649,0.80466,0.80979,0.80461,LOSS,0.18,-9.4,-9.57,803.0,True
TR-USDCHF-2025-07-30T153000-0585,USDCHF,5,2025-07-30 15:30:00,2025-07-30 15:50:00,803.0,8.03,0.06,0.80733,0.80591,0.80976,0.80976,WIN,0.21,14.58,14.37,817.37,True
TR-USDCHF-2025-07-31T103000-0586,USDCHF,2,2025-07-31 10:30:00,2025-07-31 14:30:00,817.37,8.17,0.07,0.81248,0.81108,0.81484,0.81245,BREAKEVEN,0.25,-0.21,-0.45,816.92,True
TR-USDCHF-2025-07-31T155000-0587,USDCHF,2,2025-07-31 15:50:00,2025-07-31 17:50:00,816.92,8.17,0.07,0.81318,0.81191,0.81536,0.81186,LOSS,0.25,-9.24,-9.48,807.43,False
TR-USDCHF-2025-08-01T023000-0588,USDCHF,5,2025-08-01 02:30:00,2025-08-01 03:50:00,807.43,8.07,0.07,0.81278,0.81152,0.81483,0.81276,BREAKEVEN,0.25,-0.21,-0.45,806.98,True
TR-USDCHF-2025-08-01T102000-0589,USDCHF,2,2025-08-01 10:20:00,2025-08-01 11:10:00,806.98,8.07,0.09,0.81374,0.81274,0.81535,0.81535,WIN,0.32,14.49,14.17,821.15,True
TR-USDCHF-2025-08-04T153000-0590,USDCHF,2,2025-08-04 15:30:00,2025-08-04 16:40:00,821.15,8.21,0.08,0.8073,0.80833,0.80538,0.80732,BREAKEVEN,0.28,-0.24,-0.52,820.63,True
TR-USDCHF-2025-08-05T071000-0591,USDCHF,2,2025-08-05 07:10:00,2025-08-05 10:20:00,820.63,8.21,0.13,0.80946,0.80867,0.81062,0.80862,LOSS,0.46,-10.92,-11.37,809.26,True
TR-USDCHF-2025-08-05T105000-0592,USDCHF,5,2025-08-05 10:50:00,2025-08-05 11:40:00,809.26,8.09,0.09,0.80912,0.80807,0.81083,0.81083,WIN,0.32,15.39,15.07,824.33,True
TR-USDCHF-2025-08-07T045000-0593,USDCHF,5,2025-08-07 04:50:00,2025-08-07 11:20:00,824.33,8.24,0.1,0.80591,0.80681,0.80426,0.80594,BREAKEVEN,0.35,-0.3,-0.65,823.68,True
TR-USDCHF-2025-08-13T101000-0594,USDCHF,2,2025-08-13 10:10:00,2025-08-13 11:10:00,823.68,8.24,0.08,0.80548,0.80652,0.80355,0.80355,WIN,0.28,15.44,15.16,838.84,True
TR-USDCHF-2025-08-14T023000-0595,USDCHF,5,2025-08-14 02:30:00,2025-08-14 05:20:00,838.84,8.39,0.14,0.80487,0.80551,0.80374,0.80556,LOSS,0.49,-9.66,-10.15,828.69,True
TR-USDCHF-2025-08-14T153000-0596,USDCHF,5,2025-08-14 15:30:00,2025-08-14 15:40:00,828.69,8.29,0.14,0.80569,0.80493,0.8067,0.8067,WIN,0.49,14.14,13.65,842.34,True
TR-USDCHF-2025-08-14T155000-0597,USDCHF,2,2025-08-14 15:50:00,2025-08-14 17:10:00,842.34,8.42,0.08,0.80645,0.80527,0.80836,0.80836,WIN,0.28,15.28,15.0,857.34,True
TR-USDCHF-2025-08-15T020000-0598,USDCHF,2,2025-08-15 02:00:00,2025-08-15 04:50:00,857.34,8.57,0.24,0.80768,0.80717,0.80824,0.80712,LOSS,0.84,-13.56,-14.4,842.94,True
TR-USDCHF-2025-08-15T105000-0599,USDCHF,5,2025-08-15 10:50:00,2025-08-15 13:30:00,842.94,8.43,0.1,0.8058,0.80671,0.80415,0.80584,BREAKEVEN,0.35,-0.3,-0.65,842.29,True
TR-USDCHF-2025-08-15T154000-0600,USDCHF,2,2025-08-15 15:40:00,2025-08-15 23:40:00,842.29,8.42,0.07,0.8055,0.80681,0.80302,0.80686,LOSS,0.25,-9.55,-9.8,832.49,True
TR-USDCHF-2025-08-18T095000-0601,USDCHF,5,2025-08-18 09:50:00,2025-08-18 11:00:00,832.49,8.32,0.16,0.80612,0.80671,0.8051,0.80676,LOSS,0.56,-10.16,-10.72,821.77,True
TR-USDCHF-2025-08-18T154000-0602,USDCHF,2,2025-08-18 15:40:00,2025-08-18 17:10:00,821.77,8.22,0.09,0.80773,0.80665,0.80947,0.8066,LOSS,0.32,-10.17,-10.48,811.29,True
TR-USDCHF-2025-08-19T031000-0603,USDCHF,2,2025-08-19 03:10:00,2025-08-19 04:50:00,811.29,8.11,0.16,0.80762,0.80696,0.80852,0.80759,BREAKEVEN,0.56,-0.48,-1.04,810.25,True
TR-USDCHF-2025-08-20T031000-0604,USDCHF,2,2025-08-20 03:10:00,2025-08-20 12:40:00,810.25,8.1,0.1,0.80842,0.80745,0.8099,0.8074,LOSS,0.35,-10.15,-10.5,799.75,True
TR-USDCHF-2025-08-21T154000-0605,USDCHF,5,2025-08-21 15:40:00,2025-08-21 16:50:00,799.75,8.0,0.06,0.80575,0.80706,0.80328,0.80711,LOSS,0.21,-8.16,-8.37,791.38,True
TR-USDCHF-2025-08-22T045000-0606,USDCHF,5,2025-08-22 04:50:00,2025-08-22 10:10:00,791.38,7.91,0.13,0.80952,0.80873,0.81062,0.80949,BREAKEVEN,0.46,-0.39,-0.84,790.53,True
TR-USDCHF-2025-08-26T092000-0607,USDCHF,5,2025-08-26 09:20:00,2025-08-26 11:00:00,790.53,7.91,0.09,0.80584,0.80477,0.80756,0.80581,BREAKEVEN,0.32,-0.27,-0.58,789.95,True
TR-USDCHF-2025-08-27T103000-0608,USDCHF,2,2025-08-27 10:30:00,2025-08-27 15:30:00,789.95,7.9,0.09,0.80584,0.80478,0.80751,0.80581,BREAKEVEN,0.32,-0.27,-0.58,789.36,True
TR-USDCHF-2025-08-28T102000-0609,USDCHF,6,2025-08-28 10:20:00,2025-08-28 12:40:00,789.36,7.89,0.14,0.80162,0.80222,0.80057,0.80057,WIN,0.49,14.7,14.21,803.57,True
TR-USDCHF-2025-09-02T032000-0610,USDCHF,2,2025-09-02 03:20:00,2025-09-02 10:40:00,803.57,8.04,0.07,0.8008,0.79958,0.8028,0.8028,WIN,0.25,14.0,13.75,817.33,True
TR-USDCHF-2025-09-02T152000-0611,USDCHF,2,2025-09-02 15:20:00,2025-09-02 15:40:00,817.33,8.17,0.11,0.8045,0.80364,0.80588,0.80588,WIN,0.39,15.07,14.68,832.01,True
TR-USDCHF-2025-09-02T155000-0612,USDCHF,5,2025-09-02 15:50:00,2025-09-02 16:10:00,832.01,8.32,0.07,0.80565,0.80425,0.80803,0.8042,LOSS,0.25,-10.15,-10.39,821.62,True
TR-USDCHF-2025-09-03T031000-0613,USDCHF,2,2025-09-03 03:10:00,2025-09-03 09:40:00,821.62,8.22,0.14,0.80546,0.80471,0.80645,0.80466,LOSS,0.49,-11.2,-11.69,809.93,True
TR-USDCHF-2025-09-03T102000-0614,USDCHF,5,2025-09-03 10:20:00,2025-09-03 11:10:00,809.93,8.1,0.07,0.80576,0.80447,0.80799,0.80442,LOSS,0.25,-9.41,-9.66,800.27,True
TR-USDCHF-2025-09-03T154000-0615,USDCHF,2,2025-09-03 15:40:00,2025-09-03 16:10:00,800.27,8.0,0.2,0.80479,0.80426,0.80546,0.80546,WIN,0.7,13.4,12.7,812.97,True
TR-USDCHF-2025-09-04T105000-0616,USDCHF,5,2025-09-04 10:50:00,2025-09-04 12:00:00,812.97,8.13,0.13,0.80501,0.80427,0.80613,0.80422,LOSS,0.46,-10.27,-10.72,802.24,True
TR-USDCHF-2025-09-04T154000-0617,USDCHF,2,2025-09-04 15:40:00,2025-09-05 09:00:00,802.24,8.02,0.05,0.80566,0.80407,0.80848,0.80402,LOSS,0.18,-8.2,-8.37,793.87,True
TR-USDCHF-2025-09-05T101000-0618,USDCHF,6,2025-09-05 10:10:00,2025-09-05 12:20:00,793.87,7.94,0.12,0.80412,0.80483,0.80284,0.80284,WIN,0.42,15.36,14.94,808.81,True
TR-USDCHF-2025-09-05T151000-0619,USDCHF,5,2025-09-05 15:10:00,2025-09-05 15:30:00,808.81,8.09,0.08,0.80294,0.80404,0.80089,0.80089,WIN,0.28,16.4,16.12,824.93,True
TR-USDCHF-2025-09-05T154000-0620,USDCHF,2,2025-09-05 15:40:00,2025-09-05 18:10:00,824.93,8.25,0.04,0.80094,0.80305,0.79689,0.79689,WIN,0.14,16.24,16.1,841.03,True
TR-USDCHF-2025-09-08T082000-0621,USDCHF,5,2025-09-08 08:20:00,2025-09-08 10:40:00,841.03,8.41,0.13,0.79721,0.7979,0.79598,0.79598,WIN,0.46,15.99,15.53,856.56,True
TR-USDCHF-2025-09-08T150000-0622,USDCHF,6,2025-09-08 15:00:00,2025-09-08 16:10:00,856.56,8.57,0.18,0.79526,0.79579,0.79435,0.79435,WIN,0.63,16.38,15.75,872.31,True
TR-USDCHF-2025-09-09T032000-0623,USDCHF,5,2025-09-09 03:20:00,2025-09-09 10:40:00,872.31,8.72,0.14,0.7927,0.79338,0.79149,0.79273,BREAKEVEN,0.49,-0.42,-0.91,871.4,True
TR-USDCHF-2025-09-10T030000-0624,USDCHF,2,2025-09-10 03:00:00,2025-09-10 04:30:00,871.4,8.71,0.23,0.79754,0.797,0.79812,0.79812,WIN,0.81,13.34,12.53,883.94,False
TR-USDCHF-2025-09-10T100000-0625,USDCHF,2,2025-09-10 10:00:00,2025-09-10 15:30:00,883.94,8.84,0.08,0.79773,0.79646,0.79988,0.79641,LOSS,0.28,-10.56,-10.84,873.1,True
TR-USDCHF-2025-09-11T103000-0626,USDCHF,5,2025-09-11 10:30:00,2025-09-11 15:30:00,873.1,8.73,0.13,0.7995,0.79871,0.8007,0.79946,BREAKEVEN,0.46,-0.39,-0.84,872.25,True
TR-USDCHF-2025-09-12T100000-0627,USDCHF,5,2025-09-12 10:00:00,2025-09-12 11:20:00,872.25,8.72,0.1,0.79613,0.79703,0.79449,0.79708,LOSS,0.35,-9.45,-9.8,862.45,True
TR-USDCHF-2025-09-15T101000-0628,USDCHF,5,2025-09-15 10:10:00,2025-09-15 13:10:00,862.45,8.62,0.11,0.79666,0.79746,0.7952,0.7952,WIN,0.39,16.06,15.67,878.13,True
TR-USDCHF-2025-09-15T150000-0629,USDCHF,5,2025-09-15 15:00:00,2025-09-16 00:00:00,878.13,8.78,0.14,0.79493,0.79559,0.79376,0.79496,BREAKEVEN,0.49,-0.42,-0.91,877.22,True
TR-USDCHF-2025-09-18T151000-0630,USDCHF,2,2025-09-18 15:10:00,2025-09-18 15:30:00,877.22,8.77,0.21,0.78946,0.78893,0.79016,0.78943,BREAKEVEN,0.73,-0.63,-1.36,875.85,True
TR-USDCHF-2025-09-19T031000-0631,USDCHF,5,2025-09-19 03:10:00,2025-09-19 07:10:00,875.85,8.76,0.15,0.79281,0.79208,0.79388,0.79203,LOSS,0.53,-11.7,-12.23,863.63,True
TR-USDCHF-2025-09-19T090000-0632,USDCHF,5,2025-09-19 09:00:00,2025-09-19 10:00:00,863.63,8.64,0.15,0.79308,0.79236,0.79411,0.79411,WIN,0.53,15.45,14.92,878.55,True
TR-USDCHF-2025-09-19T101000-0633,USDCHF,2,2025-09-19 10:10:00,2025-09-19 16:50:00,878.55,8.79,0.06,0.79444,0.79276,0.7974,0.79442,BREAKEVEN,0.21,-0.18,-0.39,878.16,True
TR-USDCHF-2025-09-22T030000-0634,USDCHF,2,2025-09-22 03:00:00,2025-09-22 03:10:00,878.16,8.78,0.23,0.79625,0.79574,0.79686,0.79686,WIN,0.81,14.03,13.22,891.38,True
TR-USDCHF-2025-09-22T155000-0635,USDCHF,5,2025-09-22 15:50:00,2025-09-22 16:50:00,891.38,8.91,0.11,0.79327,0.79412,0.79172,0.79417,LOSS,0.39,-9.9,-10.28,881.1,True
TR-USDCHF-2025-09-23T044000-0636,USDCHF,5,2025-09-23 04:40:00,2025-09-23 06:10:00,881.1,8.81,0.1,0.79154,0.79245,0.78986,0.7925,LOSS,0.35,-9.65,-10.0,871.1,True
TR-USDCHF-2025-09-23T095000-0637,USDCHF,2,2025-09-23 09:50:00,2025-09-23 10:10:00,871.1,8.71,0.12,0.79228,0.79308,0.79084,0.79313,LOSS,0.42,-10.14,-10.56,860.54,True
TR-USDCHF-2025-09-23T155000-0638,USDCHF,2,2025-09-23 15:50:00,2025-09-23 16:50:00,860.54,8.61,0.11,0.79221,0.79304,0.7907,0.79309,LOSS,0.39,-9.68,-10.06,850.47,True
TR-USDCHF-2025-09-25T091000-0639,USDCHF,5,2025-09-25 09:10:00,2025-09-25 11:00:00,850.47,8.5,0.15,0.79532,0.79465,0.79631,0.79631,WIN,0.53,14.85,14.32,864.8,True
TR-USDCHF-2025-09-25T153000-0640,USDCHF,2,2025-09-25 15:30:00,2025-09-25 15:40:00,864.8,8.65,0.23,0.79608,0.79558,0.79672,0.79672,WIN,0.81,14.72,13.91,878.71,True
TR-USDCHF-2025-09-25T155000-0641,USDCHF,2,2025-09-25 15:50:00,2025-09-26 16:10:00,878.71,8.79,0.03,0.79822,0.79555,0.80317,0.79819,BREAKEVEN,0.1,-0.09,-0.19,878.52,True
TR-USDCHF-2025-09-29T101000-0642,USDCHF,5,2025-09-29 10:10:00,2025-09-29 11:50:00,878.52,8.79,0.12,0.79632,0.79711,0.79488,0.79634,BREAKEVEN,0.42,-0.36,-0.78,877.74,True
TR-USDCHF-2025-09-29T155000-0643,USDCHF,2,2025-09-29 15:50:00,2025-09-30 12:30:00,877.74,8.78,0.07,0.79728,0.79851,0.79497,0.79731,BREAKEVEN,0.25,-0.21,-0.45,877.28,True
TR-USDCHF-2025-09-30T152000-0644,USDCHF,1,2025-09-30 15:20:00,2025-09-30 16:30:00,877.28,8.77,0.09,0.79714,0.79814,0.79528,0.79819,LOSS,0.32,-9.49,-9.81,867.47,True
TR-USDCHF-2025-10-01T073000-0645,USDCHF,5,2025-10-01 07:30:00,2025-10-01 08:00:00,867.47,8.67,0.12,0.79556,0.79631,0.79422,0.79422,WIN,0.42,16.08,15.66,883.13,True
TR-USDCHF-2025-10-01T100000-0646,USDCHF,5,2025-10-01 10:00:00,2025-10-01 10:30:00,883.13,8.83,0.08,0.79362,0.7948,0.79141,0.79485,LOSS,0.28,-9.84,-10.12,873.01,True
TR-USDCHF-2025-10-01T151000-0647,USDCHF,2,2025-10-01 15:10:00,2025-10-01 15:20:00,873.01,8.73,0.09,0.79823,0.79714,0.79999,0.79709,LOSS,0.32,-10.26,-10.57,862.44,True
TR-USDCHF-2025-10-01T154000-0648,USDCHF,6,2025-10-01 15:40:00,2025-10-01 16:20:00,862.44,8.62,0.13,0.79639,0.7956,0.79758,0.79758,WIN,0.46,15.47,15.01,877.45,True
TR-USDCHF-2025-10-02T093000-0649,USDCHF,5,2025-10-02 09:30:00,2025-10-02 12:10:00,877.45,8.77,0.13,0.79674,0.79597,0.79794,0.79592,LOSS,0.46,-10.72,-11.18,866.27,True
TR-USDCHF-2025-10-02T151000-0650,USDCHF,2,2025-10-02 15:10:00,2025-10-02 15:30:00,866.27,8.66,0.16,0.79555,0.79615,0.7945,0.7962,LOSS,0.56,-10.4,-10.96,855.31,True
TR-USDCHF-2025-10-06T035000-0651,USDCHF,5,2025-10-06 03:50:00,2025-10-06 09:10:00,855.31,8.55,0.1,0.79665,0.79754,0.79502,0.79668,BREAKEVEN,0.35,-0.3,-0.65,854.66,True
TR-USDCHF-2025-10-06T105000-0652,USDCHF,2,2025-10-06 10:50:00,2025-10-06 17:00:00,854.66,8.55,0.06,0.79821,0.79661,0.80103,0.79656,LOSS,0.21,-9.93,-10.14,844.52,True
TR-USDCHF-2025-10-07T151000-0653,USDCHF,2,2025-10-07 15:10:00,2025-10-07 15:40:00,844.52,8.45,0.19,0.79864,0.79808,0.79938,0.79803,LOSS,0.67,-11.49,-12.16,832.36,True
TR-USDCHF-2025-10-08T032000-0654,USDCHF,5,2025-10-08 03:20:00,2025-10-08 05:20:00,832.36,8.32,0.09,0.79899,0.79798,0.80062,0.80062,WIN,0.32,14.67,14.35,846.72,True
TR-USDCHF-2025-10-08T092000-0655,USDCHF,5,2025-10-08 09:20:00,2025-10-08 13:30:00,846.72,8.47,0.1,0.80142,0.80042,0.80304,0.80037,LOSS,0.35,-10.45,-10.8,835.92,True
TR-USDCHF-2025-10-09T092000-0656,USDCHF,5,2025-10-09 09:20:00,2025-10-09 10:40:00,835.92,8.36,0.09,0.80143,0.80032,0.80323,0.80323,WIN,0.32,16.2,15.89,851.8,True
TR-USDCHF-2025-10-13T153000-0657,USDCHF,2,2025-10-13 15:30:00,2025-10-13 18:50:00,851.8,8.52,0.1,0.80441,0.80341,0.80599,0.80438,BREAKEVEN,0.35,-0.3,-0.65,851.15,True
TR-USDCHF-2025-10-14T031000-0658,USDCHF,2,2025-10-14 03:10:00,2025-10-14 06:50:00,851.15,8.51,0.12,0.80461,0.80375,0.80591,0.8037,LOSS,0.42,-10.92,-11.34,839.81,True
TR-USDCHF-2025-10-14T154000-0659,USDCHF,5,2025-10-14 15:40:00,2025-10-14 16:30:00,839.81,8.4,0.12,0.80427,0.80345,0.80549,0.8034,LOSS,0.42,-10.44,-10.86,828.95,True
TR-USDCHF-2025-10-16T032000-0660,USDCHF,2,2025-10-16 03:20:00,2025-10-16 04:20:00,828.95,8.29,0.13,0.79634,0.79703,0.79512,0.79512,WIN,0.46,15.86,15.41,844.36,True
TR-USDCHF-2025-10-17T102000-0661,USDCHF,2,2025-10-17 10:20:00,2025-10-17 11:10:00,844.36,8.44,0.06,0.7882,0.7896,0.78555,0.78965,LOSS,0.21,-8.7,-8.91,835.45,True
TR-USDCHF-2025-10-20T092000-0662,USDCHF,2,2025-10-20 09:20:00,2025-10-20 11:50:00,835.45,8.35,0.11,0.79332,0.79246,0.79469,0.79241,LOSS,0.39,-10.06,-10.45,825.0,True
TR-USDCHF-2025-10-21T152000-0663,USDCHF,2,2025-10-21 15:20:00,2025-10-21 17:00:00,825.0,8.25,0.08,0.79518,0.79405,0.79708,0.794,LOSS,0.28,-9.44,-9.72,815.28,True
TR-USDCHF-2025-10-22T101000-0664,USDCHF,2,2025-10-22 10:10:00,2025-10-22 18:00:00,815.28,8.15,0.09,0.79582,0.79479,0.79746,0.79579,BREAKEVEN,0.32,-0.27,-0.58,814.7,True
TR-USDCHF-2025-10-23T031000-0665,USDCHF,2,2025-10-23 03:10:00,2025-10-23 05:40:00,814.7,8.15,0.15,0.7964,0.79574,0.79736,0.79736,WIN,0.53,14.4,13.87,828.57,True
TR-USDCHF-2025-10-23T103000-0666,USDCHF,2,2025-10-23 10:30:00,2025-10-23 15:10:00,828.57,8.29,0.11,0.79774,0.79687,0.7991,0.79772,BREAKEVEN,0.39,-0.33,-0.71,827.86,True
TR-USDCHF-2025-10-24T101000-0667,USDCHF,2,2025-10-24 10:10:00,2025-10-24 12:40:00,827.86,8.28,0.13,0.79549,0.7962,0.79422,0.79625,LOSS,0.46,-9.88,-10.33,817.52,True
TR-USDCHF-2025-10-27T032000-0668,USDCHF,2,2025-10-27 03:20:00,2025-10-27 04:30:00,817.52,8.18,0.1,0.79498,0.79584,0.79342,0.79589,LOSS,0.35,-9.05,-9.4,808.12,True
TR-USDCHF-2025-10-27T100000-0669,USDCHF,5,2025-10-27 10:00:00,2025-10-27 11:50:00,808.12,8.08,0.11,0.79672,0.79586,0.79808,0.79581,LOSS,0.39,-10.01,-10.39,797.73,True
TR-USDCHF-2025-10-27T154000-0670,USDCHF,5,2025-10-27 15:40:00,2025-10-27 20:50:00,797.73,7.98,0.11,0.79626,0.79542,0.7975,0.79537,LOSS,0.39,-9.84,-10.23,787.5,True
TR-USDCHF-2025-10-28T103000-0671,USDCHF,5,2025-10-28 10:30:00,2025-10-28 14:10:00,787.5,7.87,0.1,0.79416,0.79499,0.79265,0.79504,LOSS,0.35,-8.8,-9.15,778.35,True
TR-USDCHF-2025-10-29T101000-0672,USDCHF,2,2025-10-29 10:10:00,2025-10-29 15:50:00,778.35,7.78,0.08,0.79574,0.79463,0.79762,0.79762,WIN,0.28,14.96,14.68,793.03,True
TR-USDCHF-2025-10-30T084000-0673,USDCHF,5,2025-10-30 08:40:00,2025-10-30 13:00:00,793.03,7.93,0.11,0.79881,0.79795,0.80005,0.80005,WIN,0.39,13.64,13.25,806.28,True
TR-USDCHF-2025-10-30T150000-0674,USDCHF,2,2025-10-30 15:00:00,2025-10-30 16:20:00,806.28,8.06,0.06,0.8025,0.80096,0.80513,0.80091,LOSS,0.21,-9.54,-9.75,796.53,True
TR-USDCHF-2025-10-31T085000-0675,USDCHF,2,2025-10-31 08:50:00,2025-10-31 11:10:00,796.53,7.97,0.1,0.8021,0.80122,0.80351,0.80207,BREAKEVEN,0.35,-0.3,-0.65,795.88,True
TR-USDCHF-2025-11-03T093000-0676,USDCHF,5,2025-11-03 09:30:00,2025-11-03 09:50:00,795.88,7.96,0.15,0.8043,0.80359,0.80519,0.80519,WIN,0.53,13.35,12.82,808.7,True
TR-USDCHF-2025-11-03T100000-0677,USDCHF,2,2025-11-03 10:00:00,2025-11-03 12:10:00,808.7,8.09,0.06,0.8053,0.80392,0.80767,0.80767,WIN,0.21,14.22,14.01,822.71,True
TR-USDCHF-2025-11-03T151000-0678,USDCHF,5,2025-11-03 15:10:00,2025-11-03 15:50:00,822.71,8.23,0.14,0.80734,0.80661,0.80842,0.80842,WIN,0.49,15.12,14.63,837.34,True
TR-USDCHF-2025-11-04T031000-0679,USDCHF,2,2025-11-04 03:10:00,2025-11-04 05:20:00,837.34,8.37,0.13,0.8095,0.80873,0.81065,0.80868,LOSS,0.46,-10.66,-11.11,826.23,True
TR-USDCHF-2025-11-05T152000-0680,USDCHF,2,2025-11-05 15:20:00,2025-11-05 17:00:00,826.23,8.26,0.1,0.81029,0.80937,0.81174,0.81174,WIN,0.35,14.5,14.15,840.38,True
TR-USDCHF-2025-11-06T150000-0681,USDCHF,5,2025-11-06 15:00:00,2025-11-06 16:40:00,840.38,8.4,0.12,0.80826,0.80902,0.80689,0.80829,BREAKEVEN,0.42,-0.36,-0.78,839.6,True
TR-USDCHF-2025-11-07T152000-0682,USDCHF,2,2025-11-07 15:20:00,2025-11-07 21:40:00,839.6,8.4,0.09,0.80517,0.80614,0.80338,0.8052,BREAKEVEN,0.32,-0.27,-0.58,839.01,True
TR-USDCHF-2025-11-10T093000-0683,USDCHF,5,2025-11-10 09:30:00,2025-11-11 03:00:00,839.01,8.39,0.07,0.80589,0.80713,0.80356,0.80592,BREAKEVEN,0.25,-0.21,-0.45,838.56,True
TR-USDCHF-2025-11-11T100000-0684,USDCHF,2,2025-11-11 10:00:00,2025-11-11 15:20:00,838.56,8.39,0.07,0.80366,0.80483,0.80147,0.80147,WIN,0.25,15.33,15.09,853.64,True
TR-USDCHF-2025-11-11T153000-0685,USDCHF,5,2025-11-11 15:30:00,2025-11-11 23:50:00,853.64,8.54,0.05,0.80057,0.80221,0.79745,0.8006,BREAKEVEN,0.18,-0.15,-0.32,853.32,True
TR-USDCHF-2025-11-12T102000-0686,USDCHF,5,2025-11-12 10:20:00,2025-11-12 17:20:00,853.32,8.53,0.1,0.79958,0.80047,0.79794,0.79794,WIN,0.35,16.4,16.05,869.37,True
TR-USDCHF-2025-11-13T094000-0687,USDCHF,5,2025-11-13 09:40:00,2025-11-13 11:00:00,869.37,8.69,0.07,0.79775,0.79907,0.79526,0.79526,WIN,0.25,17.43,17.18,886.55,True
TR-USDCHF-2025-11-14T030000-0688,USDCHF,2,2025-11-14 03:00:00,2025-11-14 09:00:00,886.55,8.87,0.14,0.79302,0.79369,0.79184,0.79184,WIN,0.49,16.52,16.03,902.59,True
TR-USDCHF-2025-11-14T091000-0689,USDCHF,2,2025-11-14 09:10:00,2025-11-14 11:10:00,902.59,9.03,0.13,0.79186,0.7926,0.79054,0.79189,BREAKEVEN,0.46,-0.39,-0.84,901.74,True
TR-USDCHF-2025-11-17T081000-0690,USDCHF,2,2025-11-17 08:10:00,2025-11-17 08:50:00,901.74,9.02,0.13,0.79522,0.7944,0.79644,0.79435,LOSS,0.46,-11.31,-11.76,889.98,True
TR-USDCHF-2025-11-17T103000-0691,USDCHF,2,2025-11-17 10:30:00,2025-11-17 15:30:00,889.98,8.9,0.09,0.79396,0.79284,0.79581,0.79581,WIN,0.32,16.65,16.34,906.31,False
TR-USDCHF-2025-11-17T154000-0692,USDCHF,2,2025-11-17 15:40:00,2025-11-17 17:20:00,906.31,9.06,0.13,0.79604,0.79521,0.79734,0.79516,LOSS,0.46,-11.44,-11.89,894.42,True
TR-USDCHF-2025-11-19T103000-0693,USDCHF,2,2025-11-19 10:30:00,2025-11-19 11:40:00,894.42,8.94,0.1,0.79959,0.79861,0.80119,0.80119,WIN,0.35,16.0,15.65,910.07,True
TR-USDCHF-2025-11-19T154000-0694,USDCHF,2,2025-11-19 15:40:00,2025-11-19 16:50:00,910.07,9.1,0.1,0.8016,0.80054,0.80327,0.80327,WIN,0.35,16.7,16.35,926.42,True
TR-USDCHF-2025-11-20T032000-0695,USDCHF,2,2025-11-20 03:20:00,2025-11-20 11:10:00,926.42,9.26,0.12,0.80578,0.80485,0.80722,0.80575,BREAKEVEN,0.42,-0.36,-0.78,925.64,True
TR-USDCHF-2025-11-21T081000-0696,USDCHF,5,2025-11-21 08:10:00,2025-11-21 11:00:00,925.64,9.26,0.13,0.80438,0.80512,0.80305,0.80517,LOSS,0.46,-10.27,-10.72,914.91,True
TR-USDCHF-2025-11-24T032000-0697,USDCHF,2,2025-11-24 03:20:00,2025-11-24 07:10:00,914.91,9.15,0.13,0.80896,0.80812,0.81022,0.80807,LOSS,0.46,-11.57,-12.02,902.89,True
TR-USDCHF-2025-11-24T100000-0698,USDCHF,2,2025-11-24 10:00:00,2025-11-24 10:20:00,902.89,9.03,0.07,0.80953,0.80819,0.81185,0.80814,LOSS,0.25,-9.73,-9.97,892.91,True
TR-USDCHF-2025-11-26T030000-0699,USDCHF,5,2025-11-26 03:00:00,2025-11-26 05:30:00,892.91,8.93,0.12,0.80738,0.8082,0.80589,0.80589,WIN,0.42,17.88,17.46,910.37,True
TR-USDCHF-2025-11-26T104000-0700,USDCHF,2,2025-11-26 10:40:00,2025-11-26 11:30:00,910.37,9.1,0.13,0.80576,0.80648,0.80446,0.80653,LOSS,0.46,-10.07,-10.53,899.84,True
TR-USDCHF-2025-11-27T155000-0701,USDCHF,2,2025-11-27 15:50:00,2025-11-28 02:50:00,899.84,9.0,0.13,0.80527,0.80599,0.80398,0.8053,BREAKEVEN,0.46,-0.39,-0.84,899.0,True
TR-USDCHF-2025-11-28T031000-0702,USDCHF,6,2025-11-28 03:10:00,2025-11-28 05:10:00,899.0,8.99,0.15,0.80498,0.80562,0.80385,0.80567,LOSS,0.53,-10.35,-10.87,888.12,True
TR-USDCHF-2025-12-01T031000-0703,USDCHF,2,2025-12-01 03:10:00,2025-12-01 04:10:00,888.12,8.88,0.1,0.80281,0.80372,0.80113,0.80377,LOSS,0.35,-9.65,-10.0,878.12,True
TR-USDCHF-2025-12-01T101000-0704,USDCHF,2,2025-12-01 10:10:00,2025-12-01 15:00:00,878.12,8.78,0.07,0.8028,0.8041,0.80035,0.80035,WIN,0.25,17.15,16.9,895.03,True
TR-USDCHF-2025-12-03T030000-0705,USDCHF,5,2025-12-03 03:00:00,2025-12-03 09:20:00,895.03,8.95,0.15,0.8022,0.80286,0.80102,0.80102,WIN,0.53,17.7,17.17,912.2,True
TR-USDCHF-2025-12-03T102000-0706,USDCHF,6,2025-12-03 10:20:00,2025-12-03 13:30:00,912.2,9.12,0.12,0.80194,0.80278,0.80043,0.80043,WIN,0.42,18.24,17.82,930.02,True
TR-USDCHF-2025-12-04T101000-0707,USDCHF,5,2025-12-04 10:10:00,2025-12-04 12:30:00,930.02,9.3,0.14,0.80065,0.80136,0.79938,0.80068,BREAKEVEN,0.49,-0.42,-0.91,929.11,True
TR-USDCHF-2025-12-05T101000-0708,USDCHF,5,2025-12-05 10:10:00,2025-12-05 18:10:00,929.11,9.29,0.09,0.80281,0.80162,0.80479,0.80479,WIN,0.32,17.82,17.5,946.61,True
TR-USDCHF-2025-12-08T102000-0709,USDCHF,2,2025-12-08 10:20:00,2025-12-08 13:50:00,946.61,9.47,0.12,0.80384,0.8029,0.80533,0.80533,WIN,0.42,17.88,17.46,964.07,True
TR-USDCHF-2025-12-08T154000-0710,USDCHF,2,2025-12-08 15:40:00,2025-12-08 17:10:00,964.07,9.64,0.13,0.80585,0.80502,0.80721,0.80721,WIN,0.46,17.68,17.22,981.3,True
TR-USDCHF-2025-12-09T100000-0711,USDCHF,2,2025-12-09 10:00:00,2025-12-09 10:30:00,981.3,9.81,0.18,0.80626,0.80559,0.80719,0.80554,LOSS,0.63,-12.87,-13.5,967.8,True
TR-USDCHF-2025-12-10T030000-0712,USDCHF,6,2025-12-10 03:00:00,2025-12-10 08:50:00,967.8,9.68,0.25,0.8062,0.80567,0.80681,0.80562,LOSS,0.88,-14.5,-15.38,952.42,True
TR-USDCHF-2025-12-10T101000-0713,USDCHF,5,2025-12-10 10:10:00,2025-12-10 16:10:00,952.42,9.52,0.1,0.80498,0.80603,0.80304,0.80304,WIN,0.35,19.4,19.05,971.47,True
TR-USDCHF-2025-12-11T031000-0714,USDCHF,5,2025-12-11 03:10:00,2025-12-11 08:20:00,971.47,9.71,0.13,0.79906,0.79986,0.79762,0.79991,LOSS,0.46,-10.98,-11.44,960.03,True
TR-USDCHF-2025-12-11T101000-0715,USDCHF,2,2025-12-11 10:10:00,2025-12-11 11:20:00,960.03,9.6,0.12,0.79947,0.80033,0.7979,0.7995,BREAKEVEN,0.42,-0.36,-0.78,959.25,True
TR-USDCHF-2025-12-11T153000-0716,USDCHF,5,2025-12-11 15:30:00,2025-12-11 16:30:00,959.25,9.59,0.11,0.79616,0.79708,0.79448,0.79448,WIN,0.39,18.48,18.1,977.35,True
TR-USDCHF-2025-12-12T090000-0717,USDCHF,5,2025-12-12 09:00:00,2025-12-12 14:10:00,977.35,9.77,0.16,0.79488,0.79554,0.7937,0.79559,LOSS,0.56,-11.44,-12.0,965.35,True
TR-USDCHF-2025-12-15T100000-0718,USDCHF,2,2025-12-15 10:00:00,2025-12-15 14:10:00,965.35,9.65,0.14,0.79652,0.79569,0.79782,0.79564,LOSS,0.49,-12.32,-12.81,952.54,True
TR-USDCHF-2025-12-16T104000-0719,USDCHF,2,2025-12-16 10:40:00,2025-12-16 11:40:00,952.54,9.53,0.14,0.79672,0.79591,0.79803,0.79586,LOSS,0.49,-11.97,-12.46,940.08,True
TR-USDCHF-2025-12-16T150000-0720,USDCHF,2,2025-12-16 15:00:00,2025-12-16 15:50:00,940.08,9.4,0.09,0.79435,0.79539,0.79242,0.79544,LOSS,0.32,-9.81,-10.12,929.95,True
TR-USDCHF-2025-12-18T151000-0721,USDCHF,2,2025-12-18 15:10:00,2025-12-18 15:30:00,929.95,9.3,0.1,0.79504,0.79601,0.79326,0.79326,WIN,0.35,17.8,17.45,947.4,True
TR-USDCHF-2025-12-18T155000-0722,USDCHF,2,2025-12-18 15:50:00,2025-12-18 17:20:00,947.4,9.47,0.1,0.79384,0.79484,0.79199,0.79489,LOSS,0.35,-10.5,-10.85,936.55,True
TR-USDCHF-2025-12-19T030000-0723,USDCHF,6,2025-12-19 03:00:00,2025-12-19 04:50:00,936.55,9.37,0.19,0.79432,0.79487,0.79337,0.79492,LOSS,0.67,-11.4,-12.06,924.49,True
TR-USDCHF-2025-12-19T095000-0724,USDCHF,5,2025-12-19 09:50:00,2025-12-19 16:10:00,924.49,9.24,0.14,0.79547,0.79468,0.79669,0.79463,LOSS,0.49,-11.76,-12.25,912.24,True
TR-USDCHF-2025-12-22T100000-0725,USDCHF,2,2025-12-22 10:00:00,2025-12-22 13:30:00,912.24,9.12,0.13,0.79453,0.79526,0.79322,0.79322,WIN,0.46,17.03,16.57,928.81,True
TR-USDCHF-2025-12-22T150000-0726,USDCHF,5,2025-12-22 15:00:00,2025-12-22 19:40:00,928.81,9.29,0.13,0.79334,0.79409,0.79199,0.79199,WIN,0.46,17.55,17.09,945.91,True
TR-USDCHF-2025-12-23T034000-0727,USDCHF,5,2025-12-23 03:40:00,2025-12-23 05:10:00,945.91,9.46,0.16,0.79072,0.79135,0.78959,0.78959,WIN,0.56,17.92,17.36,963.27,True
TR-USDCHF-2025-12-23T100000-0728,USDCHF,5,2025-12-23 10:00:00,2025-12-23 10:30:00,963.27,9.63,0.17,0.79031,0.79093,0.78922,0.78922,WIN,0.6,18.53,17.93,981.2,True
TR-USDCHF-2025-12-25T030000-0729,USDCHF,2,2025-12-25 03:00:00,2025-12-25 03:10:00,981.2,9.81,0.16,0.78716,0.78784,0.78596,0.78789,LOSS,0.56,-11.6,-12.16,969.04,True
